trade_date,maturity,days,strike,forward,moneyness,option_type,iv,volume
20260930,2610,28,2.7,2.9342635472022414,0.9201627449498848,put,17.513384095018516,4441.0
20260930,2610,28,2.75,2.9342635472022414,0.9372027957822899,put,16.093688506779575,11964.0
20260930,2610,28,3.5,2.9342635472022414,1.1928035582683691,call,28.07109248231725,1096.0
20260930,2610,28,3.4,2.9342635472022414,1.1587234566035585,call,24.075262451258062,1179.0
20260930,2610,28,3.3,2.9342635472022414,1.124643354938748,call,20.64093542622625,3062.0
20260930,2610,28,3.2,2.9342635472022414,1.0905632532739375,call,17.234085800519196,6318.0
20260930,2610,28,3.1,2.9342635472022414,1.0564831516091269,call,14.063990715083625,33916.0
20260930,2610,28,3.0,2.9342635472022414,1.0224030499443164,call,12.426663623226464,64181.0
20260930,2610,28,2.95,2.9342635472022414,1.005362999111911,call,12.129805714469773,63478.0
20260930,2610,28,2.9,2.9342635472022414,0.9883229482795057,call,12.499076827965851,42527.0
20260930,2610,28,2.85,2.9342635472022414,0.9712828974471005,put,13.392546607292715,29881.0
20260930,2610,28,2.8,2.9342635472022414,0.9542428466146952,put,14.434805303447037,15144.0
20260930,2611,56,2.7,2.921935494033363,0.9240450398420641,put,15.91061715267099,2385.0
20260930,2611,56,2.75,2.921935494033363,0.9411569850243244,put,15.270625804212735,3297.0
20260930,2611,56,3.4,2.921935494033363,1.1636122723937101,call,20.27783899861383,1204.0
20260930,2611,56,3.3,2.921935494033363,1.1293883820291892,call,17.67669173691718,1330.0
20260930,2611,56,3.2,2.921935494033363,1.0951644916646686,call,15.658330307289123,3718.0
20260930,2611,56,3.1,2.921935494033363,1.0609406013001477,call,13.9767316467347,4888.0
20260930,2611,56,3.0,2.921935494033363,1.0267167109356268,call,13.644941013343075,4518.0
20260930,2611,56,2.95,2.921935494033363,1.0096047657533662,call,13.495971262952164,5521.0
20260930,2611,56,2.9,2.921935494033363,0.9924928205711058,put,13.754091841796615,4464.0
20260930,2611,56,2.85,2.921935494033363,0.9753808753888454,put,13.915512852453318,3351.0
20260930,2611,56,2.8,2.921935494033363,0.9582689302065849,put,14.469411347519504,4048.0
20260930,2612,84,2.7,2.9082645259794973,0.9283887266378034,put,16.555316132818596,8830.0
20260930,2612,84,2.75,2.9082645259794973,0.9455811104644293,put,15.673705163526531,2739.0
20260930,2612,84,3.4,2.9082645259794973,1.1690821002105671,call,20.11519501885431,2645.0
20260930,2612,84,3.3,2.9082645259794973,1.134697332557315,call,18.116615024671532,2925.0
20260930,2612,84,3.2,2.9082645259794973,1.1003125649040633,call,16.373640481062964,3647.0
20260930,2612,84,3.1,2.9082645259794973,1.0659277972508112,call,15.44277224155462,3388.0
20260930,2612,84,3.0,2.9082645259794973,1.0315430295975592,call,15.073555187503837,3051.0
20260930,2612,84,2.95,2.9082645259794973,1.0143506457709333,put,14.859348656059861,1340.0
20260930,2612,84,2.9,2.9082645259794973,0.9971582619443072,put,15.139489757127667,985.0
20260930,2612,84,2.85,2.9082645259794973,0.9799658781176813,put,15.280667747517374,1043.0
20260930,2612,84,2.8,2.9082645259794973,0.9627734942910552,put,15.509501402671756,1788.0
20260930,2703,175,2.7,2.8904489893055163,0.9341109322426496,put,15.924643734991337,400.0
20260930,2703,175,2.75,2.8904489893055163,0.9514092828397357,put,15.778899504048407,645.0
20260930,2703,175,2.8,2.8904489893055163,0.9687076334368216,put,15.774238087758144,306.0
20260930,2703,175,3.4,2.8904489893055163,1.1762878406018549,call,17.537706882597035,436.0
20260930,2703,175,3.3,2.8904489893055163,1.1416911394076827,call,16.775336778385054,154.0
20260930,2703,175,3.2,2.8904489893055163,1.1070944382135106,call,16.346839408089057,281.0
20260930,2703,175,3.1,2.8904489893055163,1.0724977370193385,call,15.80073997568891,241.0
20260930,2703,175,3.0,2.8904489893055163,1.0379010358251661,call,15.537163528501235,402.0
20260930,2703,175,2.95,2.8904489893055163,1.02060268522808,call,15.56584950769031,136.0
20260930,2703,175,2.9,2.8904489893055163,1.003304334630994,put,15.385271502019886,202.0
20260930,2703,175,2.85,2.8904489893055163,0.9860059840339079,put,15.71509417119879,407.0
