maturity,days,strike,forward,moneyness,option_type,iv,volume,call_iv,put_iv,call_volume,put_volume
2611,27,16000,14865.35456612113,1.0763281783042553,call,39.17427908587367,41273.0,39.17427908587367,38.482814568259144,41273.0,689.0
2611,27,15600,14865.35456612113,1.049419973846649,call,38.34183619634553,223.0,38.34183619634553,38.32236801003904,223.0,192.0
2611,27,15500,14865.35456612113,1.0426929227322475,call,37.656538769359344,8132.0,37.656538769359344,39.307632403089585,8132.0,421.0
2611,27,15400,14865.35456612113,1.0359658716178457,call,37.66437806528932,199.0,37.66437806528932,37.06994574270064,199.0,72.0
2611,27,15300,14865.35456612113,1.0292388205034442,call,37.74634588087843,311.0,37.74634588087843,37.086376587614104,311.0,93.0
2611,27,15200,14865.35456612113,1.0225117693890426,call,37.26546926958019,315.0,37.26546926958019,36.94866705183048,315.0,88.0
2611,27,15100,14865.35456612113,1.015784718274641,call,36.88895367739533,152.0,36.88895367739533,36.906948924258394,152.0,117.0
2611,27,15000,14865.35456612113,1.0090576671602394,put,38.290974584973284,25159.0,36.48198068113094,38.290974584973284,14762.0,25159.0
2611,27,14900,14865.35456612113,1.0023306160458378,put,38.0202143819392,491.0,36.90679850810286,38.0202143819392,191.0,491.0
2611,27,14800,14865.35456612113,0.9956035649314362,put,37.36930663605133,418.0,36.82441518663461,37.36930663605133,195.0,418.0
2611,27,14700,14865.35456612113,0.9888765138170346,put,37.581891183684846,224.0,,37.581891183684846,0.0,224.0
2611,27,14600,14865.35456612113,0.982149462702633,put,37.8854245762989,740.0,,37.8854245762989,0.0,740.0
2611,27,14500,14865.35456612113,0.9754224115882314,put,36.79515157913082,9547.0,,36.79515157913082,0.0,9547.0
2611,27,14400,14865.35456612113,0.9686953604738298,put,37.870866899462705,480.0,,37.870866899462705,0.0,480.0
2611,27,14300,14865.35456612113,0.9619683093594282,put,37.801471976876165,570.0,,37.801471976876165,0.0,570.0
2611,27,14200,14865.35456612113,0.9552412582450266,put,39.577515938033194,398.0,,39.577515938033194,0.0,398.0
2611,27,14100,14865.35456612113,0.9485142071306251,put,37.564257628479155,520.0,,37.564257628479155,0.0,520.0
2611,27,14000,14865.35456612113,0.9417871560162234,put,38.38070742547522,48548.0,,38.38070742547522,0.0,48548.0
2611,27,13900,14865.35456612113,0.9350601049018218,put,38.011236726096676,682.0,,38.011236726096676,0.0,682.0
2611,27,13800,14865.35456612113,0.9283330537874203,put,38.66085853829789,1354.0,,38.66085853829789,0.0,1354.0
2611,27,13500,14865.35456612113,0.9081519004442155,put,39.17413062530355,247.0,,39.17413062530355,0.0,247.0
2611,27,13300,14865.35456612113,0.8946977982154123,put,42.03628339317651,83.0,,42.03628339317651,0.0,83.0
2611,27,13100,14865.35456612113,0.881243695986609,put,41.739072716815194,60.0,,41.739072716815194,0.0,60.0
2611,27,13000,14865.35456612113,0.8745166448722075,put,41.7059170114144,24144.0,,41.7059170114144,0.0,24144.0
2611,27,12700,14865.35456612113,0.8543354915290027,put,42.904908016758824,57.0,,42.904908016758824,0.0,57.0
2611,27,17500,14865.35456612113,1.1772339450202793,call,44.58442700276141,998.0,44.58442700276141,,998.0,0.0
2611,27,17000,14865.35456612113,1.1435986894482713,call,42.69074805278187,18750.0,42.69074805278187,,18750.0,0.0
2611,27,16900,14865.35456612113,1.1368716383338697,call,42.07111844461757,89.0,42.07111844461757,,89.0,0.0
2611,27,16600,14865.35456612113,1.116690484990665,call,40.96234550840447,391.0,40.96234550840447,,391.0,0.0
2611,27,16500,14865.35456612113,1.1099634338762634,call,40.698145569227464,2740.0,40.698145569227464,,2740.0,0.0
2611,27,16400,14865.35456612113,1.1032363827618616,call,40.51656032952434,479.0,40.51656032952434,,479.0,0.0
2611,27,16300,14865.35456612113,1.0965093316474601,call,40.01928622147116,397.0,40.01928622147116,,397.0,0.0
2611,27,16200,14865.35456612113,1.0897822805330586,call,39.88802567589877,312.0,39.88802567589877,,312.0,0.0
2611,27,16100,14865.35456612113,1.0830552294186568,call,39.20920145567261,444.0,39.20920145567261,,444.0,0.0
2611,27,15900,14865.35456612113,1.0696011271898538,call,38.60636740435987,308.0,38.60636740435987,,308.0,0.0
2611,27,15800,14865.35456612113,1.0628740760754523,call,39.33157798205739,188.0,39.33157798205739,,188.0,0.0
2611,27,15700,14865.35456612113,1.0561470249610505,call,38.114184688802496,247.0,38.114184688802496,,247.0,0.0
2612,58,15600,14889.164094163074,1.0477418276366228,call,38.77351560680358,119.0,38.77351560680358,39.163928293076765,119.0,77.0
2612,58,15500,14889.164094163074,1.0410255338697214,call,38.88705208830988,163.0,38.88705208830988,38.351673467176504,163.0,86.0
2612,58,15300,14889.164094163074,1.0275929463359186,call,38.52505586537407,591.0,38.52505586537407,38.98493469772116,591.0,58.0
2612,58,15100,14889.164094163074,1.0141603588021155,call,38.824363045959466,81.0,38.824363045959466,38.82436304595947,81.0,63.0
2612,58,15000,14889.164094163074,1.007444065035214,call,38.14609284346721,2135.0,38.14609284346721,38.9776448928297,2135.0,779.0
2612,58,14900,14889.164094163074,1.0007277712683127,put,37.65657786075462,190.0,38.625479618521894,37.65657786075462,82.0,190.0
2612,58,14800,14889.164094163074,0.9940114775014114,put,37.830937832022535,167.0,38.35124046104522,37.830937832022535,130.0,167.0
2612,58,14700,14889.164094163074,0.9872951837345099,put,38.72524467855447,75.0,,38.72524467855447,0.0,75.0
2612,58,14600,14889.164094163074,0.9805788899676084,put,38.38753956521601,448.0,,38.38753956521601,0.0,448.0
2612,58,14500,14889.164094163074,0.973862596200707,put,38.68762478784787,223.0,,38.68762478784787,0.0,223.0
2612,58,14400,14889.164094163074,0.9671463024338056,put,38.51770714484082,212.0,,38.51770714484082,0.0,212.0
2612,58,14300,14889.164094163074,0.9604300086669042,put,38.48787191333379,198.0,,38.48787191333379,0.0,198.0
2612,58,14200,14889.164094163074,0.9537137149000028,put,38.53566907930121,275.0,,38.53566907930121,0.0,275.0
2612,58,14100,14889.164094163074,0.9469974211331014,put,38.57247352320534,266.0,,38.57247352320534,0.0,266.0
2612,58,14000,14889.164094163074,0.9402811273662,put,38.76449384579882,3881.0,37.9255564686394,38.76449384579882,52.0,3881.0
2612,58,13900,14889.164094163074,0.9335648335992985,put,38.63733282164599,320.0,,38.63733282164599,0.0,320.0
2612,58,13800,14889.164094163074,0.926848539832397,put,38.66672190252523,672.0,,38.66672190252523,0.0,672.0
2612,58,13500,14889.164094163074,0.9066996585316928,put,39.02840060964466,138.0,,39.02840060964466,0.0,138.0
2612,58,13300,14889.164094163074,0.8932670709978899,put,41.57367824473804,54.0,,41.57367824473804,0.0,54.0
2612,58,13000,14889.164094163074,0.8731181896971857,put,39.76318091759467,3193.0,42.88531253499252,39.76318091759467,160.0,3193.0
2612,58,17000,14889.164094163074,1.1417699403732429,call,40.46504870677889,4981.0,40.46504870677889,,4981.0,0.0
2612,58,16600,14889.164094163074,1.114904765305637,call,40.68344293112885,231.0,40.68344293112885,,231.0,0.0
2612,58,16500,14889.164094163074,1.1081884715387356,call,40.25869278345089,338.0,40.25869278345089,,338.0,0.0
2612,58,16400,14889.164094163074,1.1014721777718341,call,40.37732535179606,240.0,40.37732535179606,,240.0,0.0
2612,58,16300,14889.164094163074,1.0947558840049327,call,40.14851020068143,143.0,40.14851020068143,,143.0,0.0
2612,58,16200,14889.164094163074,1.0880395902380313,call,40.0807415243803,152.0,40.0807415243803,,152.0,0.0
2612,58,16100,14889.164094163074,1.08132329647113,call,39.67929604197887,143.0,39.67929604197887,,143.0,0.0
2612,58,16000,14889.164094163074,1.0746070027042285,call,39.48011866693976,2605.0,39.48011866693976,,2605.0,0.0
2612,58,15900,14889.164094163074,1.067890708937327,call,39.49476662990713,93.0,39.49476662990713,,93.0,0.0
2612,58,15800,14889.164094163074,1.0611744151704257,call,39.380278449466445,113.0,39.380278449466445,,113.0,0.0
2612,58,15700,14889.164094163074,1.0544581214035242,call,39.336756354780405,136.0,39.336756354780405,,136.0,0.0
2612,58,15400,14889.164094163074,1.03430924010282,call,39.445637995783585,197.0,39.445637995783585,,197.0,0.0
2612,58,15200,14889.164094163074,1.0208766525690172,call,39.17741645354012,158.0,39.17741645354012,,158.0,0.0
