trade_date,maturity,days,strike,forward,moneyness,option_type,iv,volume,call_iv,put_iv,call_volume,put_volume
20261008,2611,18,920,892.375820714462,1.0309557684602226,call,20.57215496170229,776.0,20.57215496170229,20.243406826372777,776.0,123.0
20261008,2611,18,912,892.375820714462,1.0219909356910033,call,20.167274289924965,671.0,20.167274289924965,20.16727428992471,671.0,102.0
20261008,2611,18,904,892.375820714462,1.013026102921784,put,20.30370123066429,2052.0,20.29039793397844,20.30370123066429,2026.0,2052.0
20261008,2611,18,896,892.375820714462,1.0040612701525646,call,20.204473327195043,542.0,20.204473327195043,20.077896293306434,542.0,498.0
20261008,2611,18,888,892.375820714462,0.9950964373833453,put,20.55784725500188,537.0,20.493433975207722,20.55784725500188,144.0,537.0
20261008,2611,18,880,892.375820714462,0.986131604614126,put,20.73605944591921,2839.0,,20.73605944591921,0.0,2839.0
20261008,2611,18,872,892.375820714462,0.9771667718449067,put,20.730739522092158,236.0,,20.730739522092158,0.0,236.0
20261008,2611,18,864,892.375820714462,0.9682019390756874,put,21.49987613104651,660.0,,21.49987613104651,0.0,660.0
20261008,2611,18,856,892.375820714462,0.9592371063064681,put,22.01185106700549,761.0,,22.01185106700549,0.0,761.0
20261008,2611,18,848,892.375820714462,0.9502722735372487,put,22.37940268199404,195.0,,22.37940268199404,0.0,195.0
20261008,2611,18,840,892.375820714462,0.9413074407680294,put,22.845093432208934,1001.0,,22.845093432208934,0.0,1001.0
20261008,2611,18,832,892.375820714462,0.9323426079988101,put,23.923596061110512,312.0,,23.923596061110512,0.0,312.0
20261008,2611,18,824,892.375820714462,0.9233777752295907,put,25.256912784015356,165.0,,25.256912784015356,0.0,165.0
20261008,2611,18,816,892.375820714462,0.9144129424603714,put,25.42909402521543,127.0,,25.42909402521543,0.0,127.0
20261008,2611,18,808,892.375820714462,0.9054481096911521,put,26.389347628045794,101.0,,26.389347628045794,0.0,101.0
20261008,2611,18,800,892.375820714462,0.8964832769219327,put,27.79134723960177,2651.0,,27.79134723960177,0.0,2651.0
20261008,2611,18,792,892.375820714462,0.8875184441527134,put,28.580032114571356,103.0,,28.580032114571356,0.0,103.0
20261008,2611,18,992,892.375820714462,1.1116392633831966,call,26.04994906135744,221.0,26.04994906135744,,221.0,0.0
20261008,2611,18,984,892.375820714462,1.1026744306139773,call,25.121066301403356,294.0,25.121066301403356,,294.0,0.0
20261008,2611,18,976,892.375820714462,1.093709597844758,call,24.61496831896438,554.0,24.61496831896438,,554.0,0.0
20261008,2611,18,968,892.375820714462,1.0847447650755386,call,23.58229809181296,194.0,23.58229809181296,,194.0,0.0
20261008,2611,18,960,892.375820714462,1.0757799323063193,call,23.070416461482186,4261.0,23.070416461482186,,4261.0,0.0
20261008,2611,18,952,892.375820714462,1.0668150995371,call,21.983769159869997,1080.0,21.983769159869997,,1080.0,0.0
20261008,2611,18,944,892.375820714462,1.0578502667678806,call,21.57772819338204,1590.0,21.57772819338204,,1590.0,0.0
20261008,2611,18,936,892.375820714462,1.0488854339986613,call,21.268729061513312,804.0,21.268729061513312,,804.0,0.0
20261008,2611,18,928,892.375820714462,1.039920601229442,call,20.875892871050205,510.0,20.875892871050205,,510.0,0.0
20261008,2611,18,1056,892.375820714462,1.1833579255369513,call,33.286077272421736,56.0,33.286077272421736,,56.0,0.0
20261008,2611,18,1040,892.375820714462,1.1654282599985126,call,31.999582143192836,140.0,31.999582143192836,,140.0,0.0
20261008,2611,18,1032,892.375820714462,1.1564634272292933,call,30.62739995283623,61.0,30.62739995283623,,61.0,0.0
20261008,2611,18,1016,892.375820714462,1.1385337616908546,call,28.43761317886203,192.0,28.43761317886203,,192.0,0.0
20261008,2611,18,1008,892.375820714462,1.1295689289216353,call,28.02469683548902,245.0,28.02469683548902,,245.0,0.0
20261008,2611,18,1000,892.375820714462,1.120604096152416,call,28.167929775105392,5362.0,28.167929775105392,,5362.0,0.0
20261008,2612,49,928,893.8861130297004,1.03816357192828,call,21.493720210240447,227.0,21.493720210240447,21.426480236415582,227.0,68.0
20261008,2612,49,912,893.8861130297004,1.020264199998482,call,21.201949490700052,159.0,21.201949490700052,21.898808355131436,159.0,72.0
20261008,2612,49,904,893.8861130297004,1.011314514033583,call,21.102000194142615,501.0,21.102000194142615,21.04021337882826,501.0,161.0
20261008,2612,49,896,893.8861130297004,1.002364828068684,call,21.344181825836568,381.0,21.344181825836568,21.1546498585794,381.0,163.0
20261008,2612,49,888,893.8861130297004,0.9934151421037852,put,21.079610257014185,284.0,,21.079610257014185,0.0,284.0
20261008,2612,49,880,893.8861130297004,0.9844654561388863,put,21.373702511071844,400.0,21.310810898150237,21.373702511071844,73.0,400.0
20261008,2612,49,872,893.8861130297004,0.9755157701739873,put,21.61567532130741,206.0,,21.61567532130741,0.0,206.0
20261008,2612,49,864,893.8861130297004,0.9665660842090883,put,21.59144083868486,284.0,,21.59144083868486,0.0,284.0
20261008,2612,49,856,893.8861130297004,0.9576163982441893,put,21.906162879013063,172.0,,21.906162879013063,0.0,172.0
20261008,2612,49,848,893.8861130297004,0.9486667122792903,put,22.219362175848133,172.0,,22.219362175848133,0.0,172.0
20261008,2612,49,840,893.8861130297004,0.9397170263143915,put,22.74548200758947,945.0,21.89268221480819,22.74548200758947,325.0,945.0
20261008,2612,49,832,893.8861130297004,0.9307673403494925,put,22.906530076805957,94.0,,22.906530076805957,0.0,94.0
20261008,2612,49,824,893.8861130297004,0.9218176543845935,put,23.827995320654416,196.0,,23.827995320654416,0.0,196.0
20261008,2612,49,816,893.8861130297004,0.9128679684196945,put,23.93301847601053,228.0,,23.93301847601053,0.0,228.0
20261008,2612,49,808,893.8861130297004,0.9039182824547956,put,24.41109690642658,141.0,,24.41109690642658,0.0,141.0
20261008,2612,49,800,893.8861130297004,0.8949685964898966,put,25.054893744016105,1134.0,,25.054893744016105,0.0,1134.0
20261008,2612,49,792,893.8861130297004,0.8860189105249976,put,25.574365631191203,156.0,,25.574365631191203,0.0,156.0
20261008,2612,49,992,893.8861130297004,1.1097610596474718,call,24.062156078371345,427.0,24.062156078371345,,427.0,0.0
20261008,2612,49,984,893.8861130297004,1.1008113736825729,call,23.727475954992897,197.0,23.727475954992897,,197.0,0.0
20261008,2612,49,976,893.8861130297004,1.091861687717674,call,23.18146295402293,183.0,23.18146295402293,,183.0,0.0
20261008,2612,49,968,893.8861130297004,1.082912001752775,call,22.984675922414947,170.0,22.984675922414947,,170.0,0.0
20261008,2612,49,960,893.8861130297004,1.073962315787876,call,22.634890289219395,2003.0,22.634890289219395,,2003.0,0.0
20261008,2612,49,952,893.8861130297004,1.065012629822977,call,22.1815451870842,269.0,22.1815451870842,,269.0,0.0
20261008,2612,49,944,893.8861130297004,1.056062943858078,call,21.848028178253916,167.0,21.848028178253916,,167.0,0.0
20261008,2612,49,936,893.8861130297004,1.047113257893179,call,21.715278115057032,227.0,21.715278115057032,,227.0,0.0
20261008,2612,49,920,893.8861130297004,1.029213885963381,call,21.287974808243863,1242.0,21.287974808243863,,1242.0,0.0
20261008,2612,49,1072,893.8861130297004,1.1992579192964614,call,28.915306809514483,80.0,28.915306809514483,,80.0,0.0
20261008,2612,49,1064,893.8861130297004,1.1903082333315624,call,28.66247437901352,145.0,28.66247437901352,,145.0,0.0
20261008,2612,49,1056,893.8861130297004,1.1813585473666635,call,28.167216451477632,198.0,28.167216451477632,,198.0,0.0
20261008,2612,49,1040,893.8861130297004,1.1634591754368655,call,26.869902570493426,241.0,26.869902570493426,,241.0,0.0
20261008,2612,49,1032,893.8861130297004,1.1545094894719665,call,26.436182635556303,56.0,26.436182635556303,,56.0,0.0
20261008,2612,49,1024,893.8861130297004,1.1455598035070675,call,25.681007646736674,76.0,25.681007646736674,,76.0,0.0
20261008,2612,49,1016,893.8861130297004,1.1366101175421686,call,25.447645533758102,450.0,25.447645533758102,,450.0,0.0
20261008,2612,49,1008,893.8861130297004,1.1276604315772698,call,24.921246662568688,441.0,24.921246662568688,,441.0,0.0
20261008,2612,49,1000,893.8861130297004,1.1187107456123708,call,24.690487292454424,4378.0,24.690487292454424,,4378.0,0.0
