maturity,days,strike,forward,moneyness,option_type,iv,volume
2610,22,8700.0,7284.329261634476,1.194344693590618,call,30.98850622385838,738.0
2610,22,8600.0,7284.329261634476,1.180616593664289,call,29.604864363787076,767.0
2610,22,8500.0,7284.329261634476,1.16688849373796,call,28.438799212347227,1296.0
2610,22,8400.0,7284.329261634476,1.153160393811631,call,27.112382908596107,2198.0
2610,22,8300.0,7284.329261634476,1.139432293885302,call,26.07799233151126,3052.0
2610,22,8200.0,7284.329261634476,1.1257041939589731,call,25.126640873041612,5658.0
2610,22,8100.0,7284.329261634476,1.1119760940326442,call,24.376672687575713,5390.0
2610,22,8000.0,7284.329261634476,1.0982479941063152,call,23.577234193200493,18102.0
2610,22,7900.0,7284.329261634476,1.0845198941799863,call,22.51725891969457,10523.0
2610,22,7800.0,7284.329261634476,1.0707917942536573,call,22.040361144366177,18634.0
2610,22,7700.0,7284.329261634476,1.0570636943273284,call,21.407877683946197,14672.0
2610,22,7600.0,7284.329261634476,1.0433355944009994,call,21.190474724248666,25912.0
2610,22,7500.0,7284.329261634476,1.0296074944746705,call,21.16270180407876,24362.0
2610,22,7400.0,7284.329261634476,1.0158793945483415,call,21.40758987604448,19402.0
2610,22,7300.0,7284.329261634476,1.0021512946220126,put,21.547919330869856,24070.0
2610,22,7200.0,7284.329261634476,0.9884231946956837,put,22.361066793454675,19855.0
2610,22,7100.0,7284.329261634476,0.9746950947693548,put,23.109759040507015,14134.0
2610,22,7000.0,7284.329261634476,0.9609669948430258,put,24.302222614846517,20501.0
2610,22,6900.0,7284.329261634476,0.9472388949166969,put,25.257316085801957,7486.0
2610,22,6800.0,7284.329261634476,0.9335107949903679,put,26.273557627494565,6478.0
2610,22,6700.0,7284.329261634476,0.9197826950640391,put,27.50265101219637,3704.0
2610,22,6600.0,7284.329261634476,0.9060545951377101,put,28.905589926791624,2701.0
2610,22,6500.0,7284.329261634476,0.8923264952113812,put,30.140571323141174,2349.0
2610,22,6400.0,7284.329261634476,0.8785983952850522,put,31.696386503328334,1323.0
2610,22,6300.0,7284.329261634476,0.8648702953587233,put,33.60014754270873,1277.0
2610,22,6200.0,7284.329261634476,0.8511421954323943,put,35.19063476725524,3593.0
2611,53,8600.0,7221.390442665546,1.1909063868350516,call,27.27052938727353,783.0
2611,53,8500.0,7221.390442665546,1.1770586381509232,call,27.07590463105618,429.0
2611,53,8400.0,7221.390442665546,1.1632108894667947,call,26.68255497215142,530.0
2611,53,8300.0,7221.390442665546,1.149363140782666,call,26.519559658462377,560.0
2611,53,8200.0,7221.390442665546,1.1355153920985377,call,26.030493151550022,1347.0
2611,53,8100.0,7221.390442665546,1.121667643414409,call,25.655696054505473,1169.0
2611,53,8000.0,7221.390442665546,1.1078198947302806,call,25.553822650132368,2404.0
2611,53,7900.0,7221.390442665546,1.093972146046152,call,25.098038220205876,1245.0
2611,53,7800.0,7221.390442665546,1.0801243973620236,call,25.26593933345729,1886.0
2611,53,7700.0,7221.390442665546,1.0662766486778952,call,25.4588603434638,1373.0
2611,53,7600.0,7221.390442665546,1.0524288999937665,call,25.115850155873883,1177.0
2611,53,7500.0,7221.390442665546,1.0385811513096381,call,25.241023344810472,1538.0
2611,53,7400.0,7221.390442665546,1.0247334026255095,put,25.32152629844212,1493.0
2611,53,7300.0,7221.390442665546,1.010885653941381,put,25.58874053762449,1544.0
2611,53,7200.0,7221.390442665546,0.9970379052572526,put,25.951709063767698,1526.0
2611,53,7100.0,7221.390442665546,0.983190156573124,put,26.32543030540198,1219.0
2611,53,7000.0,7221.390442665546,0.9693424078889955,put,26.651329456844806,2065.0
2611,53,6900.0,7221.390442665546,0.955494659204867,put,27.464689085222428,877.0
2611,53,6800.0,7221.390442665546,0.9416469105207386,put,28.024707420572398,1533.0
2611,53,6700.0,7221.390442665546,0.92779916183661,put,28.563184880944288,1670.0
2611,53,6600.0,7221.390442665546,0.9139514131524815,put,29.50085342516129,2459.0
2612,83,8500.0,7157.190440761925,1.1876168547354071,call,27.282991994477534,231.0
2612,83,8400.0,7157.190440761925,1.17364489173852,call,26.72836443355675,674.0
2612,83,8300.0,7157.190440761925,1.159672928741633,call,26.415202821984423,220.0
2612,83,8200.0,7157.190440761925,1.1457009657447457,call,26.112756411444543,738.0
2612,83,8100.0,7157.190440761925,1.1317290027478586,call,25.839763370971813,198.0
2612,83,8000.0,7157.190440761925,1.1177570397509715,call,25.711719898112385,2709.0
2612,83,7900.0,7157.190440761925,1.1037850767540844,call,25.39502058033242,240.0
2612,83,7800.0,7157.190440761925,1.0898131137571971,call,25.376186999725224,1732.0
2612,83,7700.0,7157.190440761925,1.07584115076031,call,25.1950346085768,282.0
2612,83,7600.0,7157.190440761925,1.061869187763423,call,25.291808491905698,1423.0
2612,83,7500.0,7157.190440761925,1.0478972247665357,call,25.34059505903618,303.0
2612,83,7400.0,7157.190440761925,1.0339252617696486,put,25.174987313602102,1106.0
2612,83,7300.0,7157.190440761925,1.0199532987727615,call,25.332981145679025,352.0
2612,83,7200.0,7157.190440761925,1.0059813357758742,put,25.459032949824746,964.0
2612,83,7100.0,7157.190440761925,0.9920093727789872,put,25.93491814441534,262.0
2612,83,7000.0,7157.190440761925,0.9780374097821001,put,25.975185627359913,1596.0
2612,83,6900.0,7157.190440761925,0.9640654467852129,put,26.274404883249474,220.0
2612,83,6800.0,7157.190440761925,0.9500934837883257,put,26.873459224084005,1154.0
2612,83,6600.0,7157.190440761925,0.9221495577945514,put,28.075698796609576,823.0
2612,83,6400.0,7157.190440761925,0.8942056318007772,put,29.25647941881806,1116.0
2612,83,6200.0,7157.190440761925,0.8662617058070029,put,30.871446827126412,1895.0
2703,173,8200.0,6981.289912410467,1.1745680386977,call,25.90040994785357,433.0
2703,173,8000.0,6981.289912410467,1.1459200377538536,call,25.498188960399226,257.0
2703,173,7800.0,6981.289912410467,1.1172720368100073,call,25.46282592171304,204.0
2703,173,7600.0,6981.289912410467,1.088624035866161,call,25.655290864354924,181.0
2703,173,7400.0,6981.289912410467,1.0599760349223146,put,25.45877209689221,182.0
2703,173,7200.0,6981.289912410467,1.0313280339784683,put,25.112063058466884,225.0
2703,173,7000.0,6981.289912410467,1.002680033034622,call,25.869018652089043,364.0
2703,173,6800.0,6981.289912410467,0.9740320320907756,put,25.703510911498423,154.0
2703,173,6600.0,6981.289912410467,0.9453840311469293,put,26.27081101286084,278.0
2703,173,6400.0,6981.289912410467,0.9167360302030829,put,26.741309307479955,220.0
2703,173,6200.0,6981.289912410467,0.8880880292592366,put,27.16996207100766,489.0
2706,265,8000.0,6806.514567900933,1.1753445791077073,call,25.03910181121705,125.0
2706,265,7800.0,6806.514567900933,1.1459609646300146,call,25.324390956618043,85.0
2706,265,7600.0,6806.514567900933,1.116577350152322,call,25.093893177271003,78.0
2706,265,7400.0,6806.514567900933,1.0871937356746293,call,24.942544630287987,117.0
2706,265,7200.0,6806.514567900933,1.0578101211969366,call,24.989265891926543,71.0
2706,265,7000.0,6806.514567900933,1.028426506719244,put,25.476908228940225,94.0
2706,265,6800.0,6806.514567900933,0.9990428922415512,put,25.350311299764073,169.0
2706,265,6600.0,6806.514567900933,0.9696592777638585,put,25.583106841981586,185.0
2706,265,6400.0,6806.514567900933,0.9402756632861659,put,25.990851894478663,189.0
2706,265,6200.0,6806.514567900933,0.9108920488084732,put,26.36029917971254,538.0
2709,357,7800.0,6652.269276744832,1.1725322105146034,call,25.556512573372082,18.0
2709,357,7600.0,6652.269276744832,1.14246728203987,call,25.32179079520717,15.0
2709,357,7400.0,6652.269276744832,1.1124023535651366,call,25.416487742118914,75.0
2709,357,7200.0,6652.269276744832,1.0823374250904032,call,25.425883601233867,59.0
2709,357,7000.0,6652.269276744832,1.0522724966156698,call,24.659098350113737,89.0
2709,357,6800.0,6652.269276744832,1.0222075681409364,put,25.34435577476294,309.0
