ts_code,trade_date,exchange,pre_settle,pre_close,open,high,low,close,settle,vol,amount,oi,name,call_put,exercise_price,list_date,delist_date
HO2602-C-2650.CFX,20260119,CFFEX,436.4,456.4,,,,456.4,427.0,0.0,0.0,23.0,上证50指数期权2602认购2650,C,2650.0,20251124,20260224
HO2602-C-2700.CFX,20260119,CFFEX,386.8,382.0,380.4,380.4,380.4,380.4,377.4,4.0,15.28,38.0,上证50指数期权2602认购2700,C,2700.0,20251124,20260224
HO2602-C-2750.CFX,20260119,CFFEX,338.2,332.0,334.8,338.4,326.8,326.8,330.2,44.0,147.556,67.0,上证50指数期权2602认购2750,C,2750.0,20251124,20260224
HO2602-C-2800.CFX,20260119,CFFEX,289.6,286.0,301.0,301.0,278.0,281.0,281.2,160.0,455.06,259.0,上证50指数期权2602认购2800,C,2800.0,20251124,20260224
HO2602-C-2850.CFX,20260119,CFFEX,241.2,241.2,247.6,255.0,227.6,231.6,233.4,144.0,341.488,285.0,上证50指数期权2602认购2850,C,2850.0,20251124,20260224
HO2602-C-2900.CFX,20260119,CFFEX,193.0,193.0,196.6,204.6,181.0,185.8,185.8,94.0,179.27,253.0,上证50指数期权2602认购2900,C,2900.0,20251124,20260224
HO2602-C-2950.CFX,20260119,CFFEX,152.0,152.0,148.0,162.4,136.2,140.4,140.4,756.0,1111.146,264.0,上证50指数期权2602认购2950,C,2950.0,20251124,20260224
HO2602-C-3000.CFX,20260119,CFFEX,113.6,113.6,117.0,125.6,97.4,100.8,100.8,1359.0,1464.062,919.0,上证50指数期权2602认购3000,C,3000.0,20251124,20260224
HO2602-C-3050.CFX,20260119,CFFEX,81.2,81.2,78.2,86.2,66.0,70.2,70.2,1180.0,883.134,1156.0,上证50指数期权2602认购3050,C,3050.0,20251124,20260224
HO2602-C-3100.CFX,20260119,CFFEX,56.2,56.2,56.2,59.6,43.2,45.8,45.8,2994.0,1533.358,1770.0,上证50指数期权2602认购3100,C,3100.0,20251124,20260224
HO2602-C-3150.CFX,20260119,CFFEX,39.4,39.4,43.6,43.6,28.6,30.0,30.0,2955.0,1037.384,2521.0,上证50指数期权2602认购3150,C,3150.0,20251124,20260224
HO2602-C-3200.CFX,20260119,CFFEX,27.8,27.8,26.0,29.2,19.0,20.2,20.2,1951.0,461.032,4619.0,上证50指数期权2602认购3200,C,3200.0,20251124,20260224
HO2602-C-3250.CFX,20260119,CFFEX,19.0,19.0,17.0,19.8,12.2,13.0,13.0,1139.0,178.326,1518.0,上证50指数期权2602认购3250,C,3250.0,20251124,20260224
HO2602-C-3300.CFX,20260119,CFFEX,12.4,12.4,13.0,13.4,8.2,9.2,9.2,567.0,60.148,1150.0,上证50指数期权2602认购3300,C,3300.0,20251124,20260224
HO2602-C-3350.CFX,20260119,CFFEX,9.2,9.2,8.6,9.8,5.6,6.6,6.6,688.0,53.328,1174.0,上证50指数期权2602认购3350,C,3350.0,20251208,20260224
HO2602-C-3400.CFX,20260119,CFFEX,7.2,7.2,7.2,7.8,4.6,5.0,5.0,371.0,23.122,447.0,上证50指数期权2602认购3400,C,3400.0,20260106,20260224
HO2602-C-3450.CFX,20260119,CFFEX,5.2,5.2,5.6,6.0,3.4,4.4,4.4,329.0,16.182,484.0,上证50指数期权2602认购3450,C,3450.0,20260106,20260224
HO2602-C-3500.CFX,20260119,CFFEX,4.6,4.6,3.8,5.6,3.2,4.2,4.2,851.0,37.344,1806.0,上证50指数期权2602认购3500,C,3500.0,20260107,20260224
HO2602-P-2650.CFX,20260119,CFFEX,1.6,1.6,1.2,1.4,1.2,1.2,1.2,31.0,0.38,215.0,上证50指数期权2602认沽2650,P,2650.0,20251124,20260224
HO2602-P-2700.CFX,20260119,CFFEX,2.0,2.0,1.8,1.8,1.2,1.6,1.6,20.0,0.304,158.0,上证50指数期权2602认沽2700,P,2700.0,20251124,20260224
HO2602-P-2750.CFX,20260119,CFFEX,2.6,2.6,2.8,2.8,1.6,2.0,2.0,15.0,0.344,129.0,上证50指数期权2602认沽2750,P,2750.0,20251124,20260224
HO2602-P-2800.CFX,20260119,CFFEX,4.2,4.2,4.2,4.2,2.4,2.8,2.8,138.0,4.08,472.0,上证50指数期权2602认沽2800,P,2800.0,20251124,20260224
HO2602-P-2850.CFX,20260119,CFFEX,6.2,6.4,6.4,6.4,3.8,4.4,4.4,443.0,20.348,713.0,上证50指数期权2602认沽2850,P,2850.0,20251124,20260224
HO2602-P-2900.CFX,20260119,CFFEX,10.2,10.2,10.2,10.2,6.0,6.6,6.6,459.0,33.406,984.0,上证50指数期权2602认沽2900,P,2900.0,20251124,20260224
HO2602-P-2950.CFX,20260119,CFFEX,16.6,16.6,15.0,17.8,10.6,11.8,11.8,584.0,73.074,873.0,上证50指数期权2602认沽2950,P,2950.0,20251124,20260224
HO2602-P-3000.CFX,20260119,CFFEX,27.8,27.8,28.6,29.2,19.0,21.8,21.8,1131.0,254.708,1398.0,上证50指数期权2602认沽3000,P,3000.0,20251124,20260224
HO2602-P-3050.CFX,20260119,CFFEX,45.0,45.0,43.6,48.2,34.0,38.8,38.8,1793.0,722.966,1725.0,上证50指数期权2602认沽3050,P,3050.0,20251124,20260224
HO2602-P-3100.CFX,20260119,CFFEX,70.4,70.4,78.6,78.6,56.6,64.8,64.8,1864.0,1223.618,1308.0,上证50指数期权2602认沽3100,P,3100.0,20251124,20260224
HO2602-P-3150.CFX,20260119,CFFEX,102.8,102.8,105.4,106.4,88.0,100.0,100.0,1077.0,1067.216,953.0,上证50指数期权2602认沽3150,P,3150.0,20251124,20260224
HO2602-P-3200.CFX,20260119,CFFEX,141.0,141.0,146.2,146.4,125.6,140.6,140.6,510.0,704.442,778.0,上证50指数期权2602认沽3200,P,3200.0,20251124,20260224
HO2602-P-3250.CFX,20260119,CFFEX,182.0,188.4,175.2,186.2,169.6,184.0,183.8,40.0,71.252,204.0,上证50指数期权2602认沽3250,P,3250.0,20251124,20260224
HO2602-P-3300.CFX,20260119,CFFEX,227.2,227.2,228.2,233.2,214.4,230.0,230.0,50.0,113.358,136.0,上证50指数期权2602认沽3300,P,3300.0,20251124,20260224
HO2602-P-3350.CFX,20260119,CFFEX,273.0,278.0,264.2,280.0,264.2,278.2,277.6,40.0,109.468,76.0,上证50指数期权2602认沽3350,P,3350.0,20251208,20260224
HO2602-P-3400.CFX,20260119,CFFEX,328.0,325.0,312.0,327.0,312.0,327.0,327.0,13.0,41.916,65.0,上证50指数期权2602认沽3400,P,3400.0,20260106,20260224
HO2602-P-3450.CFX,20260119,CFFEX,376.8,374.2,370.2,370.2,370.2,370.2,374.6,3.0,11.106,57.0,上证50指数期权2602认沽3450,P,3450.0,20260106,20260224
HO2602-P-3500.CFX,20260119,CFFEX,426.2,402.6,,,,402.6,423.8,0.0,0.0,78.0,上证50指数期权2602认沽3500,P,3500.0,20260107,20260224
HO2603-C-2250.CFX,20260119,CFFEX,835.2,838.6,839.8,839.8,834.0,834.0,829.0,6.0,50.18,42.0,上证50指数期权2603认购2250,C,2250.0,20250408,20260320
HO2603-C-2300.CFX,20260119,CFFEX,785.6,779.8,788.4,788.4,788.4,788.4,777.8,6.0,47.192,54.0,上证50指数期权2603认购2300,C,2300.0,20250408,20260320
HO2603-C-2350.CFX,20260119,CFFEX,736.0,729.8,740.6,740.6,740.6,740.6,728.0,2.0,14.812,38.0,上证50指数期权2603认购2350,C,2350.0,20250401,20260320
HO2603-C-2400.CFX,20260119,CFFEX,686.4,682.0,691.2,691.2,691.2,691.2,678.2,2.0,13.824,54.0,上证50指数期权2603认购2400,C,2400.0,20250324,20260320
HO2603-C-2450.CFX,20260119,CFFEX,636.6,656.0,642.2,642.2,642.2,642.2,628.4,2.0,12.844,62.0,上证50指数期权2603认购2450,C,2450.0,20250324,20260320
HO2603-C-2500.CFX,20260119,CFFEX,587.4,582.0,592.2,592.2,592.2,592.2,581.4,2.0,11.844,144.0,上证50指数期权2603认购2500,C,2500.0,20250324,20260320
HO2603-C-2600.CFX,20260119,CFFEX,488.4,507.0,478.4,478.4,478.4,478.4,482.6,2.0,9.568,72.0,上证50指数期权2603认购2600,C,2600.0,20250324,20260320
HO2603-C-2700.CFX,20260119,CFFEX,391.2,386.2,396.2,396.2,396.2,396.2,385.0,4.0,15.748,145.0,上证50指数期权2603认购2700,C,2700.0,20250324,20260320
HO2603-C-2750.CFX,20260119,CFFEX,344.2,362.4,,,,362.4,337.4,0.0,0.0,24.0,上证50指数期权2603认购2750,C,2750.0,20251222,20260320
HO2603-C-2800.CFX,20260119,CFFEX,297.6,290.6,304.4,304.4,287.0,288.2,290.4,16.0,46.894,355.0,上证50指数期权2603认购2800,C,2800.0,20250324,20260320
HO2603-C-2850.CFX,20260119,CFFEX,250.2,250.2,246.6,246.6,245.0,245.0,245.0,10.0,24.792,57.0,上证50指数期权2603认购2850,C,2850.0,20251222,20260320
HO2603-C-2900.CFX,20260119,CFFEX,210.6,211.8,211.8,218.6,199.2,201.8,202.2,28.0,58.408,164.0,上证50指数期权2603认购2900,C,2900.0,20250324,20260320
HO2603-C-2950.CFX,20260119,CFFEX,172.8,178.8,,,,178.8,163.0,0.0,0.0,23.0,上证50指数期权2603认购2950,C,2950.0,20251222,20260320
HO2603-C-3000.CFX,20260119,CFFEX,138.8,138.8,142.0,149.4,125.0,129.8,131.0,56.0,75.546,476.0,上证50指数期权2603认购3000,C,3000.0,20250324,20260320
HO2603-C-3050.CFX,20260119,CFFEX,112.4,115.4,103.0,105.0,98.8,99.8,100.4,28.0,28.978,112.0,上证50指数期权2603认购3050,C,3050.0,20251222,20260320
HO2603-C-3100.CFX,20260119,CFFEX,88.0,88.0,90.4,92.2,74.4,77.2,77.2,119.0,96.594,356.0,上证50指数期权2603认购3100,C,3100.0,20250515,20260320
HO2603-C-3150.CFX,20260119,CFFEX,70.2,69.2,68.2,72.2,57.0,60.0,59.4,72.0,46.582,353.0,上证50指数期权2603认购3150,C,3150.0,20251222,20260320
HO2603-C-3200.CFX,20260119,CFFEX,53.4,53.2,68.0,68.0,43.8,45.0,45.4,339.0,164.972,508.0,上证50指数期权2603认购3200,C,3200.0,20250731,20260320
HO2603-C-3250.CFX,20260119,CFFEX,43.0,42.0,42.6,43.6,33.6,34.2,34.8,169.0,64.932,196.0,上证50指数期权2603认购3250,C,3250.0,20251222,20260320
HO2603-C-3300.CFX,20260119,CFFEX,34.6,34.0,35.4,36.4,26.2,27.0,27.0,292.0,84.63,1187.0,上证50指数期权2603认购3300,C,3300.0,20250825,20260320
HO2603-C-3350.CFX,20260119,CFFEX,27.2,27.2,28.0,28.0,21.0,22.0,21.8,39.0,8.682,328.0,上证50指数期权2603认购3350,C,3350.0,20251222,20260320
HO2603-C-3400.CFX,20260119,CFFEX,21.8,21.8,21.4,23.4,16.0,18.0,17.8,274.0,57.664,1272.0,上证50指数期权2603认购3400,C,3400.0,20251010,20260320
HO2603-C-3450.CFX,20260119,CFFEX,17.6,18.6,18.6,19.0,13.6,14.8,14.8,95.0,15.076,194.0,上证50指数期权2603认购3450,C,3450.0,20260106,20260320
HO2603-C-3500.CFX,20260119,CFFEX,15.0,15.0,16.0,16.6,11.6,12.6,12.4,249.0,33.764,555.0,上证50指数期权2603认购3500,C,3500.0,20260107,20260320
HO2603-P-2250.CFX,20260119,CFFEX,1.0,1.0,0.8,1.2,0.8,1.2,1.2,22.0,0.196,503.0,上证50指数期权2603认沽2250,P,2250.0,20250408,20260320
HO2603-P-2300.CFX,20260119,CFFEX,1.2,1.0,1.2,1.6,1.2,1.6,1.6,11.0,0.136,296.0,上证50指数期权2603认沽2300,P,2300.0,20250408,20260320
HO2603-P-2350.CFX,20260119,CFFEX,1.2,1.2,1.2,1.6,1.2,1.6,1.6,4.0,0.052,145.0,上证50指数期权2603认沽2350,P,2350.0,20250401,20260320
HO2603-P-2400.CFX,20260119,CFFEX,1.2,1.4,1.8,1.8,1.8,1.8,1.6,6.0,0.108,253.0,上证50指数期权2603认沽2400,P,2400.0,20250324,20260320
HO2603-P-2450.CFX,20260119,CFFEX,1.6,1.6,1.6,1.8,1.6,1.8,1.8,15.0,0.258,132.0,上证50指数期权2603认沽2450,P,2450.0,20250324,20260320
HO2603-P-2500.CFX,20260119,CFFEX,1.8,1.8,2.0,2.6,2.0,2.2,2.2,8.0,0.168,226.0,上证50指数期权2603认沽2500,P,2500.0,20250324,20260320
HO2603-P-2600.CFX,20260119,CFFEX,2.8,2.4,3.4,3.4,3.0,3.0,3.0,10.0,0.312,176.0,上证50指数期权2603认沽2600,P,2600.0,20250324,20260320
HO2603-P-2700.CFX,20260119,CFFEX,5.0,5.0,6.0,6.0,5.2,5.2,5.0,39.0,2.172,228.0,上证50指数期权2603认沽2700,P,2700.0,20250324,20260320
HO2603-P-2750.CFX,20260119,CFFEX,7.4,8.0,8.2,8.2,6.4,7.2,6.8,76.0,5.402,330.0,上证50指数期权2603认沽2750,P,2750.0,20251222,20260320
HO2603-P-2800.CFX,20260119,CFFEX,10.6,10.8,11.4,12.2,8.8,10.2,9.8,152.0,15.47,486.0,上证50指数期权2603认沽2800,P,2800.0,20250324,20260320
HO2603-P-2850.CFX,20260119,CFFEX,15.6,17.0,16.6,16.6,13.0,14.2,14.6,26.0,3.654,124.0,上证50指数期权2603认沽2850,P,2850.0,20251222,20260320
HO2603-P-2900.CFX,20260119,CFFEX,23.8,23.8,25.8,26.0,20.6,21.6,21.4,32.0,7.218,345.0,上证50指数期权2603认沽2900,P,2900.0,20250324,20260320
HO2603-P-2950.CFX,20260119,CFFEX,36.8,37.6,36.8,37.0,29.0,32.0,32.2,93.0,29.74,239.0,上证50指数期权2603认沽2950,P,2950.0,20251222,20260320
HO2603-P-3000.CFX,20260119,CFFEX,52.4,54.8,50.8,50.8,42.6,48.0,48.0,127.0,59.282,302.0,上证50指数期权2603认沽3000,P,3000.0,20250324,20260320
HO2603-P-3050.CFX,20260119,CFFEX,74.6,74.4,64.8,70.4,61.8,68.0,69.2,151.0,99.986,229.0,上证50指数期权2603认沽3050,P,3050.0,20251222,20260320
HO2603-P-3100.CFX,20260119,CFFEX,101.4,101.0,92.6,97.4,88.6,94.0,94.8,64.0,60.65,268.0,上证50指数期权2603认沽3100,P,3100.0,20250515,20260320
HO2603-P-3150.CFX,20260119,CFFEX,130.4,132.0,121.0,128.4,115.8,125.8,126.6,11.0,13.458,199.0,上证50指数期权2603认沽3150,P,3150.0,20251222,20260320
HO2603-P-3200.CFX,20260119,CFFEX,167.2,167.2,166.0,167.2,151.4,165.0,164.6,53.0,86.08,255.0,上证50指数期权2603认沽3200,P,3200.0,20250731,20260320
HO2603-P-3250.CFX,20260119,CFFEX,204.4,201.0,202.0,202.4,195.8,202.4,203.4,4.0,8.046,51.0,上证50指数期权2603认沽3250,P,3250.0,20251222,20260320
HO2603-P-3300.CFX,20260119,CFFEX,245.6,230.2,236.0,250.2,235.2,249.6,246.0,7.0,17.118,82.0,上证50指数期权2603认沽3300,P,3300.0,20250825,20260320
HO2603-P-3350.CFX,20260119,CFFEX,287.8,254.4,,,,254.4,289.4,0.0,0.0,46.0,上证50指数期权2603认沽3350,P,3350.0,20251222,20260320
HO2603-P-3400.CFX,20260119,CFFEX,332.6,338.0,327.4,330.8,327.4,330.8,335.4,4.0,13.164,45.0,上证50指数期权2603认沽3400,P,3400.0,20251010,20260320
HO2603-P-3450.CFX,20260119,CFFEX,378.6,382.6,373.8,373.8,373.8,373.8,381.8,4.0,15.048,25.0,上证50指数期权2603认沽3450,P,3450.0,20260106,20260320
HO2603-P-3500.CFX,20260119,CFFEX,425.4,431.4,,,,431.4,429.6,0.0,0.0,25.0,上证50指数期权2603认沽3500,P,3500.0,20260107,20260320
HO2604-C-2750.CFX,20260119,CFFEX,344.4,,,,,344.4,341.0,0.0,0.0,0.0,上证50指数期权2604认购2750,C,2750.0,20260119,20260417
HO2604-C-2800.CFX,20260119,CFFEX,302.0,,,,,302.0,296.8,0.0,0.0,0.0,上证50指数期权2604认购2800,C,2800.0,20260119,20260417
HO2604-C-2850.CFX,20260119,CFFEX,262.0,,,,,262.0,255.6,0.0,0.0,0.0,上证50指数期权2604认购2850,C,2850.0,20260119,20260417
HO2604-C-2900.CFX,20260119,CFFEX,224.6,,,,,224.6,215.4,0.0,0.0,0.0,上证50指数期权2604认购2900,C,2900.0,20260119,20260417
HO2604-C-2950.CFX,20260119,CFFEX,190.4,,,,,190.4,179.8,0.0,0.0,0.0,上证50指数期权2604认购2950,C,2950.0,20260119,20260417
HO2604-C-3000.CFX,20260119,CFFEX,159.2,,,,,159.2,148.2,0.0,0.0,0.0,上证50指数期权2604认购3000,C,3000.0,20260119,20260417
HO2604-C-3050.CFX,20260119,CFFEX,131.6,,134.0,134.2,120.0,121.0,121.0,11.0,14.068,5.0,上证50指数期权2604认购3050,C,3050.0,20260119,20260417
HO2604-C-3100.CFX,20260119,CFFEX,107.2,,105.8,105.8,93.8,96.4,99.2,14.0,13.948,10.0,上证50指数期权2604认购3100,C,3100.0,20260119,20260417
HO2604-C-3150.CFX,20260119,CFFEX,86.4,,86.4,86.4,83.6,83.6,79.4,4.0,3.372,4.0,上证50指数期权2604认购3150,C,3150.0,20260119,20260417
HO2604-C-3200.CFX,20260119,CFFEX,68.6,,,,,68.6,64.0,0.0,0.0,0.0,上证50指数期权2604认购3200,C,3200.0,20260119,20260417
HO2604-C-3250.CFX,20260119,CFFEX,53.6,,61.8,61.8,50.4,50.4,51.4,12.0,6.608,3.0,上证50指数期权2604认购3250,C,3250.0,20260119,20260417
HO2604-C-3300.CFX,20260119,CFFEX,41.4,,,,,41.4,41.8,0.0,0.0,0.0,上证50指数期权2604认购3300,C,3300.0,20260119,20260417
HO2604-C-3350.CFX,20260119,CFFEX,31.6,,32.2,33.8,32.2,33.8,34.0,4.0,1.298,2.0,上证50指数期权2604认购3350,C,3350.0,20260119,20260417
HO2604-C-3400.CFX,20260119,CFFEX,23.8,,36.4,38.0,26.4,28.6,27.6,21.0,6.464,15.0,上证50指数期权2604认购3400,C,3400.0,20260119,20260417
HO2604-P-2750.CFX,20260119,CFFEX,15.8,,,,,15.8,12.2,0.0,0.0,0.0,上证50指数期权2604认沽2750,P,2750.0,20260119,20260417
HO2604-P-2800.CFX,20260119,CFFEX,23.2,,20.0,20.0,20.0,20.0,17.4,3.0,0.6,3.0,上证50指数期权2604认沽2800,P,2800.0,20260119,20260417
HO2604-P-2850.CFX,20260119,CFFEX,33.0,,25.4,25.4,25.4,25.4,25.0,2.0,0.508,2.0,上证50指数期权2604认沽2850,P,2850.0,20260119,20260417
HO2604-P-2900.CFX,20260119,CFFEX,45.4,,38.6,38.6,34.0,34.0,35.6,11.0,3.988,8.0,上证50指数期权2604认沽2900,P,2900.0,20260119,20260417
HO2604-P-2950.CFX,20260119,CFFEX,61.0,,53.2,53.2,53.2,53.2,49.6,1.0,0.532,1.0,上证50指数期权2604认沽2950,P,2950.0,20260119,20260417
HO2604-P-3000.CFX,20260119,CFFEX,79.8,,68.6,68.6,68.6,68.6,66.4,3.0,2.058,3.0,上证50指数期权2604认沽3000,P,3000.0,20260119,20260417
HO2604-P-3050.CFX,20260119,CFFEX,101.8,,86.4,92.6,86.4,92.6,88.8,18.0,16.434,16.0,上证50指数期权2604认沽3050,P,3050.0,20260119,20260417
HO2604-P-3100.CFX,20260119,CFFEX,127.4,,116.0,119.2,114.6,115.4,115.0,49.0,56.834,42.0,上证50指数期权2604认沽3100,P,3100.0,20260119,20260417
HO2604-P-3150.CFX,20260119,CFFEX,156.2,,146.6,146.6,146.6,146.6,147.2,1.0,1.466,1.0,上证50指数期权2604认沽3150,P,3150.0,20260119,20260417
HO2604-P-3200.CFX,20260119,CFFEX,188.2,,176.8,178.4,176.8,178.4,181.8,5.0,8.9,5.0,上证50指数期权2604认沽3200,P,3200.0,20260119,20260417
HO2604-P-3250.CFX,20260119,CFFEX,223.2,,216.2,216.2,215.2,215.2,219.4,2.0,4.314,2.0,上证50指数期权2604认沽3250,P,3250.0,20260119,20260417
HO2604-P-3300.CFX,20260119,CFFEX,260.8,,,,,260.8,260.0,0.0,0.0,0.0,上证50指数期权2604认沽3300,P,3300.0,20260119,20260417
HO2604-P-3350.CFX,20260119,CFFEX,300.8,,,,,300.8,301.4,0.0,0.0,0.0,上证50指数期权2604认沽3350,P,3350.0,20260119,20260417
HO2604-P-3400.CFX,20260119,CFFEX,342.8,,,,,342.8,345.0,0.0,0.0,0.0,上证50指数期权2604认沽3400,P,3400.0,20260119,20260417
HO2606-C-2400.CFX,20260119,CFFEX,690.2,704.4,,,,704.4,677.2,0.0,0.0,32.0,上证50指数期权2606认购2400,C,2400.0,20250623,20260622
HO2606-C-2450.CFX,20260119,CFFEX,630.8,634.6,641.0,641.0,641.0,641.0,628.6,2.0,12.718,20.0,上证50指数期权2606认购2450,C,2450.0,20250623,20260622
HO2606-C-2500.CFX,20260119,CFFEX,583.0,591.6,593.4,593.4,583.2,583.2,581.8,3.0,17.7,76.0,上证50指数期权2606认购2500,C,2500.0,20250623,20260622
HO2606-C-2600.CFX,20260119,CFFEX,497.8,517.8,,,,517.8,489.2,0.0,0.0,47.0,上证50指数期权2606认购2600,C,2600.0,20250623,20260622
HO2606-C-2700.CFX,20260119,CFFEX,408.2,460.0,,,,460.0,399.4,0.0,0.0,53.0,上证50指数期权2606认购2700,C,2700.0,20250623,20260622
HO2606-C-2800.CFX,20260119,CFFEX,325.8,339.0,334.6,335.8,313.2,318.6,318.6,36.0,116.052,188.0,上证50指数期权2606认购2800,C,2800.0,20250623,20260622
HO2606-C-2900.CFX,20260119,CFFEX,254.4,250.6,261.8,261.8,243.4,243.4,244.6,5.0,12.562,188.0,上证50指数期权2606认购2900,C,2900.0,20250623,20260622
HO2606-C-3000.CFX,20260119,CFFEX,195.2,191.8,197.2,204.0,184.0,186.0,183.8,75.0,145.914,330.0,上证50指数期权2606认购3000,C,3000.0,20250623,20260622
HO2606-C-3100.CFX,20260119,CFFEX,154.8,154.8,152.6,153.2,137.6,137.6,137.0,40.0,58.084,432.0,上证50指数期权2606认购3100,C,3100.0,20250626,20260622
HO2606-C-3200.CFX,20260119,CFFEX,118.8,119.8,117.2,117.2,99.4,99.4,101.8,10.0,10.556,302.0,上证50指数期权2606认购3200,C,3200.0,20250731,20260622
HO2606-C-3300.CFX,20260119,CFFEX,94.8,92.2,91.8,93.4,75.4,76.6,76.4,443.0,358.478,1177.0,上证50指数期权2606认购3300,C,3300.0,20250825,20260622
HO2606-C-3400.CFX,20260119,CFFEX,75.0,71.2,72.2,72.2,57.8,57.8,57.4,137.0,89.784,645.0,上证50指数期权2606认购3400,C,3400.0,20251010,20260622
HO2606-C-3500.CFX,20260119,CFFEX,61.6,59.8,57.2,58.0,44.6,45.4,44.2,153.0,79.388,650.0,上证50指数期权2606认购3500,C,3500.0,20260106,20260622
HO2606-P-2400.CFX,20260119,CFFEX,6.8,5.8,6.6,6.6,6.2,6.2,6.0,11.0,0.7,592.0,上证50指数期权2606认沽2400,P,2400.0,20250623,20260622
HO2606-P-2450.CFX,20260119,CFFEX,7.8,7.6,7.8,7.8,6.8,6.8,7.0,10.0,0.758,119.0,上证50指数期权2606认沽2450,P,2450.0,20250623,20260622
HO2606-P-2500.CFX,20260119,CFFEX,9.4,9.4,9.2,9.6,8.4,8.4,8.6,16.0,1.48,242.0,上证50指数期权2606认沽2500,P,2500.0,20250623,20260622
HO2606-P-2600.CFX,20260119,CFFEX,14.6,13.4,,,,13.4,14.0,0.0,0.0,190.0,上证50指数期权2606认沽2600,P,2600.0,20250623,20260622
HO2606-P-2700.CFX,20260119,CFFEX,24.2,24.8,22.6,23.6,22.6,23.6,23.0,16.0,3.766,279.0,上证50指数期权2606认沽2700,P,2700.0,20250623,20260622
HO2606-P-2800.CFX,20260119,CFFEX,39.4,39.4,38.8,39.2,37.8,37.8,37.8,11.0,4.27,196.0,上证50指数期权2606认沽2800,P,2800.0,20250623,20260622
HO2606-P-2900.CFX,20260119,CFFEX,67.6,63.4,69.8,69.8,69.8,69.8,64.8,6.0,4.122,165.0,上证50指数期权2606认沽2900,P,2900.0,20250623,20260622
HO2606-P-3000.CFX,20260119,CFFEX,107.8,107.0,109.4,110.4,102.2,103.0,103.4,28.0,30.106,380.0,上证50指数期权2606认沽3000,P,3000.0,20250623,20260622
HO2606-P-3100.CFX,20260119,CFFEX,163.0,164.4,155.0,160.0,152.6,154.4,157.8,36.0,56.28,132.0,上证50指数期权2606认沽3100,P,3100.0,20250626,20260622
HO2606-P-3200.CFX,20260119,CFFEX,230.2,222.8,,,,222.8,221.6,0.0,0.0,266.0,上证50指数期权2606认沽3200,P,3200.0,20250731,20260622
HO2606-P-3300.CFX,20260119,CFFEX,304.8,306.0,304.0,304.0,304.0,304.0,295.0,1.0,3.04,199.0,上证50指数期权2606认沽3300,P,3300.0,20250825,20260622
HO2606-P-3400.CFX,20260119,CFFEX,384.8,365.0,377.4,377.8,377.4,377.8,373.8,4.0,15.108,64.0,上证50指数期权2606认沽3400,P,3400.0,20251010,20260622
HO2606-P-3500.CFX,20260119,CFFEX,470.8,446.4,460.0,460.0,460.0,460.0,459.6,4.0,18.616,3.0,上证50指数期权2606认沽3500,P,3500.0,20260106,20260622
HO2609-C-2600.CFX,20260119,CFFEX,495.0,496.2,500.2,502.4,477.0,477.0,477.2,8.0,39.276,95.0,上证50指数期权2609认购2600,C,2600.0,20250922,20260918
HO2609-C-2700.CFX,20260119,CFFEX,421.6,416.8,420.0,425.4,418.8,425.4,398.4,9.0,37.912,89.0,上证50指数期权2609认购2700,C,2700.0,20250922,20260918
HO2609-C-2800.CFX,20260119,CFFEX,352.6,351.4,350.6,354.0,338.4,340.6,331.4,58.0,203.756,97.0,上证50指数期权2609认购2800,C,2800.0,20250922,20260918
HO2609-C-2900.CFX,20260119,CFFEX,292.0,296.2,289.8,291.4,289.8,291.4,270.8,2.0,5.812,146.0,上证50指数期权2609认购2900,C,2900.0,20250922,20260918
HO2609-C-3000.CFX,20260119,CFFEX,238.6,233.0,241.2,241.2,229.8,229.8,215.6,11.0,25.392,215.0,上证50指数期权2609认购3000,C,3000.0,20250922,20260918
HO2609-C-3100.CFX,20260119,CFFEX,196.0,199.8,197.6,197.8,197.0,197.8,179.8,6.0,11.846,103.0,上证50指数期权2609认购3100,C,3100.0,20250922,20260918
HO2609-C-3200.CFX,20260119,CFFEX,161.2,165.2,163.6,163.6,146.2,152.0,147.6,13.0,20.064,117.0,上证50指数期权2609认购3200,C,3200.0,20250922,20260918
HO2609-C-3300.CFX,20260119,CFFEX,133.6,130.8,125.0,125.0,124.4,124.4,121.8,18.0,22.494,130.0,上证50指数期权2609认购3300,C,3300.0,20250922,20260918
HO2609-C-3400.CFX,20260119,CFFEX,112.6,108.6,108.0,108.0,104.6,104.6,102.0,9.0,9.536,477.0,上证50指数期权2609认购3400,C,3400.0,20251010,20260918
HO2609-C-3500.CFX,20260119,CFFEX,95.0,96.0,92.2,94.2,82.8,84.4,84.2,84.0,75.368,87.0,上证50指数期权2609认购3500,C,3500.0,20260106,20260918
HO2609-P-2600.CFX,20260119,CFFEX,29.8,29.6,30.4,30.4,25.2,25.2,26.8,68.0,18.76,310.0,上证50指数期权2609认沽2600,P,2600.0,20250922,20260918
HO2609-P-2700.CFX,20260119,CFFEX,49.2,48.2,48.8,49.2,47.4,47.4,45.4,8.0,3.856,174.0,上证50指数期权2609认沽2700,P,2700.0,20250922,20260918
HO2609-P-2800.CFX,20260119,CFFEX,78.4,76.8,76.0,76.0,74.8,75.0,73.8,4.0,3.006,109.0,上证50指数期权2609认沽2800,P,2800.0,20250922,20260918
HO2609-P-2900.CFX,20260119,CFFEX,116.2,117.0,113.4,114.2,113.0,114.2,112.6,5.0,5.67,64.0,上证50指数期权2609认沽2900,P,2900.0,20250922,20260918
HO2609-P-3000.CFX,20260119,CFFEX,163.0,159.6,,,,159.6,159.2,0.0,0.0,62.0,上证50指数期权2609认沽3000,P,3000.0,20250922,20260918
HO2609-P-3100.CFX,20260119,CFFEX,221.2,208.6,217.2,219.0,216.4,217.2,219.8,15.0,32.606,86.0,上证50指数期权2609认沽3100,P,3100.0,20250922,20260918
HO2609-P-3200.CFX,20260119,CFFEX,285.8,270.8,280.4,285.6,277.6,281.8,286.6,16.0,45.112,91.0,上证50指数期权2609认沽3200,P,3200.0,20250922,20260918
HO2609-P-3300.CFX,20260119,CFFEX,356.6,336.6,351.0,356.6,346.0,356.6,359.0,14.0,49.302,57.0,上证50指数期权2609认沽3300,P,3300.0,20250922,20260918
HO2609-P-3400.CFX,20260119,CFFEX,432.6,415.4,426.8,433.0,421.4,433.0,436.6,17.0,72.866,58.0,上证50指数期权2609认沽3400,P,3400.0,20251010,20260918
HO2609-P-3500.CFX,20260119,CFFEX,513.2,497.2,502.0,515.2,501.8,515.2,518.2,12.0,61.226,43.0,上证50指数期权2609认沽3500,P,3500.0,20260106,20260918
HO2612-C-2700.CFX,20260119,CFFEX,434.0,436.4,443.2,448.2,441.0,441.0,427.2,20.0,89.152,180.0,上证50指数期权2612认购2700,C,2700.0,20251222,20261218
HO2612-C-2800.CFX,20260119,CFFEX,370.8,396.6,,,,396.6,362.8,0.0,0.0,68.0,上证50指数期权2612认购2800,C,2800.0,20251222,20261218
HO2612-C-2900.CFX,20260119,CFFEX,317.8,316.8,320.2,320.2,320.2,320.2,308.2,2.0,6.404,26.0,上证50指数期权2612认购2900,C,2900.0,20251222,20261218
HO2612-C-3000.CFX,20260119,CFFEX,274.0,277.0,275.6,276.8,272.2,272.2,262.0,8.0,21.96,28.0,上证50指数期权2612认购3000,C,3000.0,20251222,20261218
HO2612-C-3100.CFX,20260119,CFFEX,238.0,240.0,234.4,234.4,220.4,220.8,224.0,25.0,56.92,63.0,上证50指数期权2612认购3100,C,3100.0,20251222,20261218
HO2612-C-3200.CFX,20260119,CFFEX,210.6,207.4,203.6,208.2,191.2,192.2,195.4,51.0,102.878,158.0,上证50指数期权2612认购3200,C,3200.0,20251222,20261218
HO2612-C-3300.CFX,20260119,CFFEX,181.8,180.8,173.6,176.6,169.6,169.6,165.6,3.0,5.198,191.0,上证50指数期权2612认购3300,C,3300.0,20251222,20261218
HO2612-C-3400.CFX,20260119,CFFEX,159.4,154.6,152.4,152.4,142.0,144.4,143.0,17.0,24.916,141.0,上证50指数期权2612认购3400,C,3400.0,20251222,20261218
HO2612-C-3500.CFX,20260119,CFFEX,136.8,138.4,134.0,138.2,122.6,122.6,124.4,63.0,81.626,193.0,上证50指数期权2612认购3500,C,3500.0,20260106,20261218
HO2612-P-2700.CFX,20260119,CFFEX,65.2,63.6,66.8,67.6,62.8,63.0,64.4,27.0,17.53,249.0,上证50指数期权2612认沽2700,P,2700.0,20251222,20261218
HO2612-P-2800.CFX,20260119,CFFEX,101.4,100.0,102.4,103.6,102.4,103.6,98.4,3.0,3.086,61.0,上证50指数期权2612认沽2800,P,2800.0,20251222,20261218
HO2612-P-2900.CFX,20260119,CFFEX,141.6,143.2,141.4,142.8,140.4,142.8,138.2,10.0,14.156,56.0,上证50指数期权2612认沽2900,P,2900.0,20251222,20261218
HO2612-P-3000.CFX,20260119,CFFEX,196.2,194.2,194.2,200.0,190.8,190.8,189.6,11.0,21.346,73.0,上证50指数期权2612认沽3000,P,3000.0,20251222,20261218
HO2612-P-3100.CFX,20260119,CFFEX,259.6,260.4,252.0,259.0,246.4,250.4,252.4,29.0,73.9,72.0,上证50指数期权2612认沽3100,P,3100.0,20251222,20261218
HO2612-P-3200.CFX,20260119,CFFEX,328.4,320.8,325.0,325.0,321.6,321.6,319.4,3.0,9.716,94.0,上证50指数期权2612认沽3200,P,3200.0,20251222,20261218
HO2612-P-3300.CFX,20260119,CFFEX,399.2,395.0,390.0,400.0,390.0,400.0,390.6,6.0,23.86,129.0,上证50指数期权2612认沽3300,P,3300.0,20251222,20261218
HO2612-P-3400.CFX,20260119,CFFEX,475.4,448.6,469.6,469.6,469.6,469.6,465.8,1.0,4.696,90.0,上证50指数期权2612认沽3400,P,3400.0,20251222,20261218
HO2612-P-3500.CFX,20260119,CFFEX,555.2,524.8,540.8,540.8,540.8,540.8,540.8,1.0,5.408,33.0,上证50指数期权2612认沽3500,P,3500.0,20260106,20261218
