合约代码,开盘价,最高价,最低价,收盘价,前结算价,结算价,涨跌1,涨跌2,成交量,持仓量,持仓量变化,成交额,德尔塔,行权量,trade_date
RB2610P3500.SHF,,,,388.5,391.0,388.5,-2.5,-2.5,0.0,0.0,0,0.0,,0,20260122
RB2610P3450.SHF,,,,350.5,352.0,350.5,-1.5,-1.5,0.0,0.0,0,0.0,,0,20260122
RB2610P3400.SHF,,,,314.0,314.5,314.0,-0.5,-0.5,0.0,0.0,0,0.0,,0,20260122
RB2610P3350.SHF,,,,279.0,279.0,279.0,0.0,0.0,0.0,0.0,0,0.0,,0,20260122
RB2610P3300.SHF,,,,246.0,246.0,246.0,0.0,0.0,0.0,0.0,0,0.0,,0,20260122
RB2610P3250.SHF,,,,215.0,214.5,215.0,0.5,0.5,0.0,0.0,0,0.0,,0,20260122
RB2610P3200.SHF,,,,186.5,185.5,186.5,1.0,1.0,0.0,0.0,0,0.0,,0,20260122
RB2610P3150.SHF,,,,160.0,158.5,160.0,1.5,1.5,0.0,0.0,0,0.0,,0,20260122
RB2610P3100.SHF,,,,136.0,134.0,136.0,2.0,2.0,0.0,0.0,0,0.0,,0,20260122
RB2610P3050.SHF,,,,114.0,112.0,114.0,2.0,2.0,0.0,0.0,0,0.0,,0,20260122
RB2610P3000.SHF,,,,95.0,92.5,95.0,2.5,2.5,0.0,0.0,0,0.0,,0,20260122
RB2610P2950.SHF,,,,78.0,75.5,78.0,2.5,2.5,0.0,0.0,0,0.0,,0,20260122
RB2610P2900.SHF,,,,63.0,60.5,63.0,2.5,2.5,0.0,0.0,0,0.0,,0,20260122
RB2610C3500.SHF,61.0,63.0,61.0,63.0,54.5,61.0,2.0,6.5,6.0,22.0,0,0.371,,0,20260122
RB2610C3450.SHF,70.5,70.5,70.5,70.5,65.0,72.5,1.5,7.5,2.0,8.0,0,0.141,,0,20260122
RB2610C3400.SHF,,,,85.5,77.0,85.5,8.5,8.5,0.0,1.0,0,0.0,,0,20260122
RB2610C3350.SHF,,,,100.0,91.5,100.0,8.5,8.5,0.0,1.0,0,0.0,,0,20260122
RB2610C3300.SHF,,,,117.0,108.0,117.0,9.0,9.0,0.0,3.0,0,0.0,,0,20260122
RB2610C3250.SHF,,,,136.0,126.0,136.0,10.0,10.0,0.0,0.0,0,0.0,,0,20260122
RB2610C3200.SHF,,,,157.0,146.5,157.0,10.5,10.5,0.0,1.0,0,0.0,,0,20260122
RB2610C3150.SHF,,,,180.0,169.5,180.0,10.5,10.5,0.0,0.0,0,0.0,,0,20260122
RB2610C3100.SHF,,,,205.5,194.5,205.5,11.0,11.0,0.0,0.0,0,0.0,,0,20260122
RB2610C3050.SHF,,,,233.0,222.0,233.0,11.0,11.0,0.0,0.0,0,0.0,,0,20260122
RB2610C3000.SHF,,,,263.5,252.5,263.5,11.0,11.0,0.0,0.0,0,0.0,,0,20260122
RB2610C2950.SHF,,,,296.5,285.0,296.5,11.5,11.5,0.0,0.0,0,0.0,,0,20260122
RB2610C2900.SHF,,,,331.0,320.0,331.0,11.0,11.0,0.0,0.0,0,0.0,,0,20260122
RB2607P3500.SHF,,,,362.5,373.5,362.5,-11.0,-11.0,0.0,0.0,0,0.0,,0,20260122
RB2607P3450.SHF,,,,320.0,331.0,320.0,-11.0,-11.0,0.0,0.0,0,0.0,,0,20260122
RB2607P3400.SHF,,,,279.5,290.5,279.5,-11.0,-11.0,0.0,0.0,0,0.0,,0,20260122
RB2607P3350.SHF,,,,241.0,252.5,241.0,-11.5,-11.5,0.0,1.0,0,0.0,,0,20260122
RB2607P3300.SHF,,,,205.0,216.5,205.0,-11.5,-11.5,0.0,3.0,0,0.0,,0,20260122
RB2607P3250.SHF,,,,172.0,183.0,172.0,-11.0,-11.0,0.0,5.0,0,0.0,,0,20260122
RB2607P3200.SHF,,,,141.5,152.5,141.5,-11.0,-11.0,0.0,2.0,0,0.0,,0,20260122
RB2607P3150.SHF,,,,115.0,125.0,115.0,-10.0,-10.0,0.0,7.0,0,0.0,,0,20260122
RB2607P3100.SHF,,,,91.0,101.0,91.0,-10.0,-10.0,0.0,14.0,0,0.0,,0,20260122
RB2607P3050.SHF,,,,71.0,80.0,71.0,-9.0,-9.0,0.0,18.0,0,0.0,,0,20260122
RB2607P3000.SHF,,,,54.0,62.0,54.0,-8.0,-8.0,0.0,21.0,0,0.0,,0,20260122
RB2607P2950.SHF,,,,39.5,47.0,39.5,-7.5,-7.5,0.0,27.0,0,0.0,,0,20260122
RB2607P2900.SHF,,,,28.5,34.5,28.5,-6.0,-6.0,0.0,26.0,0,0.0,,0,20260122
RB2607P2850.SHF,,,,20.0,24.5,20.0,-4.5,-4.5,0.0,25.0,0,0.0,,0,20260122
RB2607P2800.SHF,,,,13.5,17.5,13.5,-2.0,-4.0,0.0,17.0,0,0.0,,0,20260122
RB2607C3500.SHF,,,,22.0,25.0,22.0,-3.0,-3.0,0.0,0.0,0,0.0,,0,20260122
RB2607C3450.SHF,,,,29.5,32.5,29.5,-3.0,-3.0,0.0,55.0,0,0.0,,0,20260122
RB2607C3400.SHF,,,,38.5,42.0,38.5,-8.0,-3.5,0.0,59.0,0,0.0,,0,20260122
RB2607C3350.SHF,,,,50.0,53.5,50.0,-5.0,-3.5,0.0,31.0,0,0.0,,0,20260122
RB2607C3300.SHF,,,,63.5,67.0,63.5,-1.5,-3.5,0.0,28.0,0,0.0,,0,20260122
RB2607C3250.SHF,,,,80.0,83.5,80.0,-3.5,-3.5,0.0,15.0,0,0.0,,0,20260122
RB2607C3200.SHF,100.0,100.0,100.0,100.0,103.0,99.5,-3.0,-3.5,1.0,11.0,0,0.1,,0,20260122
RB2607C3150.SHF,,,,122.5,125.0,122.5,-2.5,-2.5,0.0,14.0,0,0.0,,0,20260122
RB2607C3100.SHF,,,,149.0,150.5,149.0,-1.5,-1.5,0.0,9.0,0,0.0,,0,20260122
RB2607C3050.SHF,,,,178.5,179.5,178.5,-1.0,-1.0,0.0,8.0,0,0.0,,0,20260122
RB2607C3000.SHF,,,,211.0,211.0,211.0,0.0,0.0,0.0,7.0,0,0.0,,0,20260122
RB2607C2950.SHF,,,,247.0,246.0,247.0,1.0,1.0,0.0,5.0,0,0.0,,0,20260122
RB2607C2900.SHF,,,,285.5,283.5,285.5,2.0,2.0,0.0,4.0,0,0.0,,0,20260122
RB2607C2850.SHF,,,,327.0,323.5,327.0,3.5,3.5,0.0,3.0,0,0.0,,0,20260122
RB2607C2800.SHF,,,,370.0,366.0,370.0,4.0,4.0,0.0,2.0,0,0.0,,0,20260122
RB2605P3550.SHF,,,,430.0,440.5,430.0,-13.0,-10.5,0.0,282.0,0,0.0,,0,20260122
RB2605P3500.SHF,,,,382.5,393.5,382.5,-11.0,-11.0,0.0,124.0,0,0.0,,0,20260122
RB2605P3450.SHF,,,,336.5,347.0,336.5,-19.5,-10.5,0.0,158.0,0,0.0,,0,20260122
RB2605P3400.SHF,295.5,295.5,295.5,295.5,302.0,292.0,-14.5,-10.0,2.0,715.0,0,0.591,,0,20260122
RB2605P3350.SHF,251.5,251.5,251.5,251.5,259.5,249.5,-4.0,-10.0,8.0,189.0,0,2.012,,0,20260122
RB2605P3300.SHF,216.0,217.0,206.0,212.0,219.0,209.0,-3.0,-10.0,55.0,478.0,0,11.644,,0,20260122
RB2605P3250.SHF,174.5,174.5,165.0,168.5,181.5,172.0,-3.5,-9.5,48.0,824.0,0,8.1055,,0,20260122
RB2605P3200.SHF,136.0,137.0,125.0,129.5,147.0,138.5,-6.0,-8.5,129.0,533.0,0,17.0125,,0,20260122
RB2605P3150.SHF,100.0,102.0,92.0,99.0,116.5,108.5,-1.0,-8.0,335.0,2519.0,0,32.243,,0,20260122
RB2605P3100.SHF,73.0,73.0,65.0,71.0,90.0,83.0,-1.0,-7.0,940.0,6836.0,0,64.783,,0,20260122
RB2605P3050.SHF,48.5,49.5,44.0,47.0,67.0,61.5,-1.5,-5.5,566.0,6124.0,0,26.529,,0,20260122
RB2605P3000.SHF,33.5,34.5,30.0,32.0,48.5,44.0,-0.5,-4.5,1707.0,7191.0,0,54.4265,,0,20260122
RB2605P2950.SHF,20.0,21.5,18.5,20.5,34.0,30.0,-0.5,-4.0,638.0,3767.0,0,12.557,,0,20260122
RB2605P2900.SHF,13.0,14.0,12.0,13.0,23.0,20.0,0.0,-3.0,578.0,3651.0,0,7.838,,0,20260122
RB2605P2850.SHF,8.0,8.0,7.0,8.0,14.5,12.5,0.0,-2.0,819.0,5375.0,0,7.288,,0,20260122
RB2605P2800.SHF,6.0,6.5,5.5,6.5,9.0,7.5,0.0,-1.5,1236.0,5994.0,0,7.806,,0,20260122
RB2605P2750.SHF,4.0,4.5,3.5,4.0,5.0,4.0,0.0,-1.0,1061.0,8887.0,0,4.3125,,0,20260122
RB2605C3550.SHF,15.0,16.5,14.0,16.0,4.5,4.5,1.0,0.0,3350.0,24599.0,0,52.331,,0,20260122
RB2605C3500.SHF,17.0,19.0,17.0,18.0,7.0,7.5,1.5,0.5,452.0,5327.0,0,8.1645,,0,20260122
RB2605C3450.SHF,22.0,22.0,18.5,21.0,11.0,11.0,2.0,0.0,275.0,3680.0,0,5.529,,0,20260122
RB2605C3400.SHF,24.5,26.5,23.5,25.5,16.0,16.5,1.5,0.5,786.0,11789.0,0,19.7395,,0,20260122
RB2605C3350.SHF,26.5,30.5,26.5,30.0,23.0,24.0,2.0,1.0,491.0,5729.0,0,14.204,,0,20260122
RB2605C3300.SHF,34.5,38.5,33.0,38.0,32.5,33.5,3.5,1.0,2015.0,9698.0,0,73.1315,,0,20260122
RB2605C3250.SHF,40.5,47.0,40.0,45.5,44.5,46.5,4.5,2.0,2056.0,8140.0,0,91.9065,,0,20260122
RB2605C3200.SHF,54.0,59.5,53.0,58.0,60.5,62.5,3.0,2.0,2985.0,16724.0,0,168.4885,,0,20260122
RB2605C3150.SHF,69.0,76.0,68.5,74.5,79.5,82.5,5.5,3.0,1685.0,5083.0,0,122.4865,,0,20260122
RB2605C3100.SHF,90.5,101.5,87.5,97.5,102.5,107.0,6.0,4.5,406.0,2606.0,0,37.898,,0,20260122
RB2605C3050.SHF,117.0,129.0,116.0,123.0,130.0,135.0,6.0,5.0,105.0,1120.0,0,12.9,,0,20260122
RB2605C3000.SHF,149.5,163.0,149.5,163.0,161.5,167.5,13.0,6.0,28.0,1600.0,0,4.415,,0,20260122
RB2605C2950.SHF,202.0,202.0,202.0,202.0,196.5,203.5,18.0,7.0,1.0,862.0,0,0.202,,0,20260122
RB2605C2900.SHF,231.0,245.5,231.0,245.5,235.5,243.0,17.0,7.5,12.0,231.0,0,2.801,,0,20260122
RB2605C2850.SHF,281.5,289.0,281.5,285.0,277.0,286.0,8.0,9.0,5.0,379.0,0,1.428,,0,20260122
RB2605C2800.SHF,,,,330.5,321.0,330.5,16.5,9.5,0.0,288.0,0,0.0,,0,20260122
RB2605C2750.SHF,,,,377.5,367.5,377.5,10.0,10.0,0.0,254.0,0,0.0,,0,20260122
RB2603P3600.SHF,,,,497.0,508.0,497.0,-11.0,-11.0,0.0,2.0,0,0.0,,0,20260122
RB2603P3550.SHF,,,,447.0,458.0,447.0,-11.0,-11.0,0.0,0.0,0,0.0,,0,20260122
RB2603P3500.SHF,,,,397.0,408.0,397.0,-11.0,-11.0,0.0,0.0,0,0.0,,0,20260122
RB2603P3450.SHF,,,,347.5,358.0,347.5,-10.5,-10.5,0.0,1.0,0,0.0,,0,20260122
RB2603P3400.SHF,,,,299.0,309.0,299.0,-10.0,-10.0,0.0,2.0,0,0.0,,0,20260122
RB2603P3350.SHF,,,,251.0,260.5,251.0,-9.5,-9.5,0.0,1.0,0,0.0,,0,20260122
RB2603P3300.SHF,,,,205.0,213.5,205.0,-8.5,-8.5,0.0,2.0,0,0.0,,0,20260122
RB2603P3250.SHF,,,,162.0,169.0,162.0,-7.0,-7.0,0.0,3.0,0,0.0,,0,20260122
RB2603P3200.SHF,,,,123.0,128.0,123.0,-5.0,-5.0,0.0,6.0,0,0.0,,0,20260122
RB2603P3150.SHF,246.5,246.5,63.0,71.0,92.5,88.5,-8.5,-4.0,11.0,29.0,0,0.911,,0,20260122
RB2603P3100.SHF,47.5,47.5,41.5,41.5,62.5,60.5,-7.0,-2.0,24.0,103.0,0,1.0395,,0,20260122
RB2603P3050.SHF,10.5,17.0,10.5,17.0,39.0,38.5,-4.0,-0.5,5.0,74.0,0,0.067,,0,20260122
RB2603P3000.SHF,2.5,8.0,2.5,4.5,22.5,23.0,-0.5,0.5,30.0,131.0,0,0.1975,,0,20260122
RB2603P2950.SHF,4.0,4.0,4.0,4.0,12.0,12.5,-1.5,0.5,14.0,91.0,0,0.056,,0,20260122
RB2603P2900.SHF,,,,6.0,5.5,6.0,0.5,0.5,0.0,60.0,0,0.0,,0,20260122
RB2603P2850.SHF,,,,2.5,2.0,2.5,0.5,0.5,0.0,164.0,0,0.0,,0,20260122
RB2603P2800.SHF,,,,1.0,0.5,1.0,0.5,0.5,0.0,26.0,0,0.0,,0,20260122
RB2603P2750.SHF,,,,0.5,0.5,0.5,0.0,0.0,0.0,12.0,0,0.0,,0,20260122
RB2603P2700.SHF,,,,0.5,0.5,0.5,0.0,0.0,0.0,19.0,0,0.0,,0,20260122
RB2603C3600.SHF,2.5,4.0,1.5,4.0,0.5,0.5,2.5,0.0,340.0,2254.0,0,0.8395,,0,20260122
RB2603C3550.SHF,3.0,4.0,2.5,2.5,0.5,0.5,1.0,0.0,83.0,143.0,0,0.2835,,0,20260122
RB2603C3500.SHF,,,,0.5,0.5,0.5,0.0,0.0,0.0,68.0,0,0.0,,0,20260122
RB2603C3450.SHF,,,,1.0,0.5,1.0,0.5,0.5,0.0,73.0,0,0.0,,0,20260122
RB2603C3400.SHF,6.5,6.5,3.5,4.0,1.0,2.0,0.5,1.0,37.0,144.0,0,0.154,,0,20260122
RB2603C3350.SHF,,,,4.0,2.5,4.0,1.5,1.5,0.0,118.0,0,0.0,,0,20260122
RB2603C3300.SHF,3.0,3.5,3.0,3.5,5.5,8.5,0.0,3.0,5.0,840.0,0,0.0155,,0,20260122
RB2603C3250.SHF,9.0,9.0,5.5,5.5,11.0,15.0,0.0,4.0,28.0,497.0,0,0.208,,0,20260122
RB2603C3200.SHF,9.5,12.0,8.0,10.0,20.0,26.0,1.0,6.0,525.0,1952.0,0,5.4865,,0,20260122
RB2603C3150.SHF,22.5,23.0,17.5,21.0,34.5,41.5,0.5,7.0,39.0,234.0,0,0.8625,,0,20260122
RB2603C3100.SHF,50.5,50.5,38.0,47.0,54.5,63.5,4.0,9.0,3.0,36.0,0,0.1355,,0,20260122
RB2603C3050.SHF,76.5,76.5,76.5,76.5,81.0,91.5,6.5,10.5,1.0,7.0,0,0.0765,,0,20260122
RB2603C3000.SHF,,,,125.5,114.5,125.5,11.0,11.0,0.0,3.0,0,0.0,,0,20260122
RB2603C2950.SHF,,,,165.0,153.5,165.0,11.5,11.5,0.0,1.0,0,0.0,,0,20260122
RB2603C2900.SHF,,,,209.0,197.5,209.0,11.5,11.5,0.0,1.0,0,0.0,,0,20260122
RB2603C2850.SHF,,,,255.5,244.0,255.5,11.5,11.5,0.0,11.0,0,0.0,,0,20260122
RB2603C2800.SHF,,,,303.5,292.5,303.5,11.0,11.0,0.0,0.0,0,0.0,,0,20260122
RB2603C2750.SHF,,,,353.0,342.0,353.0,11.0,11.0,0.0,0.0,0,0.0,,0,20260122
RB2603C2700.SHF,,,,403.0,392.0,403.0,11.0,11.0,0.0,0.0,0,0.0,,0,20260122
RB2602P3400.SHF,,,,325.0,338.0,325.0,-13.0,-13.0,0.0,0.0,0,0.0,,0,20260122
RB2602P3350.SHF,,,,275.0,288.0,275.0,-6.0,-13.0,0.0,3.0,0,0.0,,0,20260122
RB2602P3300.SHF,,,,225.0,238.0,225.0,-13.0,-13.0,0.0,2.0,0,0.0,,0,20260122
RB2602P3250.SHF,,,,175.0,188.0,175.0,-13.0,-13.0,0.0,7.0,0,0.0,,0,20260122
RB2602P3200.SHF,,,,125.0,138.5,125.0,-13.5,-13.5,0.0,84.0,0,0.0,,0,20260122
RB2602P3150.SHF,86.0,86.0,69.5,73.0,91.0,78.0,-7.0,-13.0,109.0,205.0,0,8.045,,0,20260122
RB2602P3100.SHF,54.5,54.5,25.0,34.0,50.5,38.5,-4.0,-12.0,285.0,1469.0,0,8.773,,0,20260122
RB2602P3050.SHF,10.0,16.0,4.0,9.0,21.5,13.0,-1.0,-8.5,3106.0,2789.0,0,22.8205,,0,20260122
RB2602P3000.SHF,1.5,3.0,0.5,1.5,6.5,2.5,-1.0,-4.0,2554.0,2953.0,0,3.136,,0,20260122
RB2602P2950.SHF,0.5,1.0,0.5,0.5,1.0,0.5,-0.5,-0.5,247.0,909.0,0,0.124,,0,20260122
RB2602P2900.SHF,0.5,0.5,0.5,0.5,0.5,0.5,0.0,0.0,25.0,339.0,0,0.0125,,0,20260122
RB2602P2850.SHF,,,,0.5,0.5,0.5,0.0,0.0,0.0,46.0,0,0.0,,0,20260122
RB2602P2800.SHF,,,,0.5,0.5,0.5,0.0,0.0,0.0,251.0,0,0.0,,0,20260122
RB2602C3400.SHF,0.5,0.5,0.5,0.5,0.5,0.5,0.0,0.0,41.0,1071.0,0,0.0205,,0,20260122
RB2602C3350.SHF,0.5,0.5,0.5,0.5,0.5,0.5,0.0,0.0,183.0,2593.0,0,0.0915,,0,20260122
RB2602C3300.SHF,1.0,1.5,0.5,1.0,0.5,0.5,0.5,0.0,1805.0,3007.0,0,1.3385,,0,20260122
RB2602C3250.SHF,1.5,1.5,0.5,1.0,0.5,0.5,0.0,0.0,918.0,3789.0,0,0.98,,0,20260122
RB2602C3200.SHF,2.0,2.5,1.0,1.5,0.5,0.5,-0.5,0.0,3212.0,10130.0,0,5.8535,,0,20260122
RB2602C3150.SHF,2.0,4.5,2.0,3.0,3.0,3.0,0.0,0.0,2667.0,7156.0,0,8.707,,0,20260122
RB2602C3100.SHF,9.0,13.5,7.0,11.0,12.5,13.5,1.5,1.0,9632.0,3732.0,0,103.0385,,0,20260122
RB2602C3050.SHF,21.0,42.5,20.5,33.5,33.5,38.0,2.5,4.5,50.0,244.0,0,1.745,,0,20260122
RB2602C3000.SHF,,,,77.5,68.5,77.5,17.5,9.0,0.0,9.0,0,0.0,,0,20260122
RB2602C2950.SHF,,,,125.0,113.0,125.0,12.0,12.0,0.0,1.0,0,0.0,,0,20260122
RB2602C2900.SHF,,,,175.0,162.0,175.0,13.0,13.0,0.0,0.0,0,0.0,,0,20260122
RB2602C2850.SHF,,,,225.0,212.0,225.0,13.0,13.0,0.0,0.0,0,0.0,,0,20260122
RB2602C2800.SHF,,,,275.0,262.0,275.0,13.0,13.0,0.0,0.0,0,0.0,,0,20260122
RB2610P3500.SHF,,,,391.0,378.0,391.0,13.0,13.0,0.0,0.0,0,0.0,,0,20260121
RB2610P3450.SHF,,,,352.0,340.0,352.0,12.0,12.0,0.0,0.0,0,0.0,,0,20260121
RB2610P3400.SHF,,,,314.5,303.0,314.5,11.5,11.5,0.0,0.0,0,0.0,,0,20260121
RB2610P3350.SHF,,,,279.0,268.0,279.0,11.0,11.0,0.0,0.0,0,0.0,,0,20260121
RB2610P3300.SHF,,,,246.0,235.5,246.0,10.5,10.5,0.0,0.0,0,0.0,,0,20260121
RB2610P3250.SHF,,,,214.5,205.0,214.5,9.5,9.5,0.0,0.0,0,0.0,,0,20260121
RB2610P3200.SHF,,,,185.5,176.5,185.5,9.0,9.0,0.0,0.0,0,0.0,,0,20260121
RB2610P3150.SHF,,,,158.5,150.5,158.5,8.0,8.0,0.0,0.0,0,0.0,,0,20260121
RB2610P3100.SHF,,,,134.0,127.0,134.0,7.0,7.0,0.0,0.0,0,0.0,,0,20260121
RB2610P3050.SHF,,,,112.0,105.5,112.0,6.5,6.5,0.0,0.0,0,0.0,,0,20260121
RB2610P3000.SHF,,,,92.5,87.0,92.5,5.5,5.5,0.0,0.0,0,0.0,,0,20260121
RB2610P2950.SHF,,,,75.5,70.0,75.5,5.5,5.5,0.0,0.0,0,0.0,,0,20260121
RB2610P2900.SHF,,,,60.5,56.0,60.5,,4.5,0.0,0.0,0,0.0,,0,20260121
RB2610C3500.SHF,58.0,61.0,31.0,61.0,57.5,54.5,3.5,-3.0,4.0,16.0,0,0.211,,0,20260121
RB2610C3450.SHF,69.5,69.5,69.0,69.0,69.0,65.0,0.0,-4.0,2.0,7.0,0,0.1385,,0,20260121
RB2610C3400.SHF,,,,77.0,81.5,77.0,-4.5,-4.5,0.0,1.0,0,0.0,,0,20260121
RB2610C3350.SHF,,,,91.5,96.5,91.5,-5.0,-5.0,0.0,1.0,0,0.0,,0,20260121
RB2610C3300.SHF,,,,108.0,113.0,108.0,-5.0,-5.0,0.0,3.0,0,0.0,,0,20260121
RB2610C3250.SHF,,,,126.0,132.5,126.0,-6.5,-6.5,0.0,0.0,0,0.0,,0,20260121
RB2610C3200.SHF,,,,146.5,154.0,146.5,-7.5,-7.5,0.0,1.0,0,0.0,,0,20260121
RB2610C3150.SHF,,,,169.5,177.5,169.5,-8.0,-8.0,0.0,0.0,0,0.0,,0,20260121
RB2610C3100.SHF,,,,194.5,203.5,194.5,-9.0,-9.0,0.0,0.0,0,0.0,,0,20260121
RB2610C3050.SHF,,,,222.0,231.5,222.0,-9.5,-9.5,0.0,0.0,0,0.0,,0,20260121
RB2610C3000.SHF,,,,252.5,262.5,252.5,-10.0,-10.0,0.0,0.0,0,0.0,,0,20260121
RB2610C2950.SHF,,,,285.0,295.5,285.0,-10.5,-10.5,0.0,0.0,0,0.0,,0,20260121
RB2610C2900.SHF,,,,320.0,331.0,320.0,,-11.0,0.0,0.0,0,0.0,,0,20260121
RB2607P3500.SHF,,,,373.5,361.5,373.5,12.0,12.0,0.0,0.0,0,0.0,,0,20260121
RB2607P3450.SHF,,,,331.0,320.0,331.0,11.0,11.0,0.0,0.0,0,0.0,,0,20260121
RB2607P3400.SHF,,,,290.5,281.0,290.5,9.5,9.5,0.0,0.0,0,0.0,,0,20260121
RB2607P3350.SHF,,,,252.5,244.0,252.5,8.5,8.5,0.0,1.0,0,0.0,,0,20260121
RB2607P3300.SHF,,,,216.5,209.0,216.5,7.5,7.5,0.0,3.0,0,0.0,,0,20260121
RB2607P3250.SHF,,,,183.0,177.0,183.0,6.0,6.0,0.0,5.0,0,0.0,,0,20260121
RB2607P3200.SHF,,,,152.5,148.0,152.5,4.5,4.5,0.0,2.0,0,0.0,,0,20260121
RB2607P3150.SHF,,,,125.0,121.5,125.0,3.5,3.5,0.0,7.0,0,0.0,,0,20260121
RB2607P3100.SHF,,,,101.0,98.0,101.0,3.0,3.0,0.0,14.0,0,0.0,,0,20260121
RB2607P3050.SHF,,,,80.0,78.0,80.0,2.0,2.0,0.0,18.0,0,0.0,,0,20260121
RB2607P3000.SHF,,,,62.0,60.5,62.0,1.5,1.5,0.0,21.0,0,0.0,,0,20260121
RB2607P2950.SHF,,,,47.0,46.0,47.0,1.0,1.0,0.0,27.0,0,0.0,,0,20260121
RB2607P2900.SHF,,,,34.5,34.0,34.5,0.5,0.5,0.0,26.0,0,0.0,,0,20260121
RB2607P2850.SHF,,,,24.5,25.0,24.5,6.5,-0.5,0.0,25.0,0,0.0,,0,20260121
RB2607P2800.SHF,15.0,15.5,15.0,15.5,17.5,17.5,-2.0,0.0,2.0,17.0,0,0.0305,,0,20260121
RB2607C3500.SHF,,,,25.0,31.0,25.0,-6.0,-6.0,0.0,0.0,0,0.0,,0,20260121
RB2607C3450.SHF,,,,32.5,39.5,32.5,-10.5,-7.0,0.0,55.0,0,0.0,,0,20260121
RB2607C3400.SHF,47.5,47.5,46.5,46.5,50.0,42.0,1.5,-8.0,2.0,59.0,0,0.094,,0,20260121
RB2607C3350.SHF,55.0,55.0,55.0,55.0,62.5,53.5,1.0,-9.0,2.0,31.0,0,0.11,,0,20260121
RB2607C3300.SHF,67.0,67.0,65.0,65.0,77.5,67.0,0.0,-10.5,4.0,28.0,0,0.264,,0,20260121
RB2607C3250.SHF,,,,83.5,95.5,83.5,-12.0,-12.0,0.0,15.0,0,0.0,,0,20260121
RB2607C3200.SHF,,,,103.0,116.0,103.0,-13.0,-13.0,0.0,10.0,0,0.0,,0,20260121
RB2607C3150.SHF,,,,125.0,139.5,125.0,-14.5,-14.5,0.0,14.0,0,0.0,,0,20260121
RB2607C3100.SHF,,,,150.5,166.0,150.5,-15.5,-15.5,0.0,9.0,0,0.0,,0,20260121
RB2607C3050.SHF,,,,179.5,195.5,179.5,-16.0,-16.0,0.0,8.0,0,0.0,,0,20260121
RB2607C3000.SHF,,,,211.0,228.0,211.0,-17.0,-17.0,0.0,7.0,0,0.0,,0,20260121
RB2607C2950.SHF,,,,246.0,263.0,246.0,-17.0,-17.0,0.0,5.0,0,0.0,,0,20260121
RB2607C2900.SHF,,,,283.5,301.0,283.5,-17.5,-17.5,0.0,4.0,0,0.0,,0,20260121
RB2607C2850.SHF,,,,323.5,341.5,323.5,-18.0,-18.0,0.0,3.0,0,0.0,,0,20260121
RB2607C2800.SHF,,,,366.0,384.0,366.0,-18.0,-18.0,0.0,2.0,0,0.0,,0,20260121
RB2605P3550.SHF,442.0,443.0,442.0,443.0,426.5,440.5,14.5,14.0,6.0,282.0,0,2.655,,0,20260121
RB2605P3500.SHF,,,,393.5,379.5,393.5,16.5,14.0,0.0,124.0,0,0.0,,0,20260121
RB2605P3450.SHF,356.0,356.0,356.0,356.0,334.0,347.0,21.0,13.0,1.0,158.0,0,0.356,,0,20260121
RB2605P3400.SHF,304.5,310.0,304.5,310.0,290.0,302.0,28.5,12.0,7.0,715.0,0,2.1425,,0,20260121
RB2605P3350.SHF,260.5,260.5,255.5,255.5,248.0,259.5,7.5,11.5,24.0,197.0,0,6.225,,0,20260121
RB2605P3300.SHF,215.5,215.5,215.0,215.0,208.5,219.0,6.0,10.5,2.0,480.0,0,0.4305,,0,20260121
RB2605P3250.SHF,174.5,181.0,172.0,172.0,172.0,181.5,-4.0,9.5,41.0,832.0,0,7.225,,0,20260121
RB2605P3200.SHF,139.0,142.0,133.0,135.5,138.5,147.0,-1.0,8.5,84.0,550.0,0,11.553,,0,20260121
RB2605P3150.SHF,105.5,109.0,98.0,100.0,109.0,116.5,-3.0,7.5,242.0,2416.0,0,24.6925,,0,20260121
RB2605P3100.SHF,67.0,79.0,67.0,72.0,83.5,90.0,-4.0,6.5,1151.0,6833.0,0,84.723,,0,20260121
RB2605P3050.SHF,45.5,55.0,45.5,48.5,62.5,67.0,-4.5,4.5,768.0,5989.0,0,38.3375,,0,20260121
RB2605P3000.SHF,35.5,36.5,30.5,32.5,45.0,48.5,-3.5,3.5,1122.0,6723.0,0,38.6795,,0,20260121
RB2605P2950.SHF,18.0,23.5,18.0,21.0,31.0,34.0,-2.5,3.0,754.0,3431.0,0,17.2785,,0,20260121
RB2605P2900.SHF,14.5,14.5,11.5,13.0,20.5,23.0,-1.0,2.5,421.0,3575.0,0,5.753,,0,20260121
RB2605P2850.SHF,8.0,9.0,6.5,8.0,13.5,14.5,-0.5,1.0,610.0,5411.0,0,4.6805,,0,20260121
RB2605P2800.SHF,6.0,6.5,4.5,6.5,8.0,9.0,0.5,1.0,3377.0,6031.0,0,20.1725,,0,20260121
RB2605P2750.SHF,4.0,4.5,3.5,4.0,4.5,5.0,-0.5,0.5,3219.0,8635.0,0,12.815,,0,20260121
RB2605C3550.SHF,12.0,15.5,12.0,15.0,5.5,4.5,2.0,-1.0,4836.0,24643.0,0,69.5435,,0,20260121
RB2605C3500.SHF,12.0,17.0,12.0,16.5,8.5,7.0,1.0,-1.5,1041.0,5196.0,0,16.8225,,0,20260121
RB2605C3450.SHF,19.5,19.5,18.0,19.0,13.0,11.0,1.0,-2.0,1320.0,3579.0,0,24.239,,0,20260121
RB2605C3400.SHF,23.0,25.0,22.5,24.0,18.5,16.0,1.5,-2.5,1484.0,11537.0,0,33.815,,0,20260121
RB2605C3350.SHF,27.0,28.0,25.5,28.0,26.5,23.0,2.5,-3.5,646.0,5777.0,0,17.4255,,0,20260121
RB2605C3300.SHF,34.0,36.0,32.5,34.5,37.0,32.5,2.0,-4.5,2639.0,9399.0,0,89.2085,,0,20260121
RB2605C3250.SHF,40.5,42.0,39.0,41.0,50.0,44.5,0.5,-5.5,1022.0,7770.0,0,40.8665,,0,20260121
RB2605C3200.SHF,54.5,55.5,51.5,55.0,66.5,60.5,1.5,-6.0,3052.0,16403.0,0,162.6755,,0,20260121
RB2605C3150.SHF,68.5,71.0,64.5,69.0,87.0,79.5,1.0,-7.5,1657.0,4827.0,0,112.155,,0,20260121
RB2605C3100.SHF,90.5,94.0,84.0,91.5,111.5,102.5,2.5,-9.0,535.0,2695.0,0,47.1635,,0,20260121
RB2605C3050.SHF,119.0,119.0,112.0,117.0,140.0,130.0,1.5,-10.0,56.0,1134.0,0,6.5485,,0,20260121
RB2605C3000.SHF,150.0,152.0,144.5,150.0,172.5,161.5,-1.5,-11.0,32.0,1607.0,0,4.777,,0,20260121
RB2605C2950.SHF,181.0,184.0,181.0,184.0,208.5,196.5,-8.5,-12.0,10.0,861.0,0,1.828,,0,20260121
RB2605C2900.SHF,218.5,228.5,218.5,228.5,248.0,235.5,-1.5,-12.5,2.0,230.0,0,0.447,,0,20260121
RB2605C2850.SHF,,,,277.0,290.5,277.0,-1.0,-13.5,0.0,381.0,0,0.0,,0,20260121
RB2605C2800.SHF,314.0,314.0,314.0,314.0,335.0,321.0,-30.5,-14.0,1.0,288.0,0,0.314,,0,20260121
RB2605C2750.SHF,,,,367.5,382.0,367.5,-14.5,-14.5,0.0,254.0,0,0.0,,0,20260121
RB2603P3600.SHF,,,,508.0,492.0,508.0,16.0,16.0,0.0,2.0,0,0.0,,0,20260121
RB2603P3550.SHF,,,,458.0,442.0,458.0,16.0,16.0,0.0,0.0,0,0.0,,0,20260121
RB2603P3500.SHF,,,,408.0,392.0,408.0,16.0,16.0,0.0,0.0,0,0.0,,0,20260121
RB2603P3450.SHF,,,,358.0,342.0,358.0,16.0,16.0,0.0,1.0,0,0.0,,0,20260121
RB2603P3400.SHF,,,,309.0,293.0,309.0,16.0,16.0,0.0,2.0,0,0.0,,0,20260121
RB2603P3350.SHF,,,,260.5,244.5,260.5,16.0,16.0,0.0,1.0,0,0.0,,0,20260121
RB2603P3300.SHF,,,,213.5,197.5,213.5,16.0,16.0,0.0,2.0,0,0.0,,0,20260121
RB2603P3250.SHF,,,,169.0,153.5,169.0,15.5,15.5,0.0,3.0,0,0.0,,0,20260121
RB2603P3200.SHF,,,,128.0,114.0,128.0,12.0,14.0,0.0,6.0,0,0.0,,0,20260121
RB2603P3150.SHF,79.5,79.5,79.5,79.5,79.5,92.5,-0.5,13.0,1.0,27.0,0,0.0795,,0,20260121
RB2603P3100.SHF,46.5,48.5,46.0,48.5,51.5,62.5,3.5,11.0,6.0,81.0,0,0.2805,,0,20260121
RB2603P3050.SHF,30.0,30.0,20.5,21.0,30.5,39.0,-5.0,8.5,11.0,73.0,0,0.2415,,0,20260121
RB2603P3000.SHF,8.0,10.0,3.0,5.0,16.5,22.5,-4.5,6.0,27.0,142.0,0,0.139,,0,20260121
RB2603P2950.SHF,3.5,5.5,3.0,5.5,8.0,12.0,0.0,4.0,15.0,77.0,0,0.052,,0,20260121
RB2603P2900.SHF,,,,5.5,3.5,5.5,2.0,2.0,0.0,60.0,0,0.0,,0,20260121
RB2603P2850.SHF,,,,2.0,1.0,2.0,0.0,1.0,0.0,164.0,0,0.0,,0,20260121
RB2603P2800.SHF,,,,0.5,0.5,0.5,0.0,0.0,0.0,26.0,0,0.0,,0,20260121
RB2603P2750.SHF,,,,0.5,0.5,0.5,0.0,0.0,0.0,12.0,0,0.0,,0,20260121
RB2603P2700.SHF,,,,0.5,0.5,0.5,0.0,0.0,0.0,19.0,0,0.0,,0,20260121
RB2603C3600.SHF,2.0,2.5,0.5,1.5,0.5,0.5,-0.5,0.0,442.0,2039.0,0,0.5805,,0,20260121
RB2603C3550.SHF,0.5,1.5,0.5,1.5,0.5,0.5,0.0,0.0,24.0,90.0,0,0.025,,0,20260121
RB2603C3500.SHF,,,,0.5,0.5,0.5,-2.0,0.0,0.0,68.0,0,0.0,,0,20260121
RB2603C3450.SHF,,,,0.5,0.5,0.5,-2.0,0.0,0.0,73.0,0,0.0,,0,20260121
RB2603C3400.SHF,4.0,4.5,3.5,3.5,1.0,1.0,0.5,0.0,34.0,112.0,0,0.134,,0,20260121
RB2603C3350.SHF,,,,2.5,2.5,2.5,-2.0,0.0,0.0,118.0,0,0.0,,0,20260121
RB2603C3300.SHF,4.0,6.0,3.5,3.5,6.0,5.5,-1.5,-0.5,28.0,840.0,0,0.1275,,0,20260121
RB2603C3250.SHF,6.0,7.5,4.0,5.5,12.0,11.0,-1.0,-1.0,60.0,497.0,0,0.322,,0,20260121
RB2603C3200.SHF,11.0,13.5,8.0,9.0,22.0,20.0,-2.5,-2.0,705.0,1811.0,0,6.768,,0,20260121
RB2603C3150.SHF,17.0,22.0,17.0,20.5,37.5,34.5,-2.5,-3.0,46.0,200.0,0,0.903,,0,20260121
RB2603C3100.SHF,42.0,43.0,36.0,43.0,59.5,54.5,5.0,-5.0,5.0,34.0,0,0.199,,0,20260121
RB2603C3050.SHF,70.0,70.0,70.0,70.0,88.5,81.0,0.5,-7.5,1.0,6.0,0,0.07,,0,20260121
RB2603C3000.SHF,,,,114.5,124.5,114.5,-10.0,-10.0,0.0,3.0,0,0.0,,0,20260121
RB2603C2950.SHF,,,,153.5,166.0,153.5,-12.5,-12.5,0.0,1.0,0,0.0,,0,20260121
RB2603C2900.SHF,,,,197.5,211.0,197.5,-13.5,-13.5,0.0,1.0,0,0.0,,0,20260121
RB2603C2850.SHF,,,,244.0,259.0,244.0,-15.0,-15.0,0.0,11.0,0,0.0,,0,20260121
RB2603C2800.SHF,,,,292.5,308.0,292.5,-15.5,-15.5,0.0,0.0,0,0.0,,0,20260121
RB2603C2750.SHF,,,,342.0,358.0,342.0,-16.0,-16.0,0.0,0.0,0,0.0,,0,20260121
RB2603C2700.SHF,,,,392.0,408.0,392.0,-16.0,-16.0,0.0,0.0,0,0.0,,0,20260121
RB2602P3400.SHF,,,,338.0,314.0,338.0,24.0,24.0,0.0,0.0,0,0.0,,0,20260121
RB2602P3350.SHF,281.0,281.0,281.0,281.0,264.0,288.0,17.0,24.0,1.0,3.0,0,0.281,,0,20260121
RB2602P3300.SHF,,,,238.0,214.0,238.0,24.0,24.0,0.0,2.0,0,0.0,,0,20260121
RB2602P3250.SHF,,,,188.0,164.0,188.0,24.0,24.0,0.0,7.0,0,0.0,,0,20260121
RB2602P3200.SHF,,,,138.5,116.0,138.5,10.5,22.5,0.0,84.0,0,0.0,,0,20260121
RB2602P3150.SHF,85.0,98.0,80.0,80.0,72.5,91.0,-1.5,18.5,74.0,190.0,0,6.2645,,0,20260121
RB2602P3100.SHF,40.5,54.0,36.0,38.0,38.0,50.5,-0.5,12.5,321.0,1438.0,0,14.0495,,0,20260121
RB2602P3050.SHF,14.0,20.0,7.5,10.0,15.5,21.5,-2.5,6.0,3147.0,2522.0,0,42.894,,0,20260121
RB2602P3000.SHF,4.5,5.0,1.5,2.5,4.5,6.5,-2.0,2.0,3728.0,2904.0,0,11.718,,0,20260121
RB2602P2950.SHF,1.5,2.0,1.0,1.0,0.5,1.0,-0.5,0.5,403.0,1032.0,0,0.43,,0,20260121
RB2602P2900.SHF,1.0,1.5,0.5,0.5,0.5,0.5,-0.5,0.0,76.0,339.0,0,0.0935,,0,20260121
RB2602P2850.SHF,0.5,0.5,0.5,0.5,0.5,0.5,0.0,0.0,5.0,46.0,0,0.0025,,0,20260121
RB2602P2800.SHF,,,,0.5,0.5,0.5,0.0,0.0,0.0,251.0,0,0.0,,0,20260121
RB2602C3400.SHF,0.5,0.5,0.5,0.5,0.5,0.5,0.0,0.0,303.0,1105.0,0,0.1515,,0,20260121
RB2602C3350.SHF,0.5,1.0,0.5,0.5,0.5,0.5,0.0,0.0,1023.0,2711.0,0,0.612,,0,20260121
RB2602C3300.SHF,1.0,1.0,0.5,0.5,0.5,0.5,-0.5,0.0,793.0,2654.0,0,0.638,,0,20260121
RB2602C3250.SHF,1.0,1.5,1.0,1.0,0.5,0.5,0.0,0.0,985.0,3644.0,0,0.997,,0,20260121
RB2602C3200.SHF,2.0,2.0,1.0,2.0,2.0,0.5,0.5,-1.5,4516.0,10359.0,0,7.366,,0,20260121
RB2602C3150.SHF,4.5,4.5,2.0,3.0,8.5,3.0,-1.5,-5.5,5183.0,7067.0,0,15.5095,,0,20260121
RB2602C3100.SHF,12.0,12.5,7.0,9.5,24.0,12.5,-2.5,-11.5,4735.0,2919.0,0,46.5575,,0,20260121
RB2602C3050.SHF,32.0,37.5,20.5,31.0,51.5,33.5,0.0,-18.0,175.0,230.0,0,4.5425,,0,20260121
RB2602C3000.SHF,65.0,80.5,60.0,60.0,90.5,68.5,-13.0,-22.0,8.0,9.0,0,0.5745,,0,20260121
RB2602C2950.SHF,,,,113.0,136.5,113.0,-23.5,-23.5,0.0,1.0,0,0.0,,0,20260121
RB2602C2900.SHF,,,,162.0,186.0,162.0,-24.0,-24.0,0.0,0.0,0,0.0,,0,20260121
RB2602C2850.SHF,,,,212.0,236.0,212.0,-24.0,-24.0,0.0,0.0,0,0.0,,0,20260121
RB2602C2800.SHF,,,,262.0,286.0,262.0,-24.0,-24.0,0.0,0.0,0,0.0,,0,20260121
RB2610P3500.SHF,,,,384.5,388.5,384.5,-4.0,-4.0,0.0,0.0,0,0.0,,0,20260123
RB2610P3450.SHF,,,,346.5,350.5,346.5,-4.0,-4.0,0.0,0.0,0,0.0,,0,20260123
RB2610P3400.SHF,,,,311.0,314.0,311.0,-3.0,-3.0,0.0,0.0,0,0.0,,0,20260123
RB2610P3350.SHF,,,,276.5,279.0,276.5,-2.5,-2.5,0.0,0.0,0,0.0,,0,20260123
RB2610P3300.SHF,,,,244.0,246.0,244.0,-2.0,-2.0,0.0,0.0,0,0.0,,0,20260123
RB2610P3250.SHF,,,,214.0,215.0,214.0,-1.0,-1.0,0.0,0.0,0,0.0,,0,20260123
RB2610P3200.SHF,,,,186.0,186.5,186.0,-0.5,-0.5,0.0,0.0,0,0.0,,0,20260123
RB2610P3150.SHF,,,,160.0,160.0,160.0,0.0,0.0,0.0,0.0,0,0.0,,0,20260123
RB2610P3100.SHF,,,,136.5,136.0,136.5,0.5,0.5,0.0,0.0,0,0.0,,0,20260123
RB2610P3050.SHF,,,,114.5,114.0,114.5,0.5,0.5,0.0,0.0,0,0.0,,0,20260123
RB2610P3000.SHF,,,,95.5,95.0,95.5,0.5,0.5,0.0,0.0,0,0.0,,0,20260123
RB2610P2950.SHF,,,,78.5,78.0,78.5,0.5,0.5,0.0,0.0,0,0.0,,0,20260123
RB2610P2900.SHF,,,,64.0,63.0,64.0,1.0,1.0,0.0,0.0,0,0.0,,0,20260123
RB2610C3500.SHF,63.0,89.0,32.5,65.5,61.0,67.5,2.5,6.5,37.0,54.0,0,2.5345,,0,20260123
RB2610C3450.SHF,72.5,72.5,72.5,72.5,72.5,79.5,2.0,7.0,2.0,8.0,0,0.145,,0,20260123
RB2610C3400.SHF,,,,93.5,85.5,93.5,8.0,8.0,0.0,1.0,0,0.0,,0,20260123
RB2610C3350.SHF,,,,109.0,100.0,109.0,9.0,9.0,0.0,1.0,0,0.0,,0,20260123
RB2610C3300.SHF,,,,126.0,117.0,126.0,9.0,9.0,0.0,3.0,0,0.0,,0,20260123
RB2610C3250.SHF,,,,145.5,136.0,145.5,9.5,9.5,0.0,0.0,0,0.0,,0,20260123
RB2610C3200.SHF,,,,167.0,157.0,167.0,10.0,10.0,0.0,1.0,0,0.0,,0,20260123
RB2610C3150.SHF,181.0,181.0,181.0,181.0,180.0,191.0,1.0,11.0,1.0,1.0,0,0.181,,0,20260123
RB2610C3100.SHF,,,,216.5,205.5,216.5,11.0,11.0,0.0,0.0,0,0.0,,0,20260123
RB2610C3050.SHF,,,,244.5,233.0,244.5,11.5,11.5,0.0,0.0,0,0.0,,0,20260123
RB2610C3000.SHF,,,,275.0,263.5,275.0,11.5,11.5,0.0,0.0,0,0.0,,0,20260123
RB2610C2950.SHF,,,,308.0,296.5,308.0,11.5,11.5,0.0,0.0,0,0.0,,0,20260123
RB2610C2900.SHF,,,,343.0,331.0,343.0,12.0,12.0,0.0,0.0,0,0.0,,0,20260123
RB2607P3500.SHF,,,,360.0,362.5,360.0,-2.5,-2.5,0.0,0.0,0,0.0,,0,20260123
RB2607P3450.SHF,,,,319.0,320.0,319.0,-1.0,-1.0,0.0,0.0,0,0.0,,0,20260123
RB2607P3400.SHF,,,,280.0,279.5,280.0,0.5,0.5,0.0,0.0,0,0.0,,0,20260123
RB2607P3350.SHF,,,,243.0,241.0,243.0,2.0,2.0,0.0,1.0,0,0.0,,0,20260123
RB2607P3300.SHF,,,,208.5,205.0,208.5,3.5,3.5,0.0,3.0,0,0.0,,0,20260123
RB2607P3250.SHF,,,,177.0,172.0,177.0,5.0,5.0,0.0,5.0,0,0.0,,0,20260123
RB2607P3200.SHF,,,,147.5,141.5,147.5,6.0,6.0,0.0,2.0,0,0.0,,0,20260123
RB2607P3150.SHF,,,,121.5,115.0,121.5,6.5,6.5,0.0,7.0,0,0.0,,0,20260123
RB2607P3100.SHF,79.0,79.0,79.0,79.0,91.0,98.5,-12.0,7.5,1.0,14.0,0,0.079,,0,20260123
RB2607P3050.SHF,60.0,60.0,60.0,60.0,71.0,78.0,-11.0,7.0,1.0,17.0,0,0.06,,0,20260123
RB2607P3000.SHF,,,,61.0,54.0,61.0,7.0,7.0,0.0,21.0,0,0.0,,0,20260123
RB2607P2950.SHF,,,,46.5,39.5,46.5,7.0,7.0,0.0,27.0,0,0.0,,0,20260123
RB2607P2900.SHF,,,,34.5,28.5,34.5,6.0,6.0,0.0,26.0,0,0.0,,0,20260123
RB2607P2850.SHF,,,,25.0,20.0,25.0,5.0,5.0,0.0,25.0,0,0.0,,0,20260123
RB2607P2800.SHF,,,,18.0,13.5,18.0,4.5,4.5,0.0,17.0,0,0.0,,0,20260123
RB2607C3500.SHF,24.0,36.5,24.0,36.5,22.0,32.5,14.5,10.5,2.0,2.0,0,0.0605,,0,20260123
RB2607C3450.SHF,39.5,39.5,39.5,39.5,29.5,41.0,10.0,11.5,1.0,55.0,0,0.0395,,0,20260123
RB2607C3400.SHF,47.0,50.5,47.0,50.5,38.5,52.0,12.0,13.5,2.0,58.0,0,0.0975,,0,20260123
RB2607C3350.SHF,57.5,57.5,57.5,57.5,50.0,65.0,7.5,15.0,1.0,31.0,0,0.0575,,0,20260123
RB2607C3300.SHF,70.0,70.0,70.0,70.0,63.5,80.0,6.5,16.5,1.0,28.0,0,0.07,,0,20260123
RB2607C3250.SHF,87.0,87.0,87.0,87.0,80.0,98.0,7.0,18.0,1.0,15.0,0,0.087,,0,20260123
RB2607C3200.SHF,180.0,180.0,106.0,120.0,99.5,119.0,20.0,19.5,201.0,211.0,0,24.028,,0,20260123
RB2607C3150.SHF,,,,142.5,122.5,142.5,20.0,20.0,0.0,14.0,0,0.0,,0,20260123
RB2607C3100.SHF,,,,169.0,149.0,169.0,20.0,20.0,0.0,9.0,0,0.0,,0,20260123
RB2607C3050.SHF,,,,198.5,178.5,198.5,20.0,20.0,0.0,8.0,0,0.0,,0,20260123
RB2607C3000.SHF,,,,231.0,211.0,231.0,20.0,20.0,0.0,7.0,0,0.0,,0,20260123
RB2607C2950.SHF,,,,266.5,247.0,266.5,19.5,19.5,0.0,5.0,0,0.0,,0,20260123
RB2607C2900.SHF,,,,304.5,285.5,304.5,19.0,19.0,0.0,4.0,0,0.0,,0,20260123
RB2607C2850.SHF,,,,345.0,327.0,345.0,18.0,18.0,0.0,3.0,0,0.0,,0,20260123
RB2607C2800.SHF,,,,387.5,370.0,387.5,17.5,17.5,0.0,2.0,0,0.0,,0,20260123
RB2605P3550.SHF,,,,420.5,430.0,420.5,-9.5,-9.5,0.0,282.0,0,0.0,,0,20260123
RB2605P3500.SHF,,,,373.5,382.5,373.5,-9.0,-9.0,0.0,124.0,0,0.0,,0,20260123
RB2605P3450.SHF,329.0,335.0,329.0,335.0,336.5,327.5,-1.5,-9.0,7.0,154.0,0,2.336,,0,20260123
RB2605P3400.SHF,299.5,299.5,287.5,287.5,292.0,283.5,-8.0,-8.5,12.0,715.0,0,3.546,,0,20260123
RB2605P3350.SHF,254.5,256.0,254.5,255.5,249.5,241.5,4.0,-8.0,25.0,177.0,0,6.3875,,0,20260123
RB2605P3300.SHF,211.5,214.0,195.5,195.5,209.0,202.0,-16.5,-7.0,62.0,482.0,0,12.588,,0,20260123
RB2605P3250.SHF,173.0,173.0,157.0,161.0,172.0,165.5,-7.5,-6.5,166.0,807.0,0,26.9915,,0,20260123
RB2605P3200.SHF,132.0,134.0,119.0,124.0,138.5,132.5,-5.5,-6.0,177.0,533.0,0,21.905,,0,20260123
RB2605P3150.SHF,100.0,100.0,85.0,90.5,108.5,103.5,-8.5,-5.0,519.0,2511.0,0,47.76,,0,20260123
RB2605P3100.SHF,72.5,72.5,59.0,60.0,83.0,78.5,-11.0,-4.5,1596.0,7107.0,0,101.5015,,0,20260123
RB2605P3050.SHF,47.5,50.0,39.0,41.5,61.5,58.0,-5.5,-3.5,1212.0,6080.0,0,51.7925,,0,20260123
RB2605P3000.SHF,33.0,34.0,25.5,29.0,44.0,41.0,-3.0,-3.0,1622.0,7465.0,0,47.478,,0,20260123
RB2605P2950.SHF,17.0,22.5,16.0,17.0,30.0,28.0,-3.5,-2.0,622.0,3816.0,0,12.373,,0,20260123
RB2605P2900.SHF,13.5,14.0,10.0,11.0,20.0,18.5,-2.0,-1.5,521.0,3835.0,0,6.2795,,0,20260123
RB2605P2850.SHF,9.0,9.0,6.5,7.0,12.5,11.5,-1.0,-1.0,856.0,4775.0,0,6.612,,0,20260123
RB2605P2800.SHF,6.5,7.0,5.5,5.5,7.5,7.0,-1.0,-0.5,2131.0,6023.0,0,12.653,,0,20260123
RB2605P2750.SHF,4.0,4.5,4.0,4.0,4.0,3.5,0.0,-0.5,1651.0,9184.0,0,6.983,,0,20260123
RB2605C3550.SHF,15.5,19.5,15.5,19.0,4.5,5.0,3.0,0.5,3968.0,25193.0,0,70.4655,,0,20260123
RB2605C3500.SHF,19.0,22.0,18.0,19.5,7.5,8.0,1.5,0.5,824.0,5332.0,0,16.173,,0,20260123
RB2605C3450.SHF,18.5,25.0,18.5,23.5,11.0,12.0,2.5,1.0,307.0,3658.0,0,7.112,,0,20260123
RB2605C3400.SHF,25.0,30.5,23.5,29.0,16.5,18.0,3.5,1.5,1471.0,11903.0,0,41.354,,0,20260123
RB2605C3350.SHF,29.5,35.0,29.0,34.0,24.0,26.0,4.0,2.0,1362.0,5853.0,0,42.5065,,0,20260123
RB2605C3300.SHF,39.0,42.5,36.5,41.0,33.5,36.5,3.0,3.0,2355.0,9459.0,0,92.538,,0,20260123
RB2605C3250.SHF,44.0,50.5,44.0,50.0,46.5,50.0,4.5,3.5,4129.0,8455.0,0,194.952,,0,20260123
RB2605C3200.SHF,56.0,66.5,56.0,64.0,62.5,66.5,6.0,4.0,6952.0,18060.0,0,434.8565,,0,20260123
RB2605C3150.SHF,66.0,82.0,66.0,81.5,82.5,87.5,7.0,5.0,2228.0,5243.0,0,176.352,,0,20260123
RB2605C3100.SHF,95.5,105.5,93.5,101.0,107.0,112.5,3.5,5.5,1038.0,2431.0,0,105.849,,0,20260123
RB2605C3050.SHF,122.5,135.0,122.5,132.5,135.0,141.5,9.5,6.5,99.0,1082.0,0,12.974,,0,20260123
RB2605C3000.SHF,159.0,171.5,159.0,167.5,167.5,174.5,4.5,7.0,850.0,866.0,0,143.6465,,0,20260123
RB2605C2950.SHF,210.0,210.5,207.0,207.0,203.5,211.5,5.0,8.0,629.0,324.0,0,131.51,,0,20260123
RB2605C2900.SHF,237.5,237.5,237.5,237.5,243.0,251.5,-8.0,8.5,10.0,231.0,0,2.375,,0,20260123
RB2605C2850.SHF,288.0,302.0,288.0,302.0,286.0,295.0,17.0,9.0,35.0,374.0,0,10.516,,0,20260123
RB2605C2800.SHF,338.0,338.0,338.0,338.0,330.5,340.0,7.5,9.5,3.0,285.0,0,1.014,,0,20260123
RB2605C2750.SHF,378.0,388.5,378.0,388.5,377.5,387.0,11.0,9.5,6.0,258.0,0,2.2785,,0,20260123
RB2603P3600.SHF,,,,496.0,497.0,496.0,-1.0,-1.0,0.0,2.0,0,0.0,,0,20260123
RB2603P3550.SHF,,,,446.0,447.0,446.0,-1.0,-1.0,0.0,0.0,0,0.0,,0,20260123
RB2603P3500.SHF,,,,396.0,397.0,396.0,-1.0,-1.0,0.0,0.0,0,0.0,,0,20260123
RB2603P3450.SHF,,,,346.0,347.5,346.0,-1.5,-1.5,0.0,1.0,0,0.0,,0,20260123
RB2603P3400.SHF,,,,296.5,299.0,296.5,-2.5,-2.5,0.0,2.0,0,0.0,,0,20260123
RB2603P3350.SHF,,,,248.0,251.0,248.0,-3.0,-3.0,0.0,1.0,0,0.0,,0,20260123
RB2603P3300.SHF,,,,201.0,205.0,201.0,-4.0,-4.0,0.0,2.0,0,0.0,,0,20260123
RB2603P3250.SHF,,,,156.5,162.0,156.5,-5.5,-5.5,0.0,3.0,0,0.0,,0,20260123
RB2603P3200.SHF,,,,115.5,123.0,115.5,-7.5,-7.5,0.0,6.0,0,0.0,,0,20260123
RB2603P3150.SHF,63.0,63.0,62.5,62.5,88.5,80.5,-8.5,-8.0,2.0,30.0,0,0.1255,,0,20260123
RB2603P3100.SHF,35.0,35.0,34.5,34.5,60.5,52.0,-7.0,-8.5,2.0,104.0,0,0.0695,,0,20260123
RB2603P3050.SHF,12.5,15.0,11.0,11.0,38.5,31.0,-6.0,-7.5,11.0,72.0,0,0.1445,,0,20260123
RB2603P3000.SHF,3.5,4.5,2.5,2.5,23.0,16.5,-2.0,-6.5,5.0,132.0,0,0.018,,0,20260123
RB2603P2950.SHF,5.0,9.0,3.0,6.5,12.5,8.0,2.5,-4.5,409.0,486.0,0,2.4515,,0,20260123
RB2603P2900.SHF,,,,3.0,6.0,3.0,-3.0,-3.0,0.0,60.0,0,0.0,,0,20260123
RB2603P2850.SHF,,,,1.0,2.5,1.0,-1.5,-1.5,0.0,164.0,0,0.0,,0,20260123
RB2603P2800.SHF,,,,0.5,1.0,0.5,-0.5,-0.5,0.0,26.0,0,0.0,,0,20260123
RB2603P2750.SHF,,,,0.5,0.5,0.5,0.0,0.0,0.0,12.0,0,0.0,,0,20260123
RB2603P2700.SHF,,,,0.5,0.5,0.5,0.0,0.0,0.0,19.0,0,0.0,,0,20260123
RB2603C3600.SHF,4.0,4.0,2.0,3.0,0.5,0.5,-1.0,0.0,263.0,2492.0,0,0.697,,0,20260123
RB2603C3550.SHF,1.5,3.5,1.0,3.5,0.5,0.5,1.0,0.0,33.0,138.0,0,0.049,,0,20260123
RB2603C3500.SHF,6.0,6.0,5.0,5.0,0.5,0.5,4.5,0.0,22.0,90.0,0,0.116,,0,20260123
RB2603C3450.SHF,4.5,4.5,4.5,4.5,1.0,0.5,3.5,-0.5,7.0,73.0,0,0.0315,,0,20260123
RB2603C3400.SHF,5.0,5.0,4.5,4.5,2.0,0.5,0.5,-1.5,26.0,166.0,0,0.1185,,0,20260123
RB2603C3350.SHF,4.0,4.0,4.0,4.0,4.0,2.0,0.0,-2.0,12.0,118.0,0,0.048,,0,20260123
RB2603C3300.SHF,5.0,11.0,5.0,8.0,8.5,5.0,4.5,-3.5,270.0,923.0,0,2.0675,,0,20260123
RB2603C3250.SHF,9.0,13.0,8.0,13.0,15.0,10.5,7.5,-4.5,224.0,635.0,0,2.415,,0,20260123
RB2603C3200.SHF,9.5,21.5,9.5,21.5,26.0,19.5,11.5,-6.5,1410.0,2372.0,0,20.574,,0,20260123
RB2603C3150.SHF,20.5,30.5,20.5,30.0,41.5,34.5,9.0,-7.0,317.0,461.0,0,8.56,,0,20260123
RB2603C3100.SHF,48.5,52.0,44.0,52.0,63.5,56.0,5.0,-7.5,4.0,37.0,0,0.189,,0,20260123
RB2603C3050.SHF,,,,85.0,91.5,85.0,8.5,-6.5,0.0,7.0,0,0.0,,0,20260123
RB2603C3000.SHF,,,,120.5,125.5,120.5,-5.0,-5.0,0.0,3.0,0,0.0,,0,20260123
RB2603C2950.SHF,,,,161.5,165.0,161.5,-3.5,-3.5,0.0,1.0,0,0.0,,0,20260123
RB2603C2900.SHF,,,,207.0,209.0,207.0,-2.0,-2.0,0.0,1.0,0,0.0,,0,20260123
RB2603C2850.SHF,,,,255.0,255.5,255.0,-0.5,-0.5,0.0,11.0,0,0.0,,0,20260123
RB2603C2800.SHF,,,,304.0,303.5,304.0,0.5,0.5,0.0,0.0,0,0.0,,0,20260123
RB2603C2750.SHF,,,,354.0,353.0,354.0,1.0,1.0,0.0,0.0,0,0.0,,0,20260123
RB2603C2700.SHF,,,,404.0,403.0,404.0,1.0,1.0,0.0,0.0,0,0.0,,0,20260123
RB2602P3400.SHF,,,,311.0,325.0,311.0,-14.0,-14.0,0.0,0.0,0,0.0,,0,20260123
RB2602P3350.SHF,,,,261.0,275.0,261.0,-14.0,-14.0,0.0,3.0,0,0.0,,0,20260123
RB2602P3300.SHF,,,,211.0,225.0,211.0,-14.0,-14.0,0.0,2.0,0,0.0,,0,20260123
RB2602P3250.SHF,,,,161.0,175.0,161.0,-14.0,-14.0,0.0,7.0,0,0.0,,0,20260123
RB2602P3200.SHF,,,,111.0,125.0,111.0,-14.0,-14.0,0.0,84.0,0,0.0,,0,20260123
RB2602P3150.SHF,70.0,70.0,58.0,60.5,78.0,63.5,-12.5,-14.5,39.0,168.0,0,2.4225,,0,20260123
RB2602P3100.SHF,31.0,33.0,14.5,18.0,38.5,25.5,-16.0,-13.0,1129.0,1360.0,0,20.299,,0,20260123
RB2602P3050.SHF,6.0,7.5,1.5,2.0,13.0,6.0,-7.0,-7.0,5184.0,3564.0,0,15.0825,,0,20260123
RB2602P3000.SHF,1.0,1.5,0.5,0.5,2.5,0.5,-1.0,-2.0,2475.0,2835.0,0,1.87,,0,20260123
RB2602P2950.SHF,0.5,0.5,0.5,0.5,0.5,0.5,0.0,0.0,11.0,898.0,0,0.0055,,0,20260123
RB2602P2900.SHF,0.5,0.5,0.5,0.5,0.5,0.5,0.0,0.0,28.0,339.0,0,0.014,,0,20260123
RB2602P2850.SHF,,,,0.5,0.5,0.5,0.0,0.0,0.0,46.0,0,0.0,,0,20260123
RB2602P2800.SHF,,,,0.5,0.5,0.5,0.0,0.0,0.0,251.0,0,0.0,,0,20260123
RB2602C3400.SHF,0.5,0.5,0.5,0.5,0.5,0.5,0.0,0.0,37.0,1068.0,0,0.0185,,0,20260123
RB2602C3350.SHF,0.5,0.5,0.5,0.5,0.5,0.5,0.0,0.0,443.0,2438.0,0,0.2215,,0,20260123
RB2602C3300.SHF,0.5,0.5,0.5,0.5,0.5,0.5,-0.5,0.0,362.0,2925.0,0,0.181,,0,20260123
RB2602C3250.SHF,0.5,1.0,0.5,0.5,0.5,0.5,-0.5,0.0,1154.0,4123.0,0,0.62,,0,20260123
RB2602C3200.SHF,1.5,2.5,0.5,1.0,0.5,0.5,-0.5,0.0,3636.0,9832.0,0,4.8825,,0,20260123
RB2602C3150.SHF,3.0,5.0,1.5,3.0,3.0,2.5,0.0,-0.5,8738.0,6553.0,0,29.915,,0,20260123
RB2602C3100.SHF,9.5,17.5,7.0,11.5,13.5,14.5,0.5,1.0,13371.0,3437.0,0,166.305,,0,20260123
RB2602C3050.SHF,34.0,55.0,30.0,41.5,38.0,45.0,8.0,7.0,121.0,252.0,0,5.2045,,0,20260123
RB2602C3000.SHF,97.0,97.5,83.5,97.5,77.5,89.5,20.0,12.0,9.0,8.0,0,0.8245,,0,20260123
RB2602C2950.SHF,,,,139.0,125.0,139.0,14.0,14.0,0.0,1.0,0,0.0,,0,20260123
RB2602C2900.SHF,,,,189.0,175.0,189.0,14.0,14.0,0.0,0.0,0,0.0,,0,20260123
RB2602C2850.SHF,,,,239.0,225.0,239.0,14.0,14.0,0.0,0.0,0,0.0,,0,20260123
RB2602C2800.SHF,,,,289.0,275.0,289.0,14.0,14.0,0.0,0.0,0,0.0,,0,20260123
