ts_code,trade_date,exchange,pre_settle,pre_close,open,high,low,close,settle,vol,amount,oi
PK603C7000.ZCE,20260116,CZCE,838.5,0.0,0.0,0.0,0.0,0.0,837.0,0.0,0.0,19.0
PK603C7100.ZCE,20260116,CZCE,739.0,0.0,0.0,0.0,0.0,0.0,737.5,0.0,0.0,4.0
PK603C7200.ZCE,20260116,CZCE,640.5,0.0,0.0,0.0,0.0,0.0,639.0,0.0,0.0,10.0
PK603C7300.ZCE,20260116,CZCE,542.5,0.0,0.0,0.0,0.0,0.0,541.0,0.0,0.0,9.0
PK603C7400.ZCE,20260116,CZCE,445.5,462.5,0.0,0.0,0.0,0.0,444.5,0.0,0.0,63.0
PK603C7500.ZCE,20260116,CZCE,350.5,367.0,359.5,359.5,352.0,357.0,350.0,21.0,3.72,283.0
PK603C7600.ZCE,20260116,CZCE,259.5,268.0,263.0,263.0,263.0,263.0,258.5,10.0,1.32,422.0
PK603C7700.ZCE,20260116,CZCE,175.0,187.5,178.0,186.0,153.0,168.0,174.0,272.0,23.7,652.0
PK603C7800.ZCE,20260116,CZCE,106.5,110.0,116.0,121.0,95.0,102.0,106.0,666.0,36.05,2102.0
PK603C7900.ZCE,20260116,CZCE,69.5,75.0,80.0,84.5,66.0,69.0,69.0,1842.0,69.13,3375.0
PK603C8000.ZCE,20260116,CZCE,51.0,56.5,60.0,63.0,49.5,51.5,51.0,2915.0,81.16,7784.0
PK603C8100.ZCE,20260116,CZCE,39.0,41.5,45.5,48.0,35.0,35.0,39.5,1503.0,30.36,5396.0
PK603C8200.ZCE,20260116,CZCE,30.5,32.0,32.0,37.0,28.0,28.5,31.5,1551.0,24.55,5843.0
PK603C8300.ZCE,20260116,CZCE,24.5,24.5,24.5,30.5,23.0,23.0,25.5,1102.0,14.06,7873.0
PK603C8400.ZCE,20260116,CZCE,20.0,20.5,24.5,24.5,18.0,19.0,20.5,436.0,4.34,3848.0
PK603C8500.ZCE,20260116,CZCE,16.0,17.0,19.5,20.5,15.0,15.5,16.5,3113.0,26.8,16593.0
PK603C8600.ZCE,20260116,CZCE,13.0,13.0,14.0,14.0,12.0,12.0,13.5,319.0,2.06,3074.0
PK603C8700.ZCE,20260116,CZCE,10.5,10.5,12.0,12.0,9.5,9.5,11.0,339.0,1.75,3261.0
PK603C8800.ZCE,20260116,CZCE,9.0,10.0,11.0,11.0,8.5,8.5,9.5,666.0,3.05,4164.0
PK603C8900.ZCE,20260116,CZCE,7.0,8.0,8.5,9.5,6.5,7.0,7.5,2318.0,8.96,10706.0
PK603P7000.ZCE,20260116,CZCE,1.0,2.0,2.5,3.0,2.0,3.0,1.5,775.0,0.95,788.0
PK603P7100.ZCE,20260116,CZCE,2.0,3.0,3.5,3.5,3.5,3.5,2.5,102.0,0.18,793.0
PK603P7200.ZCE,20260116,CZCE,3.0,4.5,4.5,5.0,3.5,4.0,3.5,32.0,0.07,1248.0
PK603P7300.ZCE,20260116,CZCE,5.0,5.0,6.0,6.0,5.5,5.5,6.0,214.0,0.61,843.0
PK603P7400.ZCE,20260116,CZCE,8.0,9.0,9.5,9.5,8.0,8.0,9.0,353.0,1.58,2598.0
PK603P7500.ZCE,20260116,CZCE,13.0,13.0,13.0,14.0,11.0,11.0,14.5,466.0,2.94,2541.0
PK603P7600.ZCE,20260116,CZCE,21.5,16.5,18.5,21.0,17.0,17.0,23.0,537.0,5.18,1912.0
PK603P7700.ZCE,20260116,CZCE,37.0,30.0,23.5,36.5,23.5,30.0,38.0,819.0,13.45,6403.0
PK603P7800.ZCE,20260116,CZCE,69.0,64.0,57.5,87.0,33.5,64.0,70.0,1191.0,41.13,4517.0
PK603P7900.ZCE,20260116,CZCE,131.5,123.5,132.0,148.0,127.0,133.0,133.0,531.0,35.31,6246.0
PK603P8000.ZCE,20260116,CZCE,212.5,204.5,213.0,225.0,210.0,212.5,215.0,200.0,21.65,5043.0
PK603P8100.ZCE,20260116,CZCE,300.5,289.0,303.0,303.0,300.0,303.0,303.0,20.0,3.03,960.0
PK603P8200.ZCE,20260116,CZCE,392.0,0.0,384.5,398.5,384.5,398.5,394.5,27.0,5.35,531.0
PK603P8300.ZCE,20260116,CZCE,486.0,476.5,447.0,470.0,447.0,470.0,488.5,2.0,0.46,450.0
PK603P8400.ZCE,20260116,CZCE,581.0,566.5,538.5,576.5,538.5,576.5,583.5,3.0,0.85,419.0
PK603P8500.ZCE,20260116,CZCE,677.0,670.0,633.0,671.5,633.0,671.5,679.5,2.0,0.65,310.0
PK603P8600.ZCE,20260116,CZCE,774.0,0.0,0.0,0.0,0.0,0.0,776.5,0.0,0.0,2.0
PK603P8700.ZCE,20260116,CZCE,871.5,0.0,0.0,0.0,0.0,0.0,874.0,0.0,0.0,6.0
PK603P8800.ZCE,20260116,CZCE,969.5,0.0,0.0,0.0,0.0,0.0,972.0,0.0,0.0,6.0
PK603P8900.ZCE,20260116,CZCE,1068.0,0.0,0.0,0.0,0.0,0.0,1070.5,0.0,0.0,6.0
PK604C7100.ZCE,20260116,CZCE,711.5,0.0,0.0,0.0,0.0,0.0,707.5,0.0,0.0,1.0
PK604C7200.ZCE,20260116,CZCE,614.5,0.0,0.0,0.0,0.0,0.0,611.5,0.0,0.0,4.0
PK604C7300.ZCE,20260116,CZCE,519.5,0.0,0.0,0.0,0.0,0.0,518.5,0.0,0.0,3.0
PK604C7400.ZCE,20260116,CZCE,428.0,0.0,0.0,0.0,0.0,0.0,429.0,0.0,0.0,10.0
PK604C7500.ZCE,20260116,CZCE,342.0,0.0,345.0,345.0,345.0,345.0,345.0,2.0,0.35,63.0
PK604C7600.ZCE,20260116,CZCE,263.0,0.0,0.0,0.0,0.0,0.0,270.0,0.0,0.0,99.0
PK604C7700.ZCE,20260116,CZCE,197.5,0.0,188.5,193.5,183.5,193.5,206.0,30.0,2.83,119.0
PK604C7800.ZCE,20260116,CZCE,146.0,0.0,150.0,150.5,143.5,150.5,154.0,61.0,4.47,378.0
PK604C7900.ZCE,20260116,CZCE,109.5,112.0,114.5,118.0,108.0,118.0,115.5,41.0,2.33,313.0
PK604C8000.ZCE,20260116,CZCE,85.0,86.5,85.0,90.0,83.5,83.5,88.0,21.0,0.92,946.0
PK604C8100.ZCE,20260116,CZCE,67.5,69.0,73.5,73.5,73.5,73.5,69.0,1.0,0.04,434.0
PK604C8200.ZCE,20260116,CZCE,55.0,53.5,57.0,57.0,53.0,53.0,55.0,52.0,1.43,407.0
PK604C8300.ZCE,20260116,CZCE,46.0,46.5,46.5,47.5,45.5,45.5,45.5,68.0,1.58,446.0
PK604C8400.ZCE,20260116,CZCE,39.0,37.0,40.5,41.5,40.0,41.5,39.0,11.0,0.22,799.0
PK604C8500.ZCE,20260116,CZCE,32.5,34.5,37.0,37.0,31.0,33.0,33.0,180.0,3.12,1036.0
PK604C8600.ZCE,20260116,CZCE,28.5,27.5,28.0,29.5,28.0,29.5,29.0,27.0,0.38,300.0
PK604C8700.ZCE,20260116,CZCE,24.0,24.0,25.5,25.5,25.5,25.5,25.0,10.0,0.13,407.0
PK604C8800.ZCE,20260116,CZCE,21.0,22.0,21.0,21.0,21.0,21.0,22.0,3.0,0.03,278.0
PK604C8900.ZCE,20260116,CZCE,18.0,18.5,18.5,21.0,17.5,17.5,19.5,365.0,3.62,695.0
PK604P7100.ZCE,20260116,CZCE,5.0,6.5,8.5,10.0,8.5,8.5,7.0,352.0,1.52,348.0
PK604P7200.ZCE,20260116,CZCE,8.0,8.5,11.5,13.0,11.5,11.5,11.0,355.0,2.08,375.0
PK604P7300.ZCE,20260116,CZCE,13.0,13.5,14.5,17.0,14.5,16.5,17.5,324.0,2.69,420.0
PK604P7400.ZCE,20260116,CZCE,21.5,20.5,23.0,25.5,23.0,24.5,28.0,695.0,8.66,604.0
PK604P7500.ZCE,20260116,CZCE,35.0,31.0,37.5,39.5,36.0,37.5,44.0,313.0,5.96,383.0
PK604P7600.ZCE,20260116,CZCE,56.0,55.0,60.5,60.5,58.5,58.5,69.0,21.0,0.64,279.0
PK604P7700.ZCE,20260116,CZCE,90.0,82.0,94.5,96.0,93.0,93.0,104.5,64.0,3.1,276.0
PK604P7800.ZCE,20260116,CZCE,138.0,139.5,144.5,152.0,144.5,144.5,152.0,70.0,5.13,396.0
PK604P7900.ZCE,20260116,CZCE,201.5,0.0,0.0,0.0,0.0,0.0,213.5,0.0,0.0,171.0
PK604P8000.ZCE,20260116,CZCE,276.5,0.0,0.0,0.0,0.0,0.0,285.5,0.0,0.0,228.0
PK604P8100.ZCE,20260116,CZCE,359.0,0.0,382.5,382.5,382.5,382.5,366.0,6.0,1.15,189.0
PK604P8200.ZCE,20260116,CZCE,446.0,447.0,470.5,470.5,470.5,470.5,452.0,6.0,1.41,123.0
PK604P8300.ZCE,20260116,CZCE,536.5,0.0,0.0,0.0,0.0,0.0,542.0,0.0,0.0,83.0
PK604P8400.ZCE,20260116,CZCE,629.0,616.0,596.5,634.0,596.5,634.0,635.0,2.0,0.62,98.0
PK604P8500.ZCE,20260116,CZCE,722.5,0.0,0.0,0.0,0.0,0.0,729.0,0.0,0.0,6.0
PK604P8600.ZCE,20260116,CZCE,818.0,0.0,0.0,0.0,0.0,0.0,824.5,0.0,0.0,3.0
PK604P8700.ZCE,20260116,CZCE,913.5,0.0,0.0,0.0,0.0,0.0,920.5,0.0,0.0,3.0
PK604P8800.ZCE,20260116,CZCE,1010.5,0.0,0.0,0.0,0.0,0.0,1017.5,0.0,0.0,0.0
PK604P8900.ZCE,20260116,CZCE,1107.5,0.0,0.0,0.0,0.0,0.0,1115.0,0.0,0.0,0.0
PK605C6800.ZCE,20260116,CZCE,1034.5,0.0,0.0,0.0,0.0,0.0,1024.0,0.0,0.0,0.0
PK605C6900.ZCE,20260116,CZCE,937.5,0.0,0.0,0.0,0.0,0.0,927.0,0.0,0.0,0.0
PK605C7000.ZCE,20260116,CZCE,841.0,0.0,0.0,0.0,0.0,0.0,830.5,0.0,0.0,0.0
PK605C7100.ZCE,20260116,CZCE,746.0,0.0,0.0,0.0,0.0,0.0,735.5,0.0,0.0,0.0
PK605C7200.ZCE,20260116,CZCE,653.5,0.0,0.0,0.0,0.0,0.0,643.0,0.0,0.0,0.0
PK605C7300.ZCE,20260116,CZCE,563.5,0.0,0.0,0.0,0.0,0.0,553.5,0.0,0.0,0.0
PK605C7400.ZCE,20260116,CZCE,478.0,0.0,0.0,0.0,0.0,0.0,468.5,0.0,0.0,2.0
PK605C7500.ZCE,20260116,CZCE,398.0,399.0,388.0,388.0,388.0,388.0,389.5,1.0,0.19,69.0
PK605C7600.ZCE,20260116,CZCE,325.5,0.0,0.0,0.0,0.0,0.0,318.0,0.0,0.0,81.0
PK605C7700.ZCE,20260116,CZCE,261.5,255.0,284.0,284.0,284.0,284.0,255.5,5.0,0.71,245.0
PK605C7800.ZCE,20260116,CZCE,208.5,201.5,202.5,215.0,195.0,200.0,203.5,32.0,3.23,422.0
PK605C7900.ZCE,20260116,CZCE,165.5,166.0,156.5,165.0,156.5,165.0,162.0,209.0,17.16,342.0
PK605C8000.ZCE,20260116,CZCE,132.0,132.0,135.0,148.0,125.5,148.0,129.5,410.0,26.91,1245.0
PK605C8100.ZCE,20260116,CZCE,106.5,105.0,102.0,108.0,102.0,103.0,105.0,44.0,2.27,402.0
PK605C8200.ZCE,20260116,CZCE,87.0,85.0,83.5,87.5,83.5,87.5,86.0,41.0,1.74,969.0
PK605C8300.ZCE,20260116,CZCE,71.5,70.0,70.0,72.0,69.0,70.0,71.0,25.0,0.88,701.0
PK605C8400.ZCE,20260116,CZCE,60.5,60.0,58.0,63.0,58.0,60.5,60.5,128.0,3.79,2513.0
PK605C8500.ZCE,20260116,CZCE,51.0,52.0,54.0,54.5,49.0,52.5,51.0,110.0,2.86,2309.0
PK605C8600.ZCE,20260116,CZCE,44.5,45.0,50.0,50.0,41.5,45.0,44.0,8.0,0.18,1592.0
PK605C8700.ZCE,20260116,CZCE,38.0,38.0,38.5,38.5,36.0,37.5,38.0,22.0,0.41,302.0
PK605C8800.ZCE,20260116,CZCE,33.5,33.5,33.5,34.0,31.5,34.0,33.5,17.0,0.28,413.0
PK605C8900.ZCE,20260116,CZCE,29.0,30.5,30.0,31.0,28.5,31.0,29.0,51.0,0.78,1238.0
PK605P6800.ZCE,20260116,CZCE,7.5,0.0,0.0,0.0,0.0,0.0,7.0,0.0,0.0,42.0
PK605P6900.ZCE,20260116,CZCE,10.5,0.0,0.0,0.0,0.0,0.0,10.0,0.0,0.0,167.0
PK605P7000.ZCE,20260116,CZCE,14.0,0.0,12.5,12.5,12.5,12.5,13.5,1.0,0.01,309.0
PK605P7100.ZCE,20260116,CZCE,19.0,0.0,19.5,19.5,19.5,19.5,18.5,3.0,0.03,305.0
PK605P7200.ZCE,20260116,CZCE,26.0,24.0,25.0,25.0,25.0,25.0,25.5,4.0,0.05,680.0
PK605P7300.ZCE,20260116,CZCE,36.0,35.0,38.0,38.0,37.0,37.5,36.0,23.0,0.43,445.0
PK605P7400.ZCE,20260116,CZCE,50.0,50.5,53.0,133.5,51.5,133.5,50.5,93.0,2.67,3888.0
PK605P7500.ZCE,20260116,CZCE,69.5,69.0,72.5,72.5,72.5,72.5,71.0,10.0,0.36,623.0
PK605P7600.ZCE,20260116,CZCE,96.5,93.0,0.0,0.0,0.0,0.0,99.0,0.0,0.0,366.0
PK605P7700.ZCE,20260116,CZCE,132.5,130.0,130.0,132.5,128.5,130.5,136.0,82.0,5.35,977.0
PK605P7800.ZCE,20260116,CZCE,178.5,174.0,179.0,179.0,178.5,178.5,183.5,14.0,1.25,708.0
PK605P7900.ZCE,20260116,CZCE,235.0,0.0,240.5,241.5,238.5,238.5,241.5,32.0,3.86,364.0
PK605P8000.ZCE,20260116,CZCE,301.0,308.0,0.0,0.0,0.0,0.0,308.5,0.0,0.0,331.0
PK605P8100.ZCE,20260116,CZCE,375.0,0.0,0.0,0.0,0.0,0.0,383.5,0.0,0.0,183.0
PK605P8200.ZCE,20260116,CZCE,455.0,0.0,0.0,0.0,0.0,0.0,464.0,0.0,0.0,98.0
PK605P8300.ZCE,20260116,CZCE,539.0,0.0,0.0,0.0,0.0,0.0,548.5,0.0,0.0,55.0
PK605P8400.ZCE,20260116,CZCE,628.0,0.0,0.0,0.0,0.0,0.0,637.5,0.0,0.0,44.0
PK605P8500.ZCE,20260116,CZCE,718.0,0.0,0.0,0.0,0.0,0.0,728.0,0.0,0.0,35.0
PK605P8600.ZCE,20260116,CZCE,811.0,0.0,0.0,0.0,0.0,0.0,820.5,0.0,0.0,7.0
PK605P8700.ZCE,20260116,CZCE,904.0,0.0,0.0,0.0,0.0,0.0,914.0,0.0,0.0,3.0
PK605P8800.ZCE,20260116,CZCE,999.5,0.0,0.0,0.0,0.0,0.0,1009.5,0.0,0.0,0.0
PK605P8900.ZCE,20260116,CZCE,1095.0,0.0,0.0,0.0,0.0,0.0,1105.0,0.0,0.0,3.0
PK603C7000.ZCE,20260115,CZCE,846.5,849.0,0.0,0.0,0.0,0.0,838.5,0.0,0.0,19.0
PK603C7100.ZCE,20260115,CZCE,747.0,749.0,0.0,0.0,0.0,0.0,739.0,0.0,0.0,4.0
PK603C7200.ZCE,20260115,CZCE,648.0,647.0,0.0,0.0,0.0,0.0,640.5,0.0,0.0,10.0
PK603C7300.ZCE,20260115,CZCE,550.0,548.0,0.0,0.0,0.0,0.0,542.5,0.0,0.0,9.0
PK603C7400.ZCE,20260115,CZCE,453.0,453.0,446.0,462.5,446.0,462.5,445.5,5.0,1.12,63.0
PK603C7500.ZCE,20260115,CZCE,358.5,356.0,347.0,367.0,347.0,367.0,350.5,40.0,7.08,283.0
PK603C7600.ZCE,20260115,CZCE,268.0,266.5,257.0,268.0,254.0,268.0,259.5,28.0,3.62,422.0
PK603C7700.ZCE,20260115,CZCE,184.5,183.5,166.0,187.5,164.0,187.5,175.0,297.0,25.6,579.0
PK603C7800.ZCE,20260115,CZCE,116.0,117.0,117.0,118.5,101.5,110.0,106.5,782.0,42.45,2004.0
PK603C7900.ZCE,20260115,CZCE,77.5,78.0,71.0,82.0,65.0,75.0,69.5,2191.0,81.02,3126.0
PK603C8000.ZCE,20260115,CZCE,58.0,60.0,58.0,59.5,50.0,56.5,51.0,3158.0,87.38,7345.0
PK603C8100.ZCE,20260115,CZCE,45.5,44.5,43.0,44.0,36.0,41.5,39.0,3043.0,60.52,5500.0
PK603C8200.ZCE,20260115,CZCE,36.5,34.0,34.0,34.0,29.0,32.0,30.5,1404.0,21.72,5777.0
PK603C8300.ZCE,20260115,CZCE,30.0,30.5,27.5,29.0,22.5,24.5,24.5,4073.0,49.85,7737.0
PK603C8400.ZCE,20260115,CZCE,24.0,23.0,22.0,22.0,18.5,20.5,20.0,1751.0,17.11,3706.0
PK603C8500.ZCE,20260115,CZCE,20.0,19.0,18.5,20.5,14.5,17.0,16.0,6880.0,56.3,16344.0
PK603C8600.ZCE,20260115,CZCE,16.5,14.5,13.0,13.5,11.0,13.0,13.0,893.0,5.45,3108.0
PK603C8700.ZCE,20260115,CZCE,13.5,12.0,11.0,11.0,9.0,10.5,10.5,454.0,2.2,3139.0
PK603C8800.ZCE,20260115,CZCE,11.5,11.0,10.0,10.0,8.0,10.0,9.0,918.0,4.07,4140.0
PK603C8900.ZCE,20260115,CZCE,9.5,9.0,10.0,10.0,6.0,8.0,7.0,3597.0,13.1,10907.0
PK603P7000.ZCE,20260115,CZCE,1.0,2.0,2.0,2.0,1.0,2.0,1.0,545.0,0.43,577.0
PK603P7100.ZCE,20260115,CZCE,1.5,2.5,2.5,3.0,2.5,3.0,2.0,318.0,0.45,811.0
PK603P7200.ZCE,20260115,CZCE,2.5,4.0,3.5,4.5,3.5,4.5,3.0,297.0,0.55,1228.0
PK603P7300.ZCE,20260115,CZCE,4.5,4.5,4.5,5.5,4.5,5.0,5.0,340.0,0.81,813.0
PK603P7400.ZCE,20260115,CZCE,8.0,7.5,7.5,9.0,7.5,9.0,8.0,318.0,1.28,2639.0
PK603P7500.ZCE,20260115,CZCE,13.0,11.0,12.0,14.0,12.0,13.0,13.0,1298.0,8.34,2693.0
PK603P7600.ZCE,20260115,CZCE,22.5,17.0,18.5,19.0,16.5,16.5,21.5,350.0,3.17,1906.0
PK603P7700.ZCE,20260115,CZCE,38.5,29.0,32.0,34.5,28.0,30.0,37.0,1554.0,24.17,6199.0
PK603P7800.ZCE,20260115,CZCE,70.0,64.5,70.0,78.0,59.5,64.0,69.0,1862.0,63.3,4260.0
PK603P7900.ZCE,20260115,CZCE,131.0,130.5,145.0,145.0,122.0,123.5,131.5,668.0,44.51,6217.0
PK603P8000.ZCE,20260115,CZCE,212.0,211.0,227.0,227.0,196.5,204.5,212.5,350.0,37.61,5098.0
PK603P8100.ZCE,20260115,CZCE,299.0,294.0,301.5,304.0,289.0,289.0,300.5,44.0,6.55,961.0
PK603P8200.ZCE,20260115,CZCE,390.0,389.5,0.0,0.0,0.0,0.0,392.0,0.0,0.0,544.0
PK603P8300.ZCE,20260115,CZCE,483.0,481.0,487.5,490.0,469.0,476.5,486.0,47.0,11.22,450.0
PK603P8400.ZCE,20260115,CZCE,577.0,568.5,569.0,613.0,566.5,566.5,581.0,4.0,1.16,419.0
PK603P8500.ZCE,20260115,CZCE,673.0,666.0,653.0,678.0,653.0,670.0,677.0,4.0,1.34,309.0
PK603P8600.ZCE,20260115,CZCE,769.5,0.0,0.0,0.0,0.0,0.0,774.0,0.0,0.0,2.0
PK603P8700.ZCE,20260115,CZCE,866.5,0.0,0.0,0.0,0.0,0.0,871.5,0.0,0.0,6.0
PK603P8800.ZCE,20260115,CZCE,964.0,0.0,0.0,0.0,0.0,0.0,969.5,0.0,0.0,6.0
PK603P8900.ZCE,20260115,CZCE,1062.0,0.0,0.0,0.0,0.0,0.0,1068.0,0.0,0.0,6.0
PK604C7100.ZCE,20260115,CZCE,735.5,0.0,0.0,0.0,0.0,0.0,711.5,0.0,0.0,1.0
PK604C7200.ZCE,20260115,CZCE,639.0,0.0,0.0,0.0,0.0,0.0,614.5,0.0,0.0,4.0
PK604C7300.ZCE,20260115,CZCE,544.0,0.0,0.0,0.0,0.0,0.0,519.5,0.0,0.0,3.0
PK604C7400.ZCE,20260115,CZCE,452.0,0.0,0.0,0.0,0.0,0.0,428.0,0.0,0.0,10.0
PK604C7500.ZCE,20260115,CZCE,365.0,353.5,0.0,0.0,0.0,0.0,342.0,0.0,0.0,61.0
PK604C7600.ZCE,20260115,CZCE,286.0,288.5,0.0,0.0,0.0,0.0,263.0,0.0,0.0,99.0
PK604C7700.ZCE,20260115,CZCE,217.5,211.5,0.0,0.0,0.0,0.0,197.5,0.0,0.0,89.0
PK604C7800.ZCE,20260115,CZCE,163.5,158.0,0.0,0.0,0.0,0.0,146.0,0.0,0.0,337.0
PK604C7900.ZCE,20260115,CZCE,124.0,121.5,114.0,114.5,112.0,112.0,109.5,5.0,0.28,307.0
PK604C8000.ZCE,20260115,CZCE,96.0,91.0,91.0,91.0,85.5,86.5,85.0,106.0,4.68,935.0
PK604C8100.ZCE,20260115,CZCE,77.0,72.0,68.5,71.5,66.5,69.0,67.5,59.0,2.03,433.0
PK604C8200.ZCE,20260115,CZCE,64.0,58.0,56.0,56.0,53.5,53.5,55.0,10.0,0.27,417.0
PK604C8300.ZCE,20260115,CZCE,53.5,48.5,44.0,46.5,44.0,46.5,46.0,24.0,0.55,414.0
PK604C8400.ZCE,20260115,CZCE,45.0,43.5,40.5,40.5,37.0,37.0,39.0,79.0,1.53,799.0
PK604C8500.ZCE,20260115,CZCE,39.0,37.0,36.5,36.5,32.5,34.5,32.5,491.0,8.29,985.0
PK604C8600.ZCE,20260115,CZCE,33.0,32.0,27.0,27.5,27.0,27.5,28.5,31.0,0.42,302.0
PK604C8700.ZCE,20260115,CZCE,29.0,26.0,24.0,25.0,24.0,24.0,24.0,71.0,0.86,407.0
PK604C8800.ZCE,20260115,CZCE,25.0,25.5,22.0,22.0,22.0,22.0,21.0,49.0,0.53,278.0
PK604C8900.ZCE,20260115,CZCE,22.0,21.0,20.0,20.0,17.5,18.5,18.0,36.0,0.33,610.0
PK604P7100.ZCE,20260115,CZCE,5.0,7.5,7.0,7.0,6.0,6.5,5.0,117.0,0.38,257.0
PK604P7200.ZCE,20260115,CZCE,8.5,10.0,10.0,10.0,8.5,8.5,8.0,66.0,0.31,238.0
PK604P7300.ZCE,20260115,CZCE,13.0,14.0,14.5,14.5,13.5,13.5,13.0,25.0,0.17,331.0
PK604P7400.ZCE,20260115,CZCE,21.0,20.5,21.5,22.0,20.5,20.5,21.5,78.0,0.83,363.0
PK604P7500.ZCE,20260115,CZCE,34.5,33.0,31.0,31.5,31.0,31.0,35.0,6.0,0.09,245.0
PK604P7600.ZCE,20260115,CZCE,54.5,49.0,55.0,55.5,54.5,55.0,56.0,48.0,1.32,282.0
PK604P7700.ZCE,20260115,CZCE,86.0,85.5,83.5,88.5,82.0,82.0,90.0,52.0,2.25,250.0
PK604P7800.ZCE,20260115,CZCE,131.5,132.0,130.5,140.5,130.5,139.5,138.0,54.0,3.72,376.0
PK604P7900.ZCE,20260115,CZCE,191.5,196.5,0.0,0.0,0.0,0.0,201.5,0.0,0.0,171.0
PK604P8000.ZCE,20260115,CZCE,263.5,274.0,0.0,0.0,0.0,0.0,276.5,0.0,0.0,228.0
PK604P8100.ZCE,20260115,CZCE,344.5,345.0,0.0,0.0,0.0,0.0,359.0,0.0,0.0,189.0
PK604P8200.ZCE,20260115,CZCE,430.5,446.5,447.0,447.0,447.0,447.0,446.0,10.0,2.23,129.0
PK604P8300.ZCE,20260115,CZCE,520.0,519.0,0.0,0.0,0.0,0.0,536.5,0.0,0.0,83.0
PK604P8400.ZCE,20260115,CZCE,611.0,0.0,597.0,616.0,597.0,616.0,629.0,2.0,0.61,97.0
PK604P8500.ZCE,20260115,CZCE,705.0,0.0,0.0,0.0,0.0,0.0,722.5,0.0,0.0,6.0
PK604P8600.ZCE,20260115,CZCE,799.0,0.0,0.0,0.0,0.0,0.0,818.0,0.0,0.0,3.0
PK604P8700.ZCE,20260115,CZCE,894.5,0.0,0.0,0.0,0.0,0.0,913.5,0.0,0.0,3.0
PK604P8800.ZCE,20260115,CZCE,990.5,0.0,0.0,0.0,0.0,0.0,1010.5,0.0,0.0,0.0
PK604P8900.ZCE,20260115,CZCE,1087.5,0.0,0.0,0.0,0.0,0.0,1107.5,0.0,0.0,0.0
PK605C6800.ZCE,20260115,CZCE,1069.0,0.0,0.0,0.0,0.0,0.0,1034.5,0.0,0.0,0.0
PK605C6900.ZCE,20260115,CZCE,971.5,0.0,0.0,0.0,0.0,0.0,937.5,0.0,0.0,0.0
PK605C7000.ZCE,20260115,CZCE,875.0,0.0,0.0,0.0,0.0,0.0,841.0,0.0,0.0,0.0
PK605C7100.ZCE,20260115,CZCE,780.0,0.0,0.0,0.0,0.0,0.0,746.0,0.0,0.0,0.0
PK605C7200.ZCE,20260115,CZCE,687.0,0.0,0.0,0.0,0.0,0.0,653.5,0.0,0.0,0.0
PK605C7300.ZCE,20260115,CZCE,597.0,0.0,0.0,0.0,0.0,0.0,563.5,0.0,0.0,0.0
PK605C7400.ZCE,20260115,CZCE,510.0,0.0,0.0,0.0,0.0,0.0,478.0,0.0,0.0,2.0
PK605C7500.ZCE,20260115,CZCE,428.0,428.5,398.0,399.0,398.0,399.0,398.0,7.0,1.39,69.0
PK605C7600.ZCE,20260115,CZCE,352.0,351.5,0.0,0.0,0.0,0.0,325.5,0.0,0.0,81.0
PK605C7700.ZCE,20260115,CZCE,283.5,276.5,263.0,264.0,255.0,255.0,261.5,37.0,4.84,240.0
PK605C7800.ZCE,20260115,CZCE,225.0,218.0,213.0,213.0,201.5,201.5,208.5,69.0,7.14,396.0
PK605C7900.ZCE,20260115,CZCE,177.5,174.5,168.0,168.0,162.5,166.0,165.5,41.0,3.4,249.0
PK605C8000.ZCE,20260115,CZCE,140.5,140.5,136.5,136.5,130.0,132.0,132.0,115.0,7.65,944.0
PK605C8100.ZCE,20260115,CZCE,113.0,112.5,104.5,109.5,101.5,105.0,106.5,181.0,9.39,427.0
PK605C8200.ZCE,20260115,CZCE,92.0,90.5,89.0,89.5,83.0,85.0,87.0,71.0,3.08,954.0
PK605C8300.ZCE,20260115,CZCE,77.0,74.5,73.0,73.0,70.0,70.0,71.5,10.0,0.36,681.0
PK605C8400.ZCE,20260115,CZCE,64.5,61.5,60.0,62.0,58.0,60.0,60.5,60.0,1.79,2518.0
PK605C8500.ZCE,20260115,CZCE,54.0,53.5,50.0,54.0,50.0,52.0,51.0,363.0,9.28,2287.0
PK605C8600.ZCE,20260115,CZCE,46.5,47.5,45.5,47.5,43.0,45.0,44.5,64.0,1.4,1595.0
PK605C8700.ZCE,20260115,CZCE,39.0,39.0,38.0,38.0,37.5,38.0,38.0,83.0,1.58,306.0
PK605C8800.ZCE,20260115,CZCE,34.0,33.5,33.5,33.5,33.5,33.5,33.5,60.0,1.01,418.0
PK605C8900.ZCE,20260115,CZCE,29.5,30.5,30.5,31.0,28.0,30.5,29.0,199.0,2.99,1236.0
PK605P6800.ZCE,20260115,CZCE,6.0,0.0,0.0,0.0,0.0,0.0,7.5,0.0,0.0,42.0
PK605P6900.ZCE,20260115,CZCE,8.5,0.0,0.0,0.0,0.0,0.0,10.5,0.0,0.0,167.0
PK605P7000.ZCE,20260115,CZCE,12.0,12.0,0.0,0.0,0.0,0.0,14.0,0.0,0.0,308.0
PK605P7100.ZCE,20260115,CZCE,17.0,16.5,0.0,0.0,0.0,0.0,19.0,0.0,0.0,308.0
PK605P7200.ZCE,20260115,CZCE,24.0,22.5,26.5,26.5,24.0,24.0,26.0,75.0,0.97,679.0
PK605P7300.ZCE,20260115,CZCE,33.5,31.5,37.0,37.0,35.0,35.0,36.0,27.0,0.5,455.0
PK605P7400.ZCE,20260115,CZCE,46.5,49.5,55.0,55.0,50.5,50.5,50.0,57.0,1.51,3838.0
PK605P7500.ZCE,20260115,CZCE,64.0,64.0,62.0,70.0,62.0,69.0,69.5,26.0,0.86,623.0
PK605P7600.ZCE,20260115,CZCE,87.0,86.5,93.0,93.0,93.0,93.0,96.5,1.0,0.05,366.0
PK605P7700.ZCE,20260115,CZCE,118.5,117.5,123.0,130.5,123.0,130.0,132.5,13.0,0.84,914.0
PK605P7800.ZCE,20260115,CZCE,159.5,159.0,170.5,178.5,170.5,174.0,178.5,69.0,6.02,708.0
PK605P7900.ZCE,20260115,CZCE,211.0,214.5,0.0,0.0,0.0,0.0,235.0,0.0,0.0,378.0
PK605P8000.ZCE,20260115,CZCE,274.0,273.0,308.0,308.0,308.0,308.0,301.0,1.0,0.15,331.0
PK605P8100.ZCE,20260115,CZCE,346.0,342.5,0.0,0.0,0.0,0.0,375.0,0.0,0.0,183.0
PK605P8200.ZCE,20260115,CZCE,424.0,0.0,0.0,0.0,0.0,0.0,455.0,0.0,0.0,98.0
PK605P8300.ZCE,20260115,CZCE,508.5,0.0,0.0,0.0,0.0,0.0,539.0,0.0,0.0,55.0
PK605P8400.ZCE,20260115,CZCE,596.0,0.0,0.0,0.0,0.0,0.0,628.0,0.0,0.0,44.0
PK605P8500.ZCE,20260115,CZCE,685.0,0.0,0.0,0.0,0.0,0.0,718.0,0.0,0.0,35.0
PK605P8600.ZCE,20260115,CZCE,777.0,0.0,0.0,0.0,0.0,0.0,811.0,0.0,0.0,7.0
PK605P8700.ZCE,20260115,CZCE,869.5,0.0,0.0,0.0,0.0,0.0,904.0,0.0,0.0,3.0
PK605P8800.ZCE,20260115,CZCE,964.0,0.0,0.0,0.0,0.0,0.0,999.5,0.0,0.0,0.0
PK605P8900.ZCE,20260115,CZCE,1059.0,0.0,0.0,0.0,0.0,0.0,1095.0,0.0,0.0,3.0
PK603C7000.ZCE,20260114,CZCE,853.0,0.0,849.0,849.0,849.0,849.0,846.5,15.0,6.37,19.0
PK603C7100.ZCE,20260114,CZCE,754.0,0.0,749.0,749.0,749.0,749.0,747.0,13.0,4.87,9.0
PK603C7200.ZCE,20260114,CZCE,655.5,0.0,647.0,647.0,647.0,647.0,648.0,3.0,0.97,10.0
PK603C7300.ZCE,20260114,CZCE,558.0,0.0,548.0,548.0,548.0,548.0,550.0,3.0,0.82,9.0
PK603C7400.ZCE,20260114,CZCE,462.0,455.0,428.0,458.0,428.0,453.0,453.0,18.0,4.07,63.0
PK603C7500.ZCE,20260114,CZCE,367.5,383.0,357.0,361.5,356.0,356.0,358.5,50.0,8.96,303.0
PK603C7600.ZCE,20260114,CZCE,277.0,283.5,270.5,271.5,260.0,266.5,268.0,120.0,16.01,429.0
PK603C7700.ZCE,20260114,CZCE,193.5,199.0,191.5,193.5,171.5,183.5,184.5,185.0,16.93,586.0
PK603C7800.ZCE,20260114,CZCE,129.5,137.5,131.5,140.0,111.0,117.0,116.0,1341.0,79.92,1681.0
PK603C7900.ZCE,20260114,CZCE,92.5,95.5,92.0,99.5,73.5,78.0,77.5,1784.0,73.18,2509.0
PK603C8000.ZCE,20260114,CZCE,70.0,72.0,70.0,70.5,57.0,60.0,58.0,2937.0,89.58,6628.0
PK603C8100.ZCE,20260114,CZCE,55.0,54.0,50.0,55.0,42.5,44.5,45.5,1286.0,29.89,5735.0
PK603C8200.ZCE,20260114,CZCE,43.5,42.0,39.5,42.0,33.0,34.0,36.5,1598.0,29.07,5763.0
PK603C8300.ZCE,20260114,CZCE,34.5,34.0,32.0,35.0,27.5,30.5,30.0,3604.0,55.26,8085.0
PK603C8400.ZCE,20260114,CZCE,28.0,28.0,25.0,27.0,22.0,23.0,24.0,666.0,8.0,3199.0
PK603C8500.ZCE,20260114,CZCE,23.0,25.0,24.0,24.5,18.0,19.0,20.0,4966.0,51.19,15645.0
PK603C8600.ZCE,20260114,CZCE,18.5,19.0,19.0,19.0,14.5,14.5,16.5,740.0,5.87,2850.0
PK603C8700.ZCE,20260114,CZCE,15.5,16.0,14.0,14.5,12.0,12.0,13.5,542.0,3.52,3049.0
PK603C8800.ZCE,20260114,CZCE,12.5,13.5,12.5,12.5,11.0,11.0,11.5,348.0,2.03,4012.0
PK603C8900.ZCE,20260114,CZCE,10.5,11.0,10.0,10.0,8.0,9.0,9.5,2971.0,13.65,10904.0
PK603P7000.ZCE,20260114,CZCE,2.0,2.5,1.5,2.0,1.5,2.0,1.0,86.0,0.07,702.0
PK603P7100.ZCE,20260114,CZCE,3.0,3.0,2.5,2.5,2.0,2.5,1.5,74.0,0.09,889.0
PK603P7200.ZCE,20260114,CZCE,4.5,4.0,3.0,4.0,2.5,4.0,2.5,288.0,0.46,1232.0
PK603P7300.ZCE,20260114,CZCE,7.0,5.5,5.0,5.5,3.5,4.5,4.5,358.0,0.78,818.0
PK603P7400.ZCE,20260114,CZCE,10.5,9.5,8.5,8.5,6.5,7.5,8.0,811.0,2.97,2650.0
PK603P7500.ZCE,20260114,CZCE,16.0,13.5,12.5,12.5,10.0,11.0,13.0,679.0,3.86,1980.0
PK603P7600.ZCE,20260114,CZCE,25.5,21.0,21.5,21.5,16.5,17.0,22.5,383.0,3.4,1782.0
PK603P7700.ZCE,20260114,CZCE,42.0,36.0,40.0,40.0,28.5,29.0,38.5,3669.0,59.14,6223.0
PK603P7800.ZCE,20260114,CZCE,77.5,71.0,71.0,75.0,63.5,64.5,70.0,722.0,24.96,3774.0
PK603P7900.ZCE,20260114,CZCE,140.5,128.5,135.0,138.0,125.0,130.5,131.0,490.0,32.21,6160.0
PK603P8000.ZCE,20260114,CZCE,218.0,201.5,217.0,220.0,202.0,211.0,212.0,417.0,43.63,5111.0
PK603P8100.ZCE,20260114,CZCE,302.5,291.0,296.5,304.0,294.0,294.0,299.0,34.0,5.06,978.0
PK603P8200.ZCE,20260114,CZCE,391.0,0.0,384.0,389.5,384.0,389.5,390.0,8.0,1.54,544.0
PK603P8300.ZCE,20260114,CZCE,482.0,479.5,480.5,482.5,475.5,481.0,483.0,53.0,12.72,458.0
PK603P8400.ZCE,20260114,CZCE,575.0,557.0,546.0,568.5,546.0,568.5,577.0,3.0,0.85,420.0
PK603P8500.ZCE,20260114,CZCE,670.0,653.0,641.0,666.0,641.0,666.0,673.0,2.0,0.65,308.0
PK603P8600.ZCE,20260114,CZCE,765.5,0.0,0.0,0.0,0.0,0.0,769.5,0.0,0.0,2.0
PK603P8700.ZCE,20260114,CZCE,862.5,0.0,0.0,0.0,0.0,0.0,866.5,0.0,0.0,6.0
PK603P8800.ZCE,20260114,CZCE,959.5,0.0,0.0,0.0,0.0,0.0,964.0,0.0,0.0,7.0
PK603P8900.ZCE,20260114,CZCE,1057.0,0.0,0.0,0.0,0.0,0.0,1062.0,0.0,0.0,6.0
PK604C7100.ZCE,20260114,CZCE,758.0,0.0,0.0,0.0,0.0,0.0,735.5,0.0,0.0,1.0
PK604C7200.ZCE,20260114,CZCE,661.0,0.0,0.0,0.0,0.0,0.0,639.0,0.0,0.0,4.0
PK604C7300.ZCE,20260114,CZCE,566.0,0.0,0.0,0.0,0.0,0.0,544.0,0.0,0.0,3.0
PK604C7400.ZCE,20260114,CZCE,474.0,0.0,0.0,0.0,0.0,0.0,452.0,0.0,0.0,10.0
PK604C7500.ZCE,20260114,CZCE,387.0,0.0,355.5,357.0,353.5,353.5,365.0,6.0,1.07,61.0
PK604C7600.ZCE,20260114,CZCE,307.5,311.5,288.0,288.5,278.0,288.5,286.0,11.0,1.57,99.0
PK604C7700.ZCE,20260114,CZCE,237.5,241.0,211.5,211.5,211.5,211.5,217.5,10.0,1.06,89.0
PK604C7800.ZCE,20260114,CZCE,182.0,180.5,167.5,167.5,157.0,158.0,163.5,58.0,4.64,337.0
PK604C7900.ZCE,20260114,CZCE,140.0,145.0,139.5,139.5,120.0,121.5,124.0,92.0,5.72,303.0
PK604C8000.ZCE,20260114,CZCE,109.5,112.0,104.0,104.0,91.0,91.0,96.0,73.0,3.59,907.0
PK604C8100.ZCE,20260114,CZCE,87.5,86.0,87.0,87.0,71.0,72.0,77.0,159.0,6.33,458.0
PK604C8200.ZCE,20260114,CZCE,71.0,71.0,67.0,67.0,58.0,58.0,64.0,34.0,1.09,417.0
PK604C8300.ZCE,20260114,CZCE,58.5,61.0,56.0,56.0,48.5,48.5,53.5,24.0,0.64,418.0
PK604C8400.ZCE,20260114,CZCE,48.5,49.5,47.5,47.5,41.0,43.5,45.0,35.0,0.77,822.0
PK604C8500.ZCE,20260114,CZCE,41.0,43.0,42.5,42.5,37.0,37.0,39.0,115.0,2.34,715.0
PK604C8600.ZCE,20260114,CZCE,34.0,36.0,36.5,36.5,30.0,32.0,33.0,142.0,2.27,294.0
PK604C8700.ZCE,20260114,CZCE,29.5,29.5,30.0,30.0,26.0,26.0,29.0,60.0,0.85,413.0
PK604C8800.ZCE,20260114,CZCE,25.0,27.0,26.5,26.5,25.5,25.5,25.0,60.0,0.76,287.0
PK604C8900.ZCE,20260114,CZCE,22.0,25.0,23.5,23.5,21.0,21.0,22.0,128.0,1.45,608.0
PK604P7100.ZCE,20260114,CZCE,5.5,6.0,6.5,8.0,6.0,7.5,5.0,138.0,0.46,277.0
PK604P7200.ZCE,20260114,CZCE,9.0,8.5,9.0,10.5,9.0,10.0,8.5,39.0,0.19,266.0
PK604P7300.ZCE,20260114,CZCE,13.5,13.0,14.0,14.0,14.0,14.0,13.0,11.0,0.08,340.0
PK604P7400.ZCE,20260114,CZCE,21.5,21.5,21.5,22.5,20.5,20.5,21.0,102.0,1.08,393.0
PK604P7500.ZCE,20260114,CZCE,34.5,32.5,31.5,35.0,31.5,33.0,34.5,4.0,0.07,244.0
PK604P7600.ZCE,20260114,CZCE,54.0,50.0,51.0,52.5,49.0,49.0,54.5,176.0,4.55,318.0
PK604P7700.ZCE,20260114,CZCE,84.0,83.0,85.5,86.0,82.0,85.5,86.0,40.0,1.7,240.0
PK604P7800.ZCE,20260114,CZCE,128.5,124.5,140.0,140.0,131.5,132.0,131.5,51.0,3.48,326.0
PK604P7900.ZCE,20260114,CZCE,186.0,179.0,192.5,196.5,190.5,196.5,191.5,18.0,1.74,171.0
PK604P8000.ZCE,20260114,CZCE,255.0,260.0,264.0,274.0,264.0,274.0,263.5,28.0,3.76,228.0
PK604P8100.ZCE,20260114,CZCE,332.5,340.5,356.5,357.0,345.0,345.0,344.5,21.0,3.72,189.0
PK604P8200.ZCE,20260114,CZCE,416.0,0.0,441.0,446.5,441.0,446.5,430.5,5.0,1.09,132.0
PK604P8300.ZCE,20260114,CZCE,503.0,0.0,519.0,519.0,519.0,519.0,520.0,1.0,0.26,83.0
PK604P8400.ZCE,20260114,CZCE,592.5,594.0,0.0,0.0,0.0,0.0,611.0,0.0,0.0,97.0
PK604P8500.ZCE,20260114,CZCE,685.0,0.0,0.0,0.0,0.0,0.0,705.0,0.0,0.0,6.0
PK604P8600.ZCE,20260114,CZCE,778.0,0.0,0.0,0.0,0.0,0.0,799.0,0.0,0.0,3.0
PK604P8700.ZCE,20260114,CZCE,873.0,0.0,0.0,0.0,0.0,0.0,894.5,0.0,0.0,3.0
PK604P8800.ZCE,20260114,CZCE,968.5,0.0,0.0,0.0,0.0,0.0,990.5,0.0,0.0,0.0
PK604P8900.ZCE,20260114,CZCE,1065.0,0.0,0.0,0.0,0.0,0.0,1087.5,0.0,0.0,0.0
PK605C6800.ZCE,20260114,CZCE,1072.5,0.0,0.0,0.0,0.0,0.0,1069.0,0.0,0.0,0.0
PK605C6900.ZCE,20260114,CZCE,975.5,0.0,0.0,0.0,0.0,0.0,971.5,0.0,0.0,0.0
PK605C7000.ZCE,20260114,CZCE,879.5,0.0,0.0,0.0,0.0,0.0,875.0,0.0,0.0,0.0
PK605C7100.ZCE,20260114,CZCE,784.5,0.0,0.0,0.0,0.0,0.0,780.0,0.0,0.0,0.0
PK605C7200.ZCE,20260114,CZCE,692.5,0.0,0.0,0.0,0.0,0.0,687.0,0.0,0.0,0.0
PK605C7300.ZCE,20260114,CZCE,603.0,0.0,0.0,0.0,0.0,0.0,597.0,0.0,0.0,0.0
PK605C7400.ZCE,20260114,CZCE,517.0,0.0,0.0,0.0,0.0,0.0,510.0,0.0,0.0,2.0
PK605C7500.ZCE,20260114,CZCE,436.5,442.0,420.5,428.5,420.5,428.5,428.0,11.0,2.34,67.0
PK605C7600.ZCE,20260114,CZCE,362.0,358.5,352.0,352.0,351.5,351.5,352.0,59.0,10.38,81.0
PK605C7700.ZCE,20260114,CZCE,296.0,294.5,283.0,283.5,275.0,276.5,283.5,84.0,11.87,217.0
PK605C7800.ZCE,20260114,CZCE,239.5,234.5,228.0,228.5,218.0,218.0,225.0,122.0,13.82,395.0
PK605C7900.ZCE,20260114,CZCE,192.5,189.0,180.5,180.5,174.5,174.5,177.5,74.0,6.65,271.0
PK605C8000.ZCE,20260114,CZCE,155.0,151.0,163.0,163.0,140.5,140.5,140.5,249.0,17.92,906.0
PK605C8100.ZCE,20260114,CZCE,125.5,121.5,115.5,116.5,112.5,112.5,113.0,189.0,10.95,515.0
PK605C8200.ZCE,20260114,CZCE,103.5,97.5,96.5,97.5,89.0,90.5,92.0,182.0,8.49,945.0
PK605C8300.ZCE,20260114,CZCE,86.5,81.0,78.5,78.5,73.0,74.5,77.0,49.0,1.84,675.0
PK605C8400.ZCE,20260114,CZCE,72.0,65.5,70.5,70.5,61.0,61.5,64.5,248.0,8.18,2531.0
PK605C8500.ZCE,20260114,CZCE,61.5,55.5,51.0,80.0,51.0,53.5,54.0,241.0,6.44,2268.0
PK605C8600.ZCE,20260114,CZCE,52.5,47.5,49.5,49.5,44.0,47.5,46.5,18.0,0.42,1605.0
PK605C8700.ZCE,20260114,CZCE,45.0,40.5,40.5,40.5,39.0,39.0,39.0,10.0,0.2,329.0
PK605C8800.ZCE,20260114,CZCE,39.0,34.5,35.0,35.0,33.5,33.5,34.0,16.0,0.27,428.0
PK605C8900.ZCE,20260114,CZCE,34.0,31.5,30.0,31.5,29.5,30.5,29.5,187.0,2.81,1116.0
PK605P6800.ZCE,20260114,CZCE,7.5,0.0,0.0,0.0,0.0,0.0,6.0,0.0,0.0,42.0
PK605P6900.ZCE,20260114,CZCE,10.5,10.0,0.0,0.0,0.0,0.0,8.5,0.0,0.0,167.0
PK605P7000.ZCE,20260114,CZCE,14.5,12.0,12.0,12.0,12.0,12.0,12.0,24.0,0.14,308.0
PK605P7100.ZCE,20260114,CZCE,19.5,17.0,16.5,16.5,16.5,16.5,17.0,32.0,0.26,308.0
PK605P7200.ZCE,20260114,CZCE,27.0,23.0,22.0,22.5,22.0,22.5,24.0,72.0,0.81,698.0
PK605P7300.ZCE,20260114,CZCE,37.5,32.5,31.0,31.5,30.5,31.5,33.5,106.0,1.64,455.0
PK605P7400.ZCE,20260114,CZCE,51.5,49.0,51.5,53.5,48.0,49.5,46.5,545.0,13.63,3842.0
PK605P7500.ZCE,20260114,CZCE,70.5,64.5,63.0,65.5,60.0,64.0,64.0,46.0,1.44,610.0
PK605P7600.ZCE,20260114,CZCE,95.5,87.0,87.0,87.0,86.5,86.5,87.0,4.0,0.17,366.0
PK605P7700.ZCE,20260114,CZCE,129.0,118.5,118.0,123.0,113.5,117.5,118.5,93.0,5.44,914.0
PK605P7800.ZCE,20260114,CZCE,172.0,170.0,165.0,165.0,156.5,159.0,159.5,493.0,39.36,670.0
PK605P7900.ZCE,20260114,CZCE,224.5,0.0,211.0,214.5,211.0,214.5,211.0,64.0,6.75,378.0
PK605P8000.ZCE,20260114,CZCE,286.5,275.5,281.5,281.5,272.5,273.0,274.0,61.0,8.37,331.0
PK605P8100.ZCE,20260114,CZCE,356.5,0.0,343.0,343.0,342.5,342.5,346.0,58.0,9.95,183.0
PK605P8200.ZCE,20260114,CZCE,433.5,0.0,0.0,0.0,0.0,0.0,424.0,0.0,0.0,98.0
PK605P8300.ZCE,20260114,CZCE,516.0,0.0,0.0,0.0,0.0,0.0,508.5,0.0,0.0,55.0
PK605P8400.ZCE,20260114,CZCE,601.5,0.0,0.0,0.0,0.0,0.0,596.0,0.0,0.0,44.0
PK605P8500.ZCE,20260114,CZCE,690.5,0.0,0.0,0.0,0.0,0.0,685.0,0.0,0.0,35.0
PK605P8600.ZCE,20260114,CZCE,781.0,0.0,0.0,0.0,0.0,0.0,777.0,0.0,0.0,7.0
PK605P8700.ZCE,20260114,CZCE,873.5,0.0,0.0,0.0,0.0,0.0,869.5,0.0,0.0,3.0
PK605P8800.ZCE,20260114,CZCE,967.0,0.0,0.0,0.0,0.0,0.0,964.0,0.0,0.0,0.0
PK605P8900.ZCE,20260114,CZCE,1062.0,0.0,0.0,0.0,0.0,0.0,1059.0,0.0,0.0,3.0
PK603C7000.ZCE,20260113,CZCE,875.0,0.0,0.0,0.0,0.0,0.0,853.0,0.0,0.0,19.0
PK603C7100.ZCE,20260113,CZCE,778.0,0.0,0.0,0.0,0.0,0.0,754.0,0.0,0.0,4.0
PK603C7200.ZCE,20260113,CZCE,682.0,0.0,0.0,0.0,0.0,0.0,655.5,0.0,0.0,7.0
PK603C7300.ZCE,20260113,CZCE,587.0,0.0,0.0,0.0,0.0,0.0,558.0,0.0,0.0,6.0
PK603C7400.ZCE,20260113,CZCE,494.0,473.0,414.0,455.0,414.0,455.0,462.0,2.0,0.43,61.0
PK603C7500.ZCE,20260113,CZCE,403.5,382.0,383.0,383.0,383.0,383.0,367.5,8.0,1.53,273.0
PK603C7600.ZCE,20260113,CZCE,316.0,294.5,281.0,287.0,272.5,283.5,277.0,92.0,12.93,404.0
PK603C7700.ZCE,20260113,CZCE,233.0,208.0,200.0,212.0,190.5,199.0,193.5,130.0,12.94,554.0
PK603C7800.ZCE,20260113,CZCE,155.5,142.0,131.5,144.5,130.0,137.5,129.5,738.0,50.12,1241.0
PK603C7900.ZCE,20260113,CZCE,99.5,98.5,91.0,104.0,81.5,95.5,92.5,1967.0,93.36,2313.0
PK603C8000.ZCE,20260113,CZCE,74.5,74.0,70.0,78.0,62.0,72.0,70.0,2657.0,95.03,5632.0
PK603C8100.ZCE,20260113,CZCE,57.0,59.5,49.5,63.5,45.0,54.0,55.0,2276.0,62.74,5848.0
PK603C8200.ZCE,20260113,CZCE,44.0,45.0,40.0,46.0,37.5,42.0,43.5,1585.0,34.06,5686.0
PK603C8300.ZCE,20260113,CZCE,34.0,36.0,31.5,38.0,29.5,34.0,34.5,1096.0,19.19,6848.0
PK603C8400.ZCE,20260113,CZCE,27.0,28.0,27.0,30.0,26.5,28.0,28.0,804.0,11.32,3331.0
PK603C8500.ZCE,20260113,CZCE,21.5,23.0,21.0,26.0,21.0,25.0,23.0,5303.0,64.31,16319.0
PK603C8600.ZCE,20260113,CZCE,17.0,19.5,14.0,20.0,14.0,19.0,18.5,843.0,7.95,2650.0
PK603C8700.ZCE,20260113,CZCE,13.5,15.0,12.0,16.0,12.0,16.0,15.5,322.0,2.41,2978.0
PK603C8800.ZCE,20260113,CZCE,11.0,13.5,9.5,16.5,9.5,13.5,12.5,741.0,4.86,3931.0
PK603C8900.ZCE,20260113,CZCE,8.5,10.0,9.5,11.5,9.0,11.0,10.5,2545.0,13.12,11554.0
PK603P7000.ZCE,20260113,CZCE,8.5,1.5,2.5,2.5,2.0,2.5,2.0,79.0,0.09,733.0
PK603P7100.ZCE,20260113,CZCE,11.0,2.0,3.0,3.5,3.0,3.0,3.0,105.0,0.16,897.0
PK603P7200.ZCE,20260113,CZCE,15.0,3.0,4.5,4.5,4.0,4.0,4.5,221.0,0.47,1130.0
PK603P7300.ZCE,20260113,CZCE,20.0,5.5,6.0,7.5,5.5,5.5,7.0,562.0,1.78,817.0
PK603P7400.ZCE,20260113,CZCE,27.0,9.0,12.5,12.5,8.5,9.5,10.5,2129.0,11.44,2945.0
PK603P7500.ZCE,20260113,CZCE,36.0,13.5,14.5,18.5,13.0,13.5,16.0,1252.0,10.14,1773.0
PK603P7600.ZCE,20260113,CZCE,48.5,23.5,21.5,29.5,21.0,21.0,25.5,836.0,11.22,1863.0
PK603P7700.ZCE,20260113,CZCE,65.0,40.5,44.5,49.0,35.0,36.0,42.0,1611.0,32.85,3619.0
PK603P7800.ZCE,20260113,CZCE,88.0,74.5,93.5,94.0,66.5,71.0,77.5,1684.0,62.34,3828.0
PK603P7900.ZCE,20260113,CZCE,131.5,129.5,145.5,148.5,119.5,128.5,140.5,830.0,58.27,6144.0
PK603P8000.ZCE,20260113,CZCE,206.0,205.5,224.0,227.5,201.5,201.5,218.0,349.0,37.32,5114.0
PK603P8100.ZCE,20260113,CZCE,288.5,287.5,307.0,307.0,291.0,291.0,302.5,25.0,3.69,968.0
PK603P8200.ZCE,20260113,CZCE,375.5,374.0,0.0,0.0,0.0,0.0,391.0,0.0,0.0,551.0
PK603P8300.ZCE,20260113,CZCE,465.5,464.5,486.0,486.0,479.5,479.5,482.0,13.0,3.13,460.0
PK603P8400.ZCE,20260113,CZCE,558.0,557.0,559.0,579.0,557.0,557.0,575.0,4.0,1.14,420.0
PK603P8500.ZCE,20260113,CZCE,652.5,652.0,656.0,674.0,653.0,653.0,670.0,4.0,1.32,308.0
PK603P8600.ZCE,20260113,CZCE,747.5,0.0,0.0,0.0,0.0,0.0,765.5,0.0,0.0,2.0
PK603P8700.ZCE,20260113,CZCE,844.0,0.0,0.0,0.0,0.0,0.0,862.5,0.0,0.0,6.0
PK603P8800.ZCE,20260113,CZCE,941.5,0.0,0.0,0.0,0.0,0.0,959.5,0.0,0.0,7.0
PK603P8900.ZCE,20260113,CZCE,1039.5,0.0,0.0,0.0,0.0,0.0,1057.0,0.0,0.0,6.0
PK604C7100.ZCE,20260113,CZCE,757.0,0.0,0.0,0.0,0.0,0.0,758.0,0.0,0.0,1.0
PK604C7200.ZCE,20260113,CZCE,660.0,0.0,0.0,0.0,0.0,0.0,661.0,0.0,0.0,4.0
PK604C7300.ZCE,20260113,CZCE,565.0,0.0,0.0,0.0,0.0,0.0,566.0,0.0,0.0,3.0
PK604C7400.ZCE,20260113,CZCE,474.0,0.0,0.0,0.0,0.0,0.0,474.0,0.0,0.0,10.0
PK604C7500.ZCE,20260113,CZCE,388.0,378.0,0.0,0.0,0.0,0.0,387.0,0.0,0.0,56.0
PK604C7600.ZCE,20260113,CZCE,310.0,304.0,309.5,311.5,306.5,311.5,307.5,24.0,3.7,96.0
PK604C7700.ZCE,20260113,CZCE,241.5,245.5,241.0,241.0,241.0,241.0,237.5,7.0,0.84,79.0
PK604C7800.ZCE,20260113,CZCE,186.0,185.5,184.0,188.0,180.5,180.5,182.0,52.0,4.79,337.0
PK604C7900.ZCE,20260113,CZCE,142.5,146.5,142.0,145.0,138.5,145.0,140.0,74.0,5.27,332.0
PK604C8000.ZCE,20260113,CZCE,109.0,113.0,109.0,114.0,106.5,112.0,109.5,363.0,20.3,874.0
PK604C8100.ZCE,20260113,CZCE,85.0,86.5,87.0,90.5,86.0,86.0,87.5,48.0,2.1,461.0
PK604C8200.ZCE,20260113,CZCE,67.5,68.0,68.0,73.0,68.0,71.0,71.0,35.0,1.23,410.0
PK604C8300.ZCE,20260113,CZCE,54.0,55.0,38.0,61.5,38.0,61.0,58.5,164.0,4.48,432.0
PK604C8400.ZCE,20260113,CZCE,43.5,44.0,44.0,50.0,44.0,49.5,48.5,553.0,12.99,836.0
PK604C8500.ZCE,20260113,CZCE,36.5,38.0,36.5,44.0,36.5,43.0,41.0,369.0,7.87,680.0
PK604C8600.ZCE,20260113,CZCE,30.5,32.5,33.5,36.5,33.5,36.0,34.0,43.0,0.75,250.0
PK604C8700.ZCE,20260113,CZCE,25.5,27.0,27.0,29.5,27.0,29.5,29.5,70.0,0.99,387.0
PK604C8800.ZCE,20260113,CZCE,22.0,23.0,24.0,27.0,24.0,27.0,25.0,38.0,0.49,302.0
PK604C8900.ZCE,20260113,CZCE,19.0,19.0,20.0,25.0,20.0,25.0,22.0,41.0,0.44,675.0
PK604P7100.ZCE,20260113,CZCE,4.5,5.5,6.0,6.0,5.5,6.0,5.5,137.0,0.41,247.0
PK604P7200.ZCE,20260113,CZCE,7.5,8.0,8.5,9.0,8.0,8.5,9.0,103.0,0.43,265.0
PK604P7300.ZCE,20260113,CZCE,12.5,0.0,12.5,13.0,12.5,13.0,13.5,143.0,0.92,350.0
PK604P7400.ZCE,20260113,CZCE,21.0,21.0,22.5,22.5,19.5,21.5,21.5,453.0,4.77,381.0
PK604P7500.ZCE,20260113,CZCE,35.5,35.0,36.5,36.5,30.0,32.5,34.5,172.0,2.82,242.0
PK604P7600.ZCE,20260113,CZCE,57.0,55.0,58.0,58.0,50.0,50.0,54.0,32.0,0.9,217.0
PK604P7700.ZCE,20260113,CZCE,88.0,90.5,87.5,88.5,83.0,83.0,84.0,56.0,2.41,254.0
PK604P7800.ZCE,20260113,CZCE,132.5,128.5,136.0,137.5,123.5,124.5,128.5,304.0,19.32,333.0
PK604P7900.ZCE,20260113,CZCE,188.0,182.5,186.5,192.5,179.0,179.0,186.0,36.0,3.41,186.0
PK604P8000.ZCE,20260113,CZCE,254.5,248.0,260.0,260.0,260.0,260.0,255.0,23.0,2.99,228.0
PK604P8100.ZCE,20260113,CZCE,330.0,323.5,340.5,340.5,340.5,340.5,332.5,10.0,1.69,198.0
PK604P8200.ZCE,20260113,CZCE,412.0,405.0,0.0,0.0,0.0,0.0,416.0,0.0,0.0,135.0
PK604P8300.ZCE,20260113,CZCE,498.5,0.0,0.0,0.0,0.0,0.0,503.0,0.0,0.0,83.0
PK604P8400.ZCE,20260113,CZCE,588.0,602.5,566.5,594.0,566.5,594.0,592.5,2.0,0.58,97.0
PK604P8500.ZCE,20260113,CZCE,680.5,0.0,0.0,0.0,0.0,0.0,685.0,0.0,0.0,6.0
PK604P8600.ZCE,20260113,CZCE,774.0,0.0,0.0,0.0,0.0,0.0,778.0,0.0,0.0,3.0
PK604P8700.ZCE,20260113,CZCE,869.5,0.0,0.0,0.0,0.0,0.0,873.0,0.0,0.0,3.0
PK604P8800.ZCE,20260113,CZCE,965.0,0.0,0.0,0.0,0.0,0.0,968.5,0.0,0.0,0.0
PK604P8900.ZCE,20260113,CZCE,1062.0,0.0,0.0,0.0,0.0,0.0,1065.0,0.0,0.0,0.0
PK605C6800.ZCE,20260113,CZCE,1069.5,0.0,0.0,0.0,0.0,0.0,1072.5,0.0,0.0,0.0
PK605C6900.ZCE,20260113,CZCE,972.0,0.0,0.0,0.0,0.0,0.0,975.5,0.0,0.0,0.0
PK605C7000.ZCE,20260113,CZCE,876.0,0.0,0.0,0.0,0.0,0.0,879.5,0.0,0.0,0.0
PK605C7100.ZCE,20260113,CZCE,781.5,0.0,0.0,0.0,0.0,0.0,784.5,0.0,0.0,0.0
PK605C7200.ZCE,20260113,CZCE,689.5,0.0,0.0,0.0,0.0,0.0,692.5,0.0,0.0,0.0
PK605C7300.ZCE,20260113,CZCE,600.0,0.0,0.0,0.0,0.0,0.0,603.0,0.0,0.0,0.0
PK605C7400.ZCE,20260113,CZCE,515.0,531.5,0.0,0.0,0.0,0.0,517.0,0.0,0.0,2.0
PK605C7500.ZCE,20260113,CZCE,434.5,425.5,439.0,445.0,439.0,442.0,436.5,12.0,2.65,63.0
PK605C7600.ZCE,20260113,CZCE,360.5,360.0,365.0,365.0,358.5,358.5,362.0,3.0,0.54,70.0
PK605C7700.ZCE,20260113,CZCE,294.5,295.0,292.5,295.0,292.5,294.5,296.0,31.0,4.55,184.0
PK605C7800.ZCE,20260113,CZCE,238.5,247.5,241.5,243.0,234.5,234.5,239.5,63.0,7.52,347.0
PK605C7900.ZCE,20260113,CZCE,192.5,202.0,193.0,196.5,189.0,189.0,192.5,38.0,3.66,251.0
PK605C8000.ZCE,20260113,CZCE,156.5,164.5,161.0,168.0,151.0,151.0,155.0,193.0,15.05,829.0
PK605C8100.ZCE,20260113,CZCE,128.0,137.5,132.0,132.0,121.0,121.5,125.5,267.0,17.22,437.0
PK605C8200.ZCE,20260113,CZCE,106.5,110.5,113.0,113.0,92.5,97.5,103.5,379.0,18.9,936.0
PK605C8300.ZCE,20260113,CZCE,90.0,96.5,89.5,89.5,78.0,81.0,86.5,443.0,18.03,699.0
PK605C8400.ZCE,20260113,CZCE,75.5,75.0,84.5,84.5,63.5,65.5,72.0,658.0,23.28,2469.0
PK605C8500.ZCE,20260113,CZCE,65.0,63.5,66.0,66.5,53.5,55.5,61.5,837.0,25.41,2199.0
PK605C8600.ZCE,20260113,CZCE,55.5,55.0,54.0,57.0,47.0,47.5,52.5,85.0,2.2,1606.0
PK605C8700.ZCE,20260113,CZCE,48.0,46.5,40.5,40.5,40.5,40.5,45.0,3.0,0.06,333.0
PK605C8800.ZCE,20260113,CZCE,41.0,40.0,38.5,38.5,34.5,34.5,39.0,40.0,0.74,443.0
PK605C8900.ZCE,20260113,CZCE,36.0,39.0,42.5,42.5,31.5,31.5,34.0,237.0,3.96,1084.0
PK605P6800.ZCE,20260113,CZCE,6.5,0.0,0.0,0.0,0.0,0.0,7.5,0.0,0.0,42.0
PK605P6900.ZCE,20260113,CZCE,9.5,10.5,11.5,11.5,10.0,10.0,10.5,67.0,0.36,167.0
PK605P7000.ZCE,20260113,CZCE,13.0,13.5,15.0,15.5,12.0,12.0,14.5,288.0,1.98,307.0
PK605P7100.ZCE,20260113,CZCE,18.5,20.0,19.5,19.5,17.0,17.0,19.5,188.0,1.71,303.0
PK605P7200.ZCE,20260113,CZCE,26.5,28.0,30.0,30.0,23.0,23.0,27.0,420.0,5.37,696.0
PK605P7300.ZCE,20260113,CZCE,37.0,39.0,38.0,40.0,32.5,32.5,37.5,270.0,4.68,396.0
PK605P7400.ZCE,20260113,CZCE,51.0,60.0,63.0,63.0,49.0,49.0,51.5,582.0,15.7,3433.0
PK605P7500.ZCE,20260113,CZCE,70.0,68.5,70.5,72.0,63.0,64.5,70.5,300.0,10.52,598.0
PK605P7600.ZCE,20260113,CZCE,96.0,98.0,94.0,94.0,85.5,87.0,95.5,67.0,2.96,362.0
PK605P7700.ZCE,20260113,CZCE,129.5,129.5,129.5,135.0,118.5,118.5,129.0,379.0,23.83,889.0
PK605P7800.ZCE,20260113,CZCE,173.0,175.5,174.0,177.0,170.0,170.0,172.0,14.0,1.23,336.0
PK605P7900.ZCE,20260113,CZCE,226.5,228.0,0.0,0.0,0.0,0.0,224.5,0.0,0.0,342.0
PK605P8000.ZCE,20260113,CZCE,289.5,295.0,277.5,277.5,275.0,275.5,286.5,8.0,1.1,332.0
PK605P8100.ZCE,20260113,CZCE,360.5,357.0,0.0,0.0,0.0,0.0,356.5,0.0,0.0,191.0
PK605P8200.ZCE,20260113,CZCE,439.0,435.0,0.0,0.0,0.0,0.0,433.5,0.0,0.0,98.0
PK605P8300.ZCE,20260113,CZCE,521.5,0.0,0.0,0.0,0.0,0.0,516.0,0.0,0.0,55.0
PK605P8400.ZCE,20260113,CZCE,606.5,0.0,0.0,0.0,0.0,0.0,601.5,0.0,0.0,44.0
PK605P8500.ZCE,20260113,CZCE,695.5,0.0,0.0,0.0,0.0,0.0,690.5,0.0,0.0,35.0
PK605P8600.ZCE,20260113,CZCE,786.0,0.0,0.0,0.0,0.0,0.0,781.0,0.0,0.0,7.0
PK605P8700.ZCE,20260113,CZCE,878.0,0.0,0.0,0.0,0.0,0.0,873.5,0.0,0.0,3.0
PK605P8800.ZCE,20260113,CZCE,971.0,0.0,0.0,0.0,0.0,0.0,967.0,0.0,0.0,0.0
PK605P8900.ZCE,20260113,CZCE,1065.5,0.0,0.0,0.0,0.0,0.0,1062.0,0.0,0.0,3.0
PK603C7000.ZCE,20260112,CZCE,1002.5,0.0,0.0,0.0,0.0,0.0,875.0,0.0,0.0,19.0
PK603C7100.ZCE,20260112,CZCE,903.0,0.0,0.0,0.0,0.0,0.0,778.0,0.0,0.0,4.0
PK603C7200.ZCE,20260112,CZCE,803.5,0.0,0.0,0.0,0.0,0.0,682.0,0.0,0.0,7.0
PK603C7300.ZCE,20260112,CZCE,704.5,0.0,0.0,0.0,0.0,0.0,587.0,0.0,0.0,6.0
PK603C7400.ZCE,20260112,CZCE,606.0,618.0,445.0,473.0,445.0,473.0,494.0,2.0,0.46,61.0
PK603C7500.ZCE,20260112,CZCE,508.0,521.0,348.5,388.0,348.5,382.0,403.5,6.0,1.13,273.0
PK603C7600.ZCE,20260112,CZCE,411.0,412.0,296.0,296.0,268.0,294.5,316.0,340.0,49.43,394.0
PK603C7700.ZCE,20260112,CZCE,316.5,280.0,220.0,220.0,192.0,208.0,233.0,282.0,29.51,536.0
PK603C7800.ZCE,20260112,CZCE,228.5,193.0,161.0,161.0,128.5,142.0,155.5,897.0,62.23,1137.0
PK603C7900.ZCE,20260112,CZCE,157.5,131.5,134.0,134.0,90.0,98.5,99.5,3116.0,151.06,1884.0
PK603C8000.ZCE,20260112,CZCE,111.0,95.0,91.0,91.0,66.5,74.0,74.5,5170.0,187.05,5136.0
PK603C8100.ZCE,20260112,CZCE,83.0,70.0,70.0,70.0,49.5,59.5,57.0,4534.0,125.31,5827.0
PK603C8200.ZCE,20260112,CZCE,63.5,53.0,40.0,51.5,37.5,45.0,44.0,4017.0,85.28,5282.0
PK603C8300.ZCE,20260112,CZCE,49.5,41.5,39.0,39.0,29.5,36.0,34.0,4686.0,78.42,6839.0
PK603C8400.ZCE,20260112,CZCE,39.0,31.0,34.0,34.0,22.0,28.0,27.0,2146.0,26.98,3307.0
PK603C8500.ZCE,20260112,CZCE,31.5,27.0,26.0,26.0,18.0,23.0,21.5,10300.0,111.15,16339.0
PK603C8600.ZCE,20260112,CZCE,25.0,19.5,17.0,20.0,14.0,19.5,17.0,809.0,6.75,2878.0
PK603C8700.ZCE,20260112,CZCE,20.5,15.5,13.5,16.0,10.5,15.0,13.5,582.0,3.75,2908.0
PK603C8800.ZCE,20260112,CZCE,17.0,12.0,11.0,14.0,8.5,13.5,11.0,2177.0,12.57,3767.0
PK603C8900.ZCE,20260112,CZCE,13.5,12.5,11.0,12.0,6.0,10.0,8.5,6784.0,27.82,11708.0
PK603P7000.ZCE,20260112,CZCE,1.0,1.5,2.0,2.0,1.5,1.5,8.5,437.0,0.44,748.0
PK603P7100.ZCE,20260112,CZCE,1.5,2.0,2.0,2.0,1.5,2.0,11.0,281.0,0.29,920.0
PK603P7200.ZCE,20260112,CZCE,2.5,3.0,3.0,3.0,2.0,3.0,15.0,254.0,0.51,1138.0
PK603P7300.ZCE,20260112,CZCE,3.5,4.0,6.0,6.0,3.5,5.5,20.0,1223.0,3.04,852.0
PK603P7400.ZCE,20260112,CZCE,4.5,6.5,8.0,10.5,4.5,9.0,27.0,6239.0,23.91,2651.0
PK603P7500.ZCE,20260112,CZCE,6.5,9.0,11.0,15.0,11.0,13.5,36.0,958.0,6.33,1666.0
PK603P7600.ZCE,20260112,CZCE,10.0,13.0,19.5,26.5,16.5,23.5,48.5,1669.0,19.36,2401.0
PK603P7700.ZCE,20260112,CZCE,15.0,22.0,22.0,46.0,22.0,40.5,65.0,4178.0,85.76,3073.0
PK603P7800.ZCE,20260112,CZCE,27.0,37.5,39.5,85.5,39.5,74.5,88.0,3581.0,139.43,3445.0
PK603P7900.ZCE,20260112,CZCE,55.5,80.0,100.0,145.5,100.0,129.5,131.5,2553.0,165.89,6056.0
PK603P8000.ZCE,20260112,CZCE,109.0,136.0,180.0,222.5,163.0,205.5,206.0,462.0,46.85,5082.0
PK603P8100.ZCE,20260112,CZCE,180.5,210.5,275.0,305.0,260.0,287.5,288.5,288.0,41.06,968.0
PK603P8200.ZCE,20260112,CZCE,261.0,290.0,378.0,389.0,365.5,374.0,375.5,54.0,10.19,551.0
PK603P8300.ZCE,20260112,CZCE,347.0,389.5,461.0,479.0,455.0,464.5,465.5,119.0,27.77,450.0
PK603P8400.ZCE,20260112,CZCE,436.5,470.0,553.5,580.5,547.5,557.0,558.0,67.0,18.72,421.0
PK603P8500.ZCE,20260112,CZCE,528.5,564.5,611.5,652.0,611.5,652.0,652.5,3.0,0.96,308.0
PK603P8600.ZCE,20260112,CZCE,622.0,800.0,0.0,0.0,0.0,0.0,747.5,0.0,0.0,2.0
PK603P8700.ZCE,20260112,CZCE,717.5,0.0,0.0,0.0,0.0,0.0,844.0,0.0,0.0,6.0
PK603P8800.ZCE,20260112,CZCE,813.5,0.0,0.0,0.0,0.0,0.0,941.5,0.0,0.0,7.0
PK603P8900.ZCE,20260112,CZCE,910.0,0.0,0.0,0.0,0.0,0.0,1039.5,0.0,0.0,6.0
PK604C7100.ZCE,20260112,CZCE,861.5,0.0,0.0,0.0,0.0,0.0,757.0,0.0,0.0,1.0
PK604C7200.ZCE,20260112,CZCE,763.0,0.0,0.0,0.0,0.0,0.0,660.0,0.0,0.0,4.0
PK604C7300.ZCE,20260112,CZCE,665.5,0.0,0.0,0.0,0.0,0.0,565.0,0.0,0.0,3.0
PK604C7400.ZCE,20260112,CZCE,570.5,0.0,0.0,0.0,0.0,0.0,474.0,0.0,0.0,10.0
PK604C7500.ZCE,20260112,CZCE,478.0,0.0,345.0,378.0,345.0,378.0,388.0,2.0,0.36,56.0
PK604C7600.ZCE,20260112,CZCE,391.0,359.0,316.5,316.5,299.0,304.0,310.0,75.0,11.59,100.0
PK604C7700.ZCE,20260112,CZCE,311.5,276.5,249.0,250.0,230.0,245.5,241.5,63.0,7.56,79.0
PK604C7800.ZCE,20260112,CZCE,242.0,219.0,172.0,199.0,168.0,185.5,186.0,148.0,13.69,326.0
PK604C7900.ZCE,20260112,CZCE,185.0,166.5,140.0,150.5,137.0,146.5,142.5,306.0,21.97,276.0
PK604C8000.ZCE,20260112,CZCE,141.0,128.0,108.0,125.0,102.0,113.0,109.0,556.0,30.31,753.0
PK604C8100.ZCE,20260112,CZCE,108.5,100.0,85.5,95.5,77.5,86.5,85.0,261.0,11.19,449.0
PK604C8200.ZCE,20260112,CZCE,85.0,74.0,70.0,77.5,60.0,68.0,67.5,168.0,5.74,385.0
PK604C8300.ZCE,20260112,CZCE,67.5,62.5,55.0,63.0,49.5,55.0,54.0,94.0,2.63,356.0
PK604C8400.ZCE,20260112,CZCE,54.5,47.0,44.5,51.0,40.0,44.0,43.5,89.0,2.03,556.0
PK604C8500.ZCE,20260112,CZCE,44.5,39.5,33.0,42.0,32.5,38.0,36.5,179.0,3.3,463.0
PK604C8600.ZCE,20260112,CZCE,37.5,33.5,35.0,35.0,29.0,32.5,30.5,30.0,0.45,265.0
PK604C8700.ZCE,20260112,CZCE,31.5,26.5,26.5,27.0,23.5,27.0,25.5,16.0,0.2,401.0
PK604C8800.ZCE,20260112,CZCE,26.5,22.0,22.5,23.5,20.5,23.0,22.0,27.0,0.29,312.0
PK604C8900.ZCE,20260112,CZCE,22.5,19.5,20.0,21.0,17.5,19.0,19.0,252.0,2.37,672.0
PK604P7100.ZCE,20260112,CZCE,3.0,3.0,5.0,6.0,5.0,5.5,4.5,78.0,0.21,202.0
PK604P7200.ZCE,20260112,CZCE,4.5,0.0,6.5,8.5,6.5,8.0,7.5,82.0,0.32,219.0
PK604P7300.ZCE,20260112,CZCE,7.5,7.5,0.0,0.0,0.0,0.0,12.5,0.0,0.0,323.0
PK604P7400.ZCE,20260112,CZCE,12.0,13.0,23.0,23.0,19.0,21.0,21.0,63.0,0.67,247.0
PK604P7500.ZCE,20260112,CZCE,19.5,22.0,29.5,37.0,28.5,35.0,35.5,44.0,0.78,314.0
PK604P7600.ZCE,20260112,CZCE,32.5,36.0,47.0,58.0,47.0,55.0,57.0,123.0,3.35,225.0
PK604P7700.ZCE,20260112,CZCE,52.5,63.0,74.5,90.5,74.5,90.5,88.0,45.0,1.97,226.0
PK604P7800.ZCE,20260112,CZCE,82.5,97.0,120.0,140.0,120.0,128.5,132.5,368.0,24.72,222.0
PK604P7900.ZCE,20260112,CZCE,125.0,142.5,195.0,195.5,182.0,182.5,188.0,278.0,26.12,167.0
PK604P8000.ZCE,20260112,CZCE,181.0,208.5,259.5,262.5,248.0,248.0,254.5,279.0,35.59,209.0
PK604P8100.ZCE,20260112,CZCE,248.0,280.0,334.0,340.5,323.5,323.5,330.0,73.0,12.2,201.0
PK604P8200.ZCE,20260112,CZCE,324.0,370.0,418.5,425.0,405.0,405.0,412.0,32.0,6.63,135.0
PK604P8300.ZCE,20260112,CZCE,406.5,454.5,0.0,0.0,0.0,0.0,498.5,0.0,0.0,83.0
PK604P8400.ZCE,20260112,CZCE,493.0,535.0,602.5,602.5,602.5,602.5,588.0,17.0,5.09,96.0
PK604P8500.ZCE,20260112,CZCE,582.5,0.0,0.0,0.0,0.0,0.0,680.5,0.0,0.0,6.0
PK604P8600.ZCE,20260112,CZCE,675.5,0.0,0.0,0.0,0.0,0.0,774.0,0.0,0.0,3.0
PK604P8700.ZCE,20260112,CZCE,769.0,0.0,0.0,0.0,0.0,0.0,869.5,0.0,0.0,3.0
PK604P8800.ZCE,20260112,CZCE,864.0,0.0,0.0,0.0,0.0,0.0,965.0,0.0,0.0,0.0
PK604P8900.ZCE,20260112,CZCE,960.0,0.0,0.0,0.0,0.0,0.0,1062.0,0.0,0.0,0.0
PK605C6800.ZCE,20260112,CZCE,1146.0,0.0,0.0,0.0,0.0,0.0,1069.5,0.0,0.0,0.0
PK605C6900.ZCE,20260112,CZCE,1047.5,0.0,0.0,0.0,0.0,0.0,972.0,0.0,0.0,0.0
PK605C7000.ZCE,20260112,CZCE,949.5,0.0,0.0,0.0,0.0,0.0,876.0,0.0,0.0,0.0
PK605C7100.ZCE,20260112,CZCE,852.5,0.0,0.0,0.0,0.0,0.0,781.5,0.0,0.0,0.0
PK605C7200.ZCE,20260112,CZCE,757.5,0.0,0.0,0.0,0.0,0.0,689.5,0.0,0.0,0.0
PK605C7300.ZCE,20260112,CZCE,664.0,0.0,0.0,0.0,0.0,0.0,600.0,0.0,0.0,0.0
PK605C7400.ZCE,20260112,CZCE,573.0,0.0,531.5,531.5,531.5,531.5,515.0,1.0,0.27,2.0
PK605C7500.ZCE,20260112,CZCE,485.5,0.0,425.5,425.5,425.5,425.5,434.5,30.0,6.38,61.0
PK605C7600.ZCE,20260112,CZCE,404.0,0.0,354.5,362.0,352.0,360.0,360.5,18.0,3.2,70.0
PK605C7700.ZCE,20260112,CZCE,329.5,0.0,288.5,296.0,288.0,295.0,294.5,61.0,8.87,184.0
PK605C7800.ZCE,20260112,CZCE,264.5,256.0,213.5,249.0,213.5,247.5,238.5,347.0,39.7,342.0
PK605C7900.ZCE,20260112,CZCE,210.5,212.0,160.5,202.0,160.5,202.0,192.5,127.0,12.07,238.0
PK605C8000.ZCE,20260112,CZCE,167.0,167.0,153.0,166.0,145.0,164.5,156.5,471.0,37.19,715.0
PK605C8100.ZCE,20260112,CZCE,134.0,140.0,125.0,138.0,125.0,137.5,128.0,90.0,5.87,329.0
PK605C8200.ZCE,20260112,CZCE,108.5,109.0,106.0,114.5,100.5,110.5,106.5,145.0,7.78,1034.0
PK605C8300.ZCE,20260112,CZCE,89.5,92.5,86.5,96.5,86.5,96.5,90.0,320.0,14.91,822.0
PK605C8400.ZCE,20260112,CZCE,75.0,79.0,73.5,82.0,73.5,75.0,75.5,445.0,17.04,2576.0
PK605C8500.ZCE,20260112,CZCE,64.5,66.0,61.0,71.5,60.0,63.5,65.0,479.0,15.35,2533.0
PK605C8600.ZCE,20260112,CZCE,55.0,58.0,54.5,58.5,47.0,55.0,55.5,227.0,6.22,1620.0
PK605C8700.ZCE,20260112,CZCE,48.5,0.0,46.5,47.0,46.5,46.5,48.0,11.0,0.26,335.0
PK605C8800.ZCE,20260112,CZCE,42.0,41.0,42.5,42.5,38.0,40.0,41.0,49.0,1.01,421.0
PK605C8900.ZCE,20260112,CZCE,37.5,39.0,35.5,39.5,34.5,39.0,36.0,175.0,3.25,1030.0
PK605P6800.ZCE,20260112,CZCE,5.0,0.0,0.0,0.0,0.0,0.0,6.5,0.0,0.0,42.0
PK605P6900.ZCE,20260112,CZCE,6.5,0.0,10.0,10.5,10.0,10.5,9.5,53.0,0.27,159.0
PK605P7000.ZCE,20260112,CZCE,9.0,8.5,11.5,14.5,11.5,13.5,13.0,100.0,0.66,218.0
PK605P7100.ZCE,20260112,CZCE,12.0,10.5,15.5,20.5,15.5,20.0,18.5,247.0,2.31,197.0
PK605P7200.ZCE,20260112,CZCE,16.5,17.5,22.0,28.5,22.0,28.0,26.5,454.0,5.73,418.0
PK605P7300.ZCE,20260112,CZCE,22.5,25.0,37.0,39.5,30.5,39.0,37.0,367.0,6.62,257.0
PK605P7400.ZCE,20260112,CZCE,31.5,63.0,53.0,71.0,46.0,60.0,51.0,4360.0,119.31,3194.0
PK605P7500.ZCE,20260112,CZCE,44.0,50.5,62.0,73.0,60.0,68.5,70.0,218.0,7.43,397.0
PK605P7600.ZCE,20260112,CZCE,62.0,73.0,84.5,98.0,83.0,98.0,96.0,98.0,4.58,333.0
PK605P7700.ZCE,20260112,CZCE,87.0,110.0,119.0,133.5,116.0,129.5,129.5,500.0,32.43,604.0
PK605P7800.ZCE,20260112,CZCE,121.5,142.5,172.0,177.0,170.0,175.5,173.0,164.0,14.24,334.0
PK605P7900.ZCE,20260112,CZCE,166.5,186.0,230.5,230.5,228.0,228.0,226.5,40.0,4.59,342.0
PK605P8000.ZCE,20260112,CZCE,223.0,248.0,284.0,295.0,284.0,295.0,289.5,15.0,2.16,336.0
PK605P8100.ZCE,20260112,CZCE,289.0,311.5,357.0,357.0,357.0,357.0,360.5,19.0,3.41,191.0
PK605P8200.ZCE,20260112,CZCE,363.5,392.0,435.0,435.0,435.0,435.0,439.0,19.0,4.15,98.0
PK605P8300.ZCE,20260112,CZCE,443.5,458.5,0.0,0.0,0.0,0.0,521.5,0.0,0.0,55.0
PK605P8400.ZCE,20260112,CZCE,528.5,560.0,0.0,0.0,0.0,0.0,606.5,0.0,0.0,44.0
PK605P8500.ZCE,20260112,CZCE,617.5,0.0,0.0,0.0,0.0,0.0,695.5,0.0,0.0,35.0
PK605P8600.ZCE,20260112,CZCE,707.5,0.0,0.0,0.0,0.0,0.0,786.0,0.0,0.0,7.0
PK605P8700.ZCE,20260112,CZCE,801.0,0.0,0.0,0.0,0.0,0.0,878.0,0.0,0.0,3.0
PK605P8800.ZCE,20260112,CZCE,894.0,0.0,0.0,0.0,0.0,0.0,971.0,0.0,0.0,0.0
PK605P8900.ZCE,20260112,CZCE,989.0,0.0,0.0,0.0,0.0,0.0,1065.5,0.0,0.0,3.0
PK603C7000.ZCE,20260109,CZCE,1068.5,0.0,0.0,0.0,0.0,0.0,1002.5,0.0,0.0,19.0
PK603C7100.ZCE,20260109,CZCE,968.5,0.0,0.0,0.0,0.0,0.0,903.0,0.0,0.0,4.0
PK603C7200.ZCE,20260109,CZCE,869.5,0.0,0.0,0.0,0.0,0.0,803.5,0.0,0.0,7.0
PK603C7300.ZCE,20260109,CZCE,770.0,0.0,0.0,0.0,0.0,0.0,704.5,0.0,0.0,6.0
PK603C7400.ZCE,20260109,CZCE,671.0,678.0,620.5,644.0,618.0,618.0,606.0,4.0,1.25,61.0
PK603C7500.ZCE,20260109,CZCE,572.5,579.0,523.5,544.0,521.0,521.0,508.0,4.0,1.06,272.0
PK603C7600.ZCE,20260109,CZCE,475.0,474.0,424.0,440.0,412.0,412.0,411.0,13.0,2.73,372.0
PK603C7700.ZCE,20260109,CZCE,379.0,362.5,354.0,360.5,270.5,280.0,316.5,248.0,38.0,461.0
PK603C7800.ZCE,20260109,CZCE,287.0,266.0,262.5,269.0,188.5,193.0,228.5,339.0,39.36,782.0
PK603C7900.ZCE,20260109,CZCE,206.0,180.0,185.0,191.0,126.5,131.5,157.5,821.0,57.41,1503.0
PK603C8000.ZCE,20260109,CZCE,144.0,133.5,133.5,138.0,90.5,95.0,111.0,2652.0,143.17,4777.0
PK603C8100.ZCE,20260109,CZCE,103.5,95.0,95.0,102.0,68.0,70.0,83.0,3970.0,161.04,5501.0
PK603C8200.ZCE,20260109,CZCE,77.5,74.0,75.0,76.5,51.0,53.0,63.5,2788.0,86.88,5439.0
PK603C8300.ZCE,20260109,CZCE,60.5,57.0,55.5,59.0,39.5,41.5,49.5,3671.0,87.59,8136.0
PK603C8400.ZCE,20260109,CZCE,48.0,43.0,43.0,45.0,30.0,31.0,39.0,2460.0,45.49,3454.0
PK603C8500.ZCE,20260109,CZCE,39.0,36.5,36.5,38.0,25.0,27.0,31.5,8685.0,137.54,15236.0
PK603C8600.ZCE,20260109,CZCE,32.0,28.0,27.5,28.5,19.5,19.5,25.0,848.0,10.14,2922.0
PK603C8700.ZCE,20260109,CZCE,26.0,22.0,20.5,22.0,15.0,15.5,20.5,693.0,6.33,2946.0
PK603C8800.ZCE,20260109,CZCE,22.0,18.5,17.0,18.5,12.0,12.0,17.0,992.0,7.57,3451.0
PK603C8900.ZCE,20260109,CZCE,18.0,16.5,16.0,16.5,11.0,12.5,13.5,4696.0,31.46,12555.0
PK603P7000.ZCE,20260109,CZCE,1.0,2.0,1.5,1.5,1.5,1.5,1.0,326.0,0.24,701.0
PK603P7100.ZCE,20260109,CZCE,1.5,1.5,1.5,2.0,1.5,2.0,1.5,137.0,0.11,842.0
PK603P7200.ZCE,20260109,CZCE,2.0,2.5,2.0,3.0,2.0,3.0,2.5,313.0,0.33,1180.0
PK603P7300.ZCE,20260109,CZCE,3.0,3.0,2.5,4.0,2.5,4.0,3.5,233.0,0.35,828.0
PK603P7400.ZCE,20260109,CZCE,4.0,4.5,4.0,6.5,3.5,6.5,4.5,402.0,0.93,2520.0
PK603P7500.ZCE,20260109,CZCE,5.5,6.0,5.5,9.0,5.5,9.0,6.5,560.0,2.06,1433.0
PK603P7600.ZCE,20260109,CZCE,8.0,6.5,7.0,13.5,6.0,13.0,10.0,1123.0,5.89,2351.0
PK603P7700.ZCE,20260109,CZCE,11.5,10.5,10.0,22.0,9.5,22.0,15.0,1130.0,10.48,1694.0
PK603P7800.ZCE,20260109,CZCE,19.5,20.0,22.0,41.0,17.5,37.5,27.0,1575.0,24.24,3892.0
PK603P7900.ZCE,20260109,CZCE,38.0,43.0,41.0,80.0,34.5,80.0,55.5,4981.0,155.13,6175.0
PK603P8000.ZCE,20260109,CZCE,76.0,87.5,88.5,145.0,81.5,136.0,109.0,2257.0,127.2,5192.0
PK603P8100.ZCE,20260109,CZCE,135.5,145.0,151.5,220.5,148.0,210.5,180.5,400.0,35.84,1008.0
PK603P8200.ZCE,20260109,CZCE,209.0,226.5,229.5,301.0,221.5,290.0,261.0,207.0,26.48,548.0
PK603P8300.ZCE,20260109,CZCE,292.0,305.0,312.0,389.5,309.5,389.5,347.0,90.0,15.32,451.0
PK603P8400.ZCE,20260109,CZCE,379.0,393.5,400.0,479.0,393.5,470.0,436.5,138.0,29.67,427.0
PK603P8500.ZCE,20260109,CZCE,470.0,483.0,493.5,575.0,484.5,564.5,528.5,251.0,65.89,309.0
PK603P8600.ZCE,20260109,CZCE,563.0,0.0,643.5,800.0,643.5,800.0,622.0,2.0,0.72,2.0
PK603P8700.ZCE,20260109,CZCE,657.0,0.0,0.0,0.0,0.0,0.0,717.5,0.0,0.0,6.0
PK603P8800.ZCE,20260109,CZCE,752.5,0.0,0.0,0.0,0.0,0.0,813.5,0.0,0.0,7.0
PK603P8900.ZCE,20260109,CZCE,849.0,0.0,0.0,0.0,0.0,0.0,910.0,0.0,0.0,6.0
PK604C7100.ZCE,20260109,CZCE,910.5,0.0,0.0,0.0,0.0,0.0,861.5,0.0,0.0,1.0
PK604C7200.ZCE,20260109,CZCE,812.0,0.0,0.0,0.0,0.0,0.0,763.0,0.0,0.0,4.0
PK604C7300.ZCE,20260109,CZCE,713.5,0.0,0.0,0.0,0.0,0.0,665.5,0.0,0.0,3.0
PK604C7400.ZCE,20260109,CZCE,617.0,0.0,0.0,0.0,0.0,0.0,570.5,0.0,0.0,10.0
PK604C7500.ZCE,20260109,CZCE,522.5,0.0,0.0,0.0,0.0,0.0,478.0,0.0,0.0,55.0
PK604C7600.ZCE,20260109,CZCE,431.5,0.0,355.5,359.0,344.5,359.0,391.0,53.0,9.28,92.0
PK604C7700.ZCE,20260109,CZCE,347.0,0.0,279.5,279.5,267.5,276.5,311.5,65.0,8.99,79.0
PK604C7800.ZCE,20260109,CZCE,271.0,266.0,231.5,231.5,205.0,219.0,242.0,225.0,24.68,300.0
PK604C7900.ZCE,20260109,CZCE,208.5,206.5,196.5,202.0,158.0,166.5,185.0,184.0,16.27,218.0
PK604C8000.ZCE,20260109,CZCE,159.0,154.0,136.0,144.0,121.5,128.0,141.0,228.0,14.91,589.0
PK604C8100.ZCE,20260109,CZCE,123.0,118.0,103.0,123.5,93.0,100.0,108.5,375.0,19.99,499.0
PK604C8200.ZCE,20260109,CZCE,96.5,91.5,89.5,89.5,73.5,74.0,85.0,94.0,3.76,421.0
PK604C8300.ZCE,20260109,CZCE,77.0,75.5,71.0,75.0,59.5,62.5,67.5,25.0,0.82,349.0
PK604C8400.ZCE,20260109,CZCE,63.0,57.0,56.0,61.0,46.5,47.0,54.5,154.0,4.14,581.0
PK604C8500.ZCE,20260109,CZCE,52.0,49.0,45.0,48.5,38.5,39.5,44.5,234.0,4.87,441.0
PK604C8600.ZCE,20260109,CZCE,43.0,41.0,38.0,41.0,33.5,33.5,37.5,56.0,1.08,279.0
PK604C8700.ZCE,20260109,CZCE,36.0,34.0,32.0,32.0,26.0,26.5,31.5,73.0,1.07,404.0
PK604C8800.ZCE,20260109,CZCE,30.5,31.0,27.5,28.5,22.0,22.0,26.5,146.0,1.83,315.0
PK604C8900.ZCE,20260109,CZCE,25.5,23.5,23.0,23.0,19.0,19.5,22.5,352.0,3.83,641.0
PK604P7100.ZCE,20260109,CZCE,2.0,2.5,2.5,3.0,2.5,3.0,3.0,129.0,0.19,221.0
PK604P7200.ZCE,20260109,CZCE,3.5,3.5,0.0,0.0,0.0,0.0,4.5,0.0,0.0,211.0
PK604P7300.ZCE,20260109,CZCE,5.5,5.5,7.5,7.5,7.5,7.5,7.5,1.0,0.0,323.0
PK604P7400.ZCE,20260109,CZCE,8.5,0.0,11.5,13.0,11.5,13.0,12.0,42.0,0.25,238.0
PK604P7500.ZCE,20260109,CZCE,14.0,13.5,18.5,22.0,18.5,22.0,19.5,52.0,0.54,301.0
PK604P7600.ZCE,20260109,CZCE,23.0,23.0,24.5,36.0,24.5,36.0,32.5,39.0,0.65,199.0
PK604P7700.ZCE,20260109,CZCE,38.0,40.0,49.0,63.0,49.0,63.0,52.5,187.0,4.93,223.0
PK604P7800.ZCE,20260109,CZCE,61.5,65.5,70.0,97.0,66.5,97.0,82.5,48.0,1.86,181.0
PK604P7900.ZCE,20260109,CZCE,99.0,102.0,125.0,148.0,124.0,142.5,125.0,138.0,9.14,301.0
PK604P8000.ZCE,20260109,CZCE,149.0,160.5,185.0,214.5,181.5,208.5,181.0,140.0,13.43,341.0
PK604P8100.ZCE,20260109,CZCE,212.5,220.5,229.0,290.5,224.0,280.0,248.0,178.0,23.62,255.0
PK604P8200.ZCE,20260109,CZCE,286.0,271.5,297.0,370.0,297.0,370.0,324.0,50.0,8.42,145.0
PK604P8300.ZCE,20260109,CZCE,366.0,0.0,448.5,454.5,448.5,454.5,406.5,26.0,5.87,83.0
PK604P8400.ZCE,20260109,CZCE,451.5,446.0,463.0,541.0,462.5,535.0,493.0,66.0,17.48,93.0
PK604P8500.ZCE,20260109,CZCE,540.5,0.0,0.0,0.0,0.0,0.0,582.5,0.0,0.0,6.0
PK604P8600.ZCE,20260109,CZCE,631.0,0.0,0.0,0.0,0.0,0.0,675.5,0.0,0.0,3.0
PK604P8700.ZCE,20260109,CZCE,724.0,0.0,0.0,0.0,0.0,0.0,769.0,0.0,0.0,3.0
PK604P8800.ZCE,20260109,CZCE,818.0,0.0,0.0,0.0,0.0,0.0,864.0,0.0,0.0,0.0
PK604P8900.ZCE,20260109,CZCE,913.0,0.0,0.0,0.0,0.0,0.0,960.0,0.0,0.0,0.0
PK605C6800.ZCE,20260109,CZCE,1205.0,0.0,0.0,0.0,0.0,0.0,1146.0,0.0,0.0,0.0
PK605C6900.ZCE,20260109,CZCE,1106.0,0.0,0.0,0.0,0.0,0.0,1047.5,0.0,0.0,0.0
PK605C7000.ZCE,20260109,CZCE,1008.0,0.0,0.0,0.0,0.0,0.0,949.5,0.0,0.0,0.0
PK605C7100.ZCE,20260109,CZCE,910.5,0.0,0.0,0.0,0.0,0.0,852.5,0.0,0.0,0.0
PK605C7200.ZCE,20260109,CZCE,814.5,0.0,0.0,0.0,0.0,0.0,757.5,0.0,0.0,0.0
PK605C7300.ZCE,20260109,CZCE,719.5,0.0,0.0,0.0,0.0,0.0,664.0,0.0,0.0,0.0
PK605C7400.ZCE,20260109,CZCE,627.5,0.0,0.0,0.0,0.0,0.0,573.0,0.0,0.0,1.0
PK605C7500.ZCE,20260109,CZCE,539.0,0.0,0.0,0.0,0.0,0.0,485.5,0.0,0.0,31.0
PK605C7600.ZCE,20260109,CZCE,455.0,0.0,0.0,0.0,0.0,0.0,404.0,0.0,0.0,73.0
PK605C7700.ZCE,20260109,CZCE,377.5,0.0,0.0,0.0,0.0,0.0,329.5,0.0,0.0,164.0
PK605C7800.ZCE,20260109,CZCE,308.0,292.5,292.0,297.0,245.0,256.0,264.5,192.0,24.67,375.0
PK605C7900.ZCE,20260109,CZCE,247.5,240.5,215.5,215.5,198.0,212.0,210.5,74.0,7.76,259.0
PK605C8000.ZCE,20260109,CZCE,197.5,195.0,192.0,192.0,161.5,167.0,167.0,351.0,30.09,592.0
PK605C8100.ZCE,20260109,CZCE,157.5,148.0,147.5,148.5,139.0,140.0,134.0,67.0,4.85,335.0
PK605C8200.ZCE,20260109,CZCE,126.5,124.5,111.0,126.5,109.0,109.0,108.5,97.0,5.64,1027.0
PK605C8300.ZCE,20260109,CZCE,102.5,97.0,94.0,99.5,90.5,92.5,89.5,82.0,3.82,675.0
PK605C8400.ZCE,20260109,CZCE,84.5,82.0,82.5,85.5,75.5,79.0,75.0,197.0,8.05,2543.0
PK605C8500.ZCE,20260109,CZCE,69.5,73.5,73.5,74.0,64.0,66.0,64.5,356.0,12.04,2694.0
PK605C8600.ZCE,20260109,CZCE,59.0,59.0,56.5,65.5,54.5,58.0,55.0,108.0,3.08,1657.0
PK605C8700.ZCE,20260109,CZCE,50.0,50.0,0.0,0.0,0.0,0.0,48.5,0.0,0.0,346.0
PK605C8800.ZCE,20260109,CZCE,43.0,42.5,41.0,42.5,41.0,41.0,42.0,135.0,2.83,437.0
PK605C8900.ZCE,20260109,CZCE,37.0,38.0,42.0,42.0,36.0,39.0,37.5,103.0,2.0,1034.0
PK605P6800.ZCE,20260109,CZCE,3.5,0.0,0.0,0.0,0.0,0.0,5.0,0.0,0.0,42.0
PK605P6900.ZCE,20260109,CZCE,5.0,0.0,0.0,0.0,0.0,0.0,6.5,0.0,0.0,141.0
PK605P7000.ZCE,20260109,CZCE,7.0,8.0,7.5,8.5,7.5,8.5,9.0,52.0,0.2,203.0
PK605P7100.ZCE,20260109,CZCE,9.5,10.5,10.0,10.5,10.0,10.5,12.0,50.0,0.26,200.0
PK605P7200.ZCE,20260109,CZCE,13.5,0.0,14.5,17.5,14.5,17.5,16.5,60.0,0.47,339.0
PK605P7300.ZCE,20260109,CZCE,18.5,17.0,21.5,25.0,21.5,25.0,22.5,98.0,1.1,251.0
PK605P7400.ZCE,20260109,CZCE,26.5,0.0,30.0,64.5,30.0,63.0,31.5,2417.0,51.75,2245.0
PK605P7500.ZCE,20260109,CZCE,37.5,36.0,36.5,50.5,36.5,50.5,44.0,105.0,2.39,355.0
PK605P7600.ZCE,20260109,CZCE,53.5,58.0,55.5,73.0,55.5,73.0,62.0,64.0,2.14,322.0
PK605P7700.ZCE,20260109,CZCE,75.0,75.5,75.0,110.0,73.0,110.0,87.0,27.0,1.18,375.0
PK605P7800.ZCE,20260109,CZCE,105.0,108.0,106.0,142.5,106.0,142.5,121.5,104.0,6.65,304.0
PK605P7900.ZCE,20260109,CZCE,144.0,142.0,156.0,186.0,155.0,186.0,166.5,187.0,15.1,342.0
PK605P8000.ZCE,20260109,CZCE,193.5,196.0,198.5,248.0,198.5,248.0,223.0,158.0,17.35,346.0
PK605P8100.ZCE,20260109,CZCE,253.0,247.0,257.5,315.5,257.5,311.5,289.0,85.0,12.37,200.0
PK605P8200.ZCE,20260109,CZCE,321.5,334.0,350.5,392.0,350.5,392.0,363.5,114.0,20.56,107.0
PK605P8300.ZCE,20260109,CZCE,397.0,396.0,458.5,458.5,458.5,458.5,443.5,10.0,2.29,55.0
PK605P8400.ZCE,20260109,CZCE,478.0,474.0,543.5,560.0,543.5,560.0,528.5,12.0,3.28,44.0
PK605P8500.ZCE,20260109,CZCE,563.0,0.0,0.0,0.0,0.0,0.0,617.5,0.0,0.0,35.0
PK605P8600.ZCE,20260109,CZCE,651.5,0.0,0.0,0.0,0.0,0.0,707.5,0.0,0.0,7.0
PK605P8700.ZCE,20260109,CZCE,742.5,0.0,0.0,0.0,0.0,0.0,801.0,0.0,0.0,3.0
PK605P8800.ZCE,20260109,CZCE,835.0,0.0,0.0,0.0,0.0,0.0,894.0,0.0,0.0,0.0
PK605P8900.ZCE,20260109,CZCE,929.0,0.0,0.0,0.0,0.0,0.0,989.0,0.0,0.0,3.0
PK603C7000.ZCE,20260108,CZCE,1076.5,0.0,0.0,0.0,0.0,0.0,1068.5,0.0,0.0,19.0
PK603C7100.ZCE,20260108,CZCE,977.0,0.0,0.0,0.0,0.0,0.0,968.5,0.0,0.0,4.0
PK603C7200.ZCE,20260108,CZCE,877.5,0.0,0.0,0.0,0.0,0.0,869.5,0.0,0.0,7.0
PK603C7300.ZCE,20260108,CZCE,778.5,0.0,0.0,0.0,0.0,0.0,770.0,0.0,0.0,6.0
PK603C7400.ZCE,20260108,CZCE,680.0,645.5,635.5,678.0,635.5,678.0,671.0,2.0,0.66,61.0
PK603C7500.ZCE,20260108,CZCE,582.5,547.0,535.5,579.0,535.5,579.0,572.5,2.0,0.56,272.0
PK603C7600.ZCE,20260108,CZCE,486.0,483.5,442.0,474.0,442.0,474.0,475.0,2.0,0.46,371.0
PK603C7700.ZCE,20260108,CZCE,391.0,385.0,378.0,400.5,362.0,362.5,379.0,125.0,23.79,403.0
PK603C7800.ZCE,20260108,CZCE,300.0,293.0,296.5,309.5,260.5,266.0,287.0,294.0,41.65,709.0
PK603C7900.ZCE,20260108,CZCE,216.5,209.5,207.0,228.5,180.0,180.0,206.0,291.0,29.2,1239.0
PK603C8000.ZCE,20260108,CZCE,149.5,153.0,146.0,162.0,126.0,133.5,144.0,1302.0,91.7,4832.0
PK603C8100.ZCE,20260108,CZCE,108.0,108.5,113.0,120.0,90.5,95.0,103.5,2437.0,125.52,4751.0
PK603C8200.ZCE,20260108,CZCE,87.0,85.5,82.0,91.0,69.5,74.0,77.5,2720.0,107.0,5300.0
PK603C8300.ZCE,20260108,CZCE,76.5,70.0,58.5,71.5,53.0,57.0,60.5,2650.0,79.35,7863.0
PK603C8400.ZCE,20260108,CZCE,69.0,56.5,53.5,57.0,42.0,43.0,48.0,1037.0,24.6,3731.0
PK603C8500.ZCE,20260108,CZCE,62.5,44.0,44.0,47.5,33.0,36.5,39.0,7444.0,147.25,14790.0
PK603C8600.ZCE,20260108,CZCE,58.0,37.5,34.5,37.0,26.0,28.0,32.0,911.0,14.81,3031.0
PK603C8700.ZCE,20260108,CZCE,53.0,31.5,28.0,31.5,21.0,22.0,26.0,478.0,5.89,2808.0
PK603C8800.ZCE,20260108,CZCE,49.0,25.0,23.5,25.5,17.5,18.5,22.0,586.0,6.37,3539.0
PK603C8900.ZCE,20260108,CZCE,45.5,22.0,20.0,23.0,14.5,16.5,18.0,3598.0,32.6,12658.0
PK603P7000.ZCE,20260108,CZCE,1.5,2.0,2.0,2.0,2.0,2.0,1.0,5.0,0.01,737.0
PK603P7100.ZCE,20260108,CZCE,2.0,2.0,2.0,2.0,1.5,1.5,1.5,547.0,0.54,895.0
PK603P7200.ZCE,20260108,CZCE,2.5,2.5,2.0,2.5,2.0,2.5,2.0,124.0,0.13,1241.0
PK603P7300.ZCE,20260108,CZCE,4.0,3.5,3.0,3.0,2.5,3.0,3.0,244.0,0.36,896.0
PK603P7400.ZCE,20260108,CZCE,5.0,5.0,4.5,4.5,3.5,4.5,4.0,88.0,0.19,2491.0
PK603P7500.ZCE,20260108,CZCE,7.5,6.5,5.5,6.0,4.5,6.0,5.5,239.0,0.65,1287.0
PK603P7600.ZCE,20260108,CZCE,10.5,8.5,7.5,8.0,6.0,6.5,8.0,618.0,2.19,1941.0
PK603P7700.ZCE,20260108,CZCE,16.0,12.0,12.5,13.0,9.0,10.5,11.5,432.0,2.34,1483.0
PK603P7800.ZCE,20260108,CZCE,24.5,20.0,31.0,31.0,16.0,20.0,19.5,523.0,4.95,3496.0
PK603P7900.ZCE,20260108,CZCE,41.0,37.5,40.0,59.5,32.5,43.0,38.0,784.0,14.98,4770.0
PK603P8000.ZCE,20260108,CZCE,74.0,78.5,79.0,87.5,67.5,87.5,76.0,1781.0,72.56,5825.0
PK603P8100.ZCE,20260108,CZCE,132.0,132.0,137.5,151.5,124.5,145.0,135.5,193.0,13.59,1014.0
PK603P8200.ZCE,20260108,CZCE,211.0,205.0,211.0,226.5,194.5,226.5,209.0,84.0,9.11,569.0
PK603P8300.ZCE,20260108,CZCE,300.0,308.0,287.5,310.0,287.5,305.0,292.0,46.0,7.01,439.0
PK603P8400.ZCE,20260108,CZCE,392.5,396.5,383.5,397.0,383.5,393.5,379.0,43.0,8.42,407.0
PK603P8500.ZCE,20260108,CZCE,485.5,460.0,476.5,486.0,454.5,483.0,470.0,137.0,32.6,332.0
PK603P8600.ZCE,20260108,CZCE,581.0,0.0,0.0,0.0,0.0,0.0,563.0,0.0,0.0,2.0
PK603P8700.ZCE,20260108,CZCE,675.5,0.0,0.0,0.0,0.0,0.0,657.0,0.0,0.0,6.0
PK603P8800.ZCE,20260108,CZCE,772.0,0.0,0.0,0.0,0.0,0.0,752.5,0.0,0.0,7.0
PK603P8900.ZCE,20260108,CZCE,867.5,0.0,0.0,0.0,0.0,0.0,849.0,0.0,0.0,6.0
PK604C7100.ZCE,20260108,CZCE,917.0,0.0,0.0,0.0,0.0,0.0,910.5,0.0,0.0,1.0
PK604C7200.ZCE,20260108,CZCE,818.0,0.0,0.0,0.0,0.0,0.0,812.0,0.0,0.0,4.0
PK604C7300.ZCE,20260108,CZCE,719.5,0.0,0.0,0.0,0.0,0.0,713.5,0.0,0.0,3.0
PK604C7400.ZCE,20260108,CZCE,623.0,0.0,0.0,0.0,0.0,0.0,617.0,0.0,0.0,10.0
PK604C7500.ZCE,20260108,CZCE,528.0,0.0,0.0,0.0,0.0,0.0,522.5,0.0,0.0,55.0
PK604C7600.ZCE,20260108,CZCE,437.0,0.0,0.0,0.0,0.0,0.0,431.5,0.0,0.0,71.0
PK604C7700.ZCE,20260108,CZCE,351.0,344.5,0.0,0.0,0.0,0.0,347.0,0.0,0.0,58.0
PK604C7800.ZCE,20260108,CZCE,274.0,274.5,288.0,288.0,263.0,266.0,271.0,10.0,1.36,213.0
PK604C7900.ZCE,20260108,CZCE,210.0,202.5,219.5,223.0,203.0,206.5,208.5,29.0,3.02,228.0
PK604C8000.ZCE,20260108,CZCE,159.5,160.0,162.5,171.0,154.0,154.0,159.0,38.0,3.07,564.0
PK604C8100.ZCE,20260108,CZCE,122.0,115.0,129.0,129.5,118.0,118.0,123.0,31.0,1.93,512.0
PK604C8200.ZCE,20260108,CZCE,95.5,96.0,96.5,101.5,91.5,91.5,96.5,33.0,1.6,466.0
PK604C8300.ZCE,20260108,CZCE,76.0,78.0,79.5,80.0,73.5,75.5,77.0,32.0,1.22,360.0
PK604C8400.ZCE,20260108,CZCE,61.5,61.0,57.5,64.5,57.0,57.0,63.0,34.0,1.02,630.0
PK604C8500.ZCE,20260108,CZCE,50.5,51.5,46.5,52.5,46.5,49.0,52.0,71.0,1.75,553.0
PK604C8600.ZCE,20260108,CZCE,42.0,42.5,41.0,43.5,39.5,41.0,43.0,47.0,0.95,262.0
PK604C8700.ZCE,20260108,CZCE,35.0,36.0,36.5,36.5,28.0,34.0,36.0,52.0,0.9,377.0
PK604C8800.ZCE,20260108,CZCE,29.5,30.0,29.5,31.0,29.5,31.0,30.5,5.0,0.08,286.0
PK604C8900.ZCE,20260108,CZCE,25.0,27.0,27.5,27.5,23.5,23.5,25.5,215.0,2.67,854.0
PK604P7100.ZCE,20260108,CZCE,2.5,2.5,2.5,2.5,2.5,2.5,2.0,20.0,0.03,259.0
PK604P7200.ZCE,20260108,CZCE,3.5,4.0,4.0,4.0,3.5,3.5,3.5,45.0,0.08,211.0
PK604P7300.ZCE,20260108,CZCE,5.5,0.0,5.5,5.5,5.5,5.5,5.5,14.0,0.04,322.0
PK604P7400.ZCE,20260108,CZCE,8.5,0.0,0.0,0.0,0.0,0.0,8.5,0.0,0.0,217.0
PK604P7500.ZCE,20260108,CZCE,13.5,13.5,13.5,13.5,13.5,13.5,14.0,8.0,0.05,250.0
PK604P7600.ZCE,20260108,CZCE,22.0,21.0,23.0,23.0,23.0,23.0,23.0,13.0,0.15,168.0
PK604P7700.ZCE,20260108,CZCE,36.5,37.0,37.0,40.0,35.0,40.0,38.0,38.0,0.73,205.0
PK604P7800.ZCE,20260108,CZCE,58.5,59.5,62.0,65.5,60.0,65.5,61.5,32.0,1.01,203.0
PK604P7900.ZCE,20260108,CZCE,94.5,97.5,94.5,102.0,94.0,102.0,99.0,14.0,0.67,307.0
PK604P8000.ZCE,20260108,CZCE,143.5,143.5,146.5,160.5,146.5,160.5,149.0,24.0,1.84,371.0
PK604P8100.ZCE,20260108,CZCE,205.5,197.5,204.0,228.5,204.0,220.5,212.5,41.0,4.56,293.0
PK604P8200.ZCE,20260108,CZCE,279.0,272.5,271.5,271.5,271.5,271.5,286.0,3.0,0.41,145.0
PK604P8300.ZCE,20260108,CZCE,359.0,330.0,0.0,0.0,0.0,0.0,366.0,0.0,0.0,74.0
PK604P8400.ZCE,20260108,CZCE,444.0,455.5,446.0,446.0,446.0,446.0,451.5,1.0,0.22,64.0
PK604P8500.ZCE,20260108,CZCE,533.0,0.0,0.0,0.0,0.0,0.0,540.5,0.0,0.0,6.0
PK604P8600.ZCE,20260108,CZCE,624.0,0.0,0.0,0.0,0.0,0.0,631.0,0.0,0.0,3.0
PK604P8700.ZCE,20260108,CZCE,716.5,0.0,0.0,0.0,0.0,0.0,724.0,0.0,0.0,3.0
PK604P8800.ZCE,20260108,CZCE,811.0,0.0,0.0,0.0,0.0,0.0,818.0,0.0,0.0,0.0
PK604P8900.ZCE,20260108,CZCE,906.0,0.0,0.0,0.0,0.0,0.0,913.0,0.0,0.0,0.0
PK605C6800.ZCE,20260108,CZCE,1217.0,0.0,0.0,0.0,0.0,0.0,1205.0,0.0,0.0,0.0
PK605C6900.ZCE,20260108,CZCE,1118.5,0.0,0.0,0.0,0.0,0.0,1106.0,0.0,0.0,0.0
PK605C7000.ZCE,20260108,CZCE,1020.0,0.0,0.0,0.0,0.0,0.0,1008.0,0.0,0.0,0.0
PK605C7100.ZCE,20260108,CZCE,923.0,0.0,0.0,0.0,0.0,0.0,910.5,0.0,0.0,0.0
PK605C7200.ZCE,20260108,CZCE,827.5,0.0,0.0,0.0,0.0,0.0,814.5,0.0,0.0,0.0
PK605C7300.ZCE,20260108,CZCE,733.0,0.0,0.0,0.0,0.0,0.0,719.5,0.0,0.0,0.0
PK605C7400.ZCE,20260108,CZCE,641.0,0.0,0.0,0.0,0.0,0.0,627.5,0.0,0.0,1.0
PK605C7500.ZCE,20260108,CZCE,552.5,0.0,0.0,0.0,0.0,0.0,539.0,0.0,0.0,31.0
PK605C7600.ZCE,20260108,CZCE,469.0,465.0,0.0,0.0,0.0,0.0,455.0,0.0,0.0,73.0
PK605C7700.ZCE,20260108,CZCE,392.0,384.0,0.0,0.0,0.0,0.0,377.5,0.0,0.0,164.0
PK605C7800.ZCE,20260108,CZCE,323.0,322.0,338.5,338.5,292.5,292.5,308.0,31.0,4.71,262.0
PK605C7900.ZCE,20260108,CZCE,263.5,259.5,263.5,263.5,240.0,240.5,247.5,27.0,3.37,231.0
PK605C8000.ZCE,20260108,CZCE,214.0,224.5,214.0,234.0,186.5,195.0,197.5,131.0,13.37,402.0
PK605C8100.ZCE,20260108,CZCE,173.5,185.5,174.0,174.0,147.0,148.0,157.5,64.0,5.33,326.0
PK605C8200.ZCE,20260108,CZCE,141.5,150.0,145.5,145.5,119.5,124.5,126.5,430.0,27.24,1028.0
PK605C8300.ZCE,20260108,CZCE,116.0,118.5,114.5,114.5,96.5,97.0,102.5,37.0,2.0,667.0
PK605C8400.ZCE,20260108,CZCE,95.5,100.0,94.0,94.0,80.0,82.0,84.5,467.0,19.6,2474.0
PK605C8500.ZCE,20260108,CZCE,79.0,93.0,132.5,132.5,63.5,73.5,69.5,592.0,22.12,2741.0
PK605C8600.ZCE,20260108,CZCE,66.0,72.0,64.0,64.0,55.5,59.0,59.0,341.0,10.29,1671.0
PK605C8700.ZCE,20260108,CZCE,54.5,52.0,54.0,54.5,46.0,50.0,50.0,71.0,1.79,346.0
PK605C8800.ZCE,20260108,CZCE,46.5,50.5,46.0,46.5,38.5,42.5,43.0,99.0,2.09,517.0
PK605C8900.ZCE,20260108,CZCE,39.0,45.0,40.5,41.0,33.0,38.0,37.0,309.0,5.82,986.0
PK605P6800.ZCE,20260108,CZCE,4.0,0.0,0.0,0.0,0.0,0.0,3.5,0.0,0.0,42.0
PK605P6900.ZCE,20260108,CZCE,5.5,0.0,0.0,0.0,0.0,0.0,5.0,0.0,0.0,141.0
PK605P7000.ZCE,20260108,CZCE,7.5,0.0,10.0,10.5,8.0,8.0,7.0,112.0,0.49,183.0
PK605P7100.ZCE,20260108,CZCE,10.5,9.5,12.5,13.0,10.5,10.5,9.5,28.0,0.17,150.0
PK605P7200.ZCE,20260108,CZCE,14.5,0.0,0.0,0.0,0.0,0.0,13.5,0.0,0.0,309.0
PK605P7300.ZCE,20260108,CZCE,20.0,0.0,17.0,17.0,17.0,17.0,18.5,1.0,0.01,202.0
PK605P7400.ZCE,20260108,CZCE,28.0,0.0,0.0,0.0,0.0,0.0,26.5,0.0,0.0,214.0
PK605P7500.ZCE,20260108,CZCE,39.5,0.0,40.5,40.5,36.0,36.0,37.5,12.0,0.22,288.0
PK605P7600.ZCE,20260108,CZCE,55.5,58.0,58.0,58.0,58.0,58.0,53.5,6.0,0.17,265.0
PK605P7700.ZCE,20260108,CZCE,78.0,87.0,80.0,80.0,73.0,75.5,75.0,93.0,3.58,373.0
PK605P7800.ZCE,20260108,CZCE,108.0,110.5,109.5,109.5,108.0,108.0,105.0,20.0,1.09,299.0
PK605P7900.ZCE,20260108,CZCE,148.0,156.0,150.0,150.0,142.0,142.0,144.0,50.0,3.65,341.0
PK605P8000.ZCE,20260108,CZCE,198.0,210.0,199.0,199.0,184.0,196.0,193.5,74.0,7.14,259.0
PK605P8100.ZCE,20260108,CZCE,257.0,0.0,257.0,257.0,247.0,247.0,253.0,45.0,5.66,195.0
PK605P8200.ZCE,20260108,CZCE,324.5,300.5,323.0,334.0,311.5,334.0,321.5,24.0,3.83,104.0
PK605P8300.ZCE,20260108,CZCE,398.5,0.0,396.0,396.0,396.0,396.0,397.0,20.0,3.97,45.0
PK605P8400.ZCE,20260108,CZCE,477.0,464.5,474.0,474.0,474.0,474.0,478.0,18.0,4.28,36.0
PK605P8500.ZCE,20260108,CZCE,560.0,0.0,0.0,0.0,0.0,0.0,563.0,0.0,0.0,35.0
PK605P8600.ZCE,20260108,CZCE,647.0,0.0,0.0,0.0,0.0,0.0,651.5,0.0,0.0,7.0
PK605P8700.ZCE,20260108,CZCE,735.0,0.0,0.0,0.0,0.0,0.0,742.5,0.0,0.0,3.0
PK605P8800.ZCE,20260108,CZCE,826.5,0.0,0.0,0.0,0.0,0.0,835.0,0.0,0.0,0.0
PK605P8900.ZCE,20260108,CZCE,918.5,0.0,0.0,0.0,0.0,0.0,929.0,0.0,0.0,3.0
PK603C7000.ZCE,20260107,CZCE,998.5,0.0,0.0,0.0,0.0,0.0,1076.5,0.0,0.0,19.0
PK603C7100.ZCE,20260107,CZCE,901.0,0.0,0.0,0.0,0.0,0.0,977.0,0.0,0.0,4.0
PK603C7200.ZCE,20260107,CZCE,803.5,0.0,0.0,0.0,0.0,0.0,877.5,0.0,0.0,7.0
PK603C7300.ZCE,20260107,CZCE,707.0,0.0,0.0,0.0,0.0,0.0,778.5,0.0,0.0,6.0
PK603C7400.ZCE,20260107,CZCE,612.0,566.0,651.5,674.0,645.5,645.5,680.0,7.0,2.28,61.0
PK603C7500.ZCE,20260107,CZCE,517.5,565.0,553.0,573.0,547.0,547.0,582.5,12.0,3.39,272.0
PK603C7600.ZCE,20260107,CZCE,424.5,441.0,467.0,521.5,449.5,483.5,486.0,301.0,72.49,370.0
PK603C7700.ZCE,20260107,CZCE,334.0,343.5,371.0,420.0,365.5,385.0,391.0,170.0,33.11,413.0
PK603C7800.ZCE,20260107,CZCE,246.5,270.5,310.5,333.5,263.5,293.0,300.0,515.0,76.18,811.0
PK603C7900.ZCE,20260107,CZCE,163.0,196.0,216.0,253.0,184.5,209.5,216.5,415.0,45.55,1284.0
PK603C8000.ZCE,20260107,CZCE,97.5,138.5,142.0,183.5,129.0,153.0,149.5,4126.0,303.69,5191.0
PK603C8100.ZCE,20260107,CZCE,74.0,102.0,104.5,136.0,94.0,108.5,108.0,4857.0,268.34,4889.0
PK603C8200.ZCE,20260107,CZCE,58.0,77.0,80.0,104.5,72.0,85.5,87.0,5802.0,242.5,5183.0
PK603C8300.ZCE,20260107,CZCE,46.0,64.5,65.5,81.5,57.0,70.0,76.5,6255.0,209.31,7949.0
PK603C8400.ZCE,20260107,CZCE,37.0,52.0,56.0,66.0,45.5,56.5,69.0,1750.0,49.27,4156.0
PK603C8500.ZCE,20260107,CZCE,30.0,47.0,47.0,60.0,37.0,44.0,62.5,14311.0,336.41,14421.0
PK603C8600.ZCE,20260107,CZCE,24.5,36.0,40.0,46.5,29.5,37.5,58.0,2652.0,52.29,3116.0
PK603C8700.ZCE,20260107,CZCE,20.0,30.0,36.0,37.0,24.0,31.5,53.0,721.0,10.68,2801.0
PK603C8800.ZCE,20260107,CZCE,16.5,25.5,30.0,32.5,20.0,25.0,49.0,1805.0,23.2,3499.0
PK603C8900.ZCE,20260107,CZCE,13.5,22.0,25.0,28.5,17.0,22.0,45.5,7405.0,82.65,12599.0
PK603P7000.ZCE,20260107,CZCE,8.0,1.5,1.5,2.0,1.5,2.0,1.5,213.0,0.17,737.0
PK603P7100.ZCE,20260107,CZCE,10.0,2.0,1.5,2.0,1.5,2.0,2.0,166.0,0.15,842.0
PK603P7200.ZCE,20260107,CZCE,13.0,2.5,2.5,2.5,2.0,2.5,2.5,314.0,0.37,1220.0
PK603P7300.ZCE,20260107,CZCE,16.5,3.5,3.0,3.5,3.0,3.5,4.0,120.0,0.18,898.0
PK603P7400.ZCE,20260107,CZCE,21.0,5.0,4.5,5.0,4.0,5.0,5.0,121.0,0.27,2484.0
PK603P7500.ZCE,20260107,CZCE,26.5,6.5,6.0,6.5,5.0,6.5,7.5,319.0,0.88,1316.0
PK603P7600.ZCE,20260107,CZCE,33.5,8.0,8.0,9.0,6.5,8.5,10.5,579.0,2.32,1665.0
PK603P7700.ZCE,20260107,CZCE,42.5,10.5,11.5,13.5,9.0,12.0,16.0,384.0,2.2,1296.0
PK603P7800.ZCE,20260107,CZCE,54.5,18.5,19.0,24.0,14.5,20.0,24.5,1281.0,12.53,3401.0
PK603P7900.ZCE,20260107,CZCE,71.5,39.0,39.0,46.0,28.0,37.5,41.0,2466.0,45.16,4751.0
PK603P8000.ZCE,20260107,CZCE,105.5,80.0,84.0,90.0,63.0,78.5,74.0,1637.0,61.63,6223.0
PK603P8100.ZCE,20260107,CZCE,182.0,148.5,143.0,154.5,115.5,132.0,132.0,746.0,48.82,1066.0
PK603P8200.ZCE,20260107,CZCE,265.5,239.5,213.5,229.0,187.5,205.0,211.0,492.0,50.61,616.0
PK603P8300.ZCE,20260107,CZCE,353.0,308.5,293.5,312.0,264.0,308.0,300.0,149.0,21.43,405.0
PK603P8400.ZCE,20260107,CZCE,444.5,413.5,382.5,402.0,343.0,396.5,392.5,175.0,33.16,403.0
PK603P8500.ZCE,20260107,CZCE,537.0,536.0,450.0,460.0,450.0,460.0,485.5,2.0,0.46,296.0
PK603P8600.ZCE,20260107,CZCE,631.5,0.0,0.0,0.0,0.0,0.0,581.0,0.0,0.0,2.0
PK603P8700.ZCE,20260107,CZCE,726.5,0.0,0.0,0.0,0.0,0.0,675.5,0.0,0.0,6.0
PK603P8800.ZCE,20260107,CZCE,823.0,0.0,0.0,0.0,0.0,0.0,772.0,0.0,0.0,7.0
PK603P8900.ZCE,20260107,CZCE,920.0,0.0,0.0,0.0,0.0,0.0,867.5,0.0,0.0,6.0
PK604C7100.ZCE,20260107,CZCE,855.5,0.0,0.0,0.0,0.0,0.0,917.0,0.0,0.0,1.0
PK604C7200.ZCE,20260107,CZCE,757.0,0.0,0.0,0.0,0.0,0.0,818.0,0.0,0.0,4.0
PK604C7300.ZCE,20260107,CZCE,660.0,0.0,0.0,0.0,0.0,0.0,719.5,0.0,0.0,3.0
PK604C7400.ZCE,20260107,CZCE,564.5,0.0,0.0,0.0,0.0,0.0,623.0,0.0,0.0,10.0
PK604C7500.ZCE,20260107,CZCE,472.5,0.0,0.0,0.0,0.0,0.0,528.0,0.0,0.0,55.0
PK604C7600.ZCE,20260107,CZCE,385.0,0.0,0.0,0.0,0.0,0.0,437.0,0.0,0.0,71.0
PK604C7700.ZCE,20260107,CZCE,305.0,333.0,353.0,375.5,344.5,344.5,351.0,10.0,1.8,58.0
PK604C7800.ZCE,20260107,CZCE,234.5,265.0,295.0,295.0,271.0,274.5,274.0,20.0,2.76,215.0
PK604C7900.ZCE,20260107,CZCE,177.0,202.5,216.0,234.0,195.0,202.5,210.0,143.0,15.49,237.0
PK604C8000.ZCE,20260107,CZCE,131.5,158.0,161.0,179.0,151.5,160.0,159.5,169.0,13.7,576.0
PK604C8100.ZCE,20260107,CZCE,98.0,118.0,131.0,135.0,115.0,115.0,122.0,80.0,4.97,527.0
PK604C8200.ZCE,20260107,CZCE,73.5,90.0,100.0,135.0,91.5,96.0,95.5,77.0,3.78,471.0
PK604C8300.ZCE,20260107,CZCE,56.0,62.5,76.0,80.0,71.0,78.0,76.0,155.0,5.97,372.0
PK604C8400.ZCE,20260107,CZCE,44.0,50.5,56.5,62.5,56.5,61.0,61.5,102.0,3.09,637.0
PK604C8500.ZCE,20260107,CZCE,35.0,47.0,49.5,55.0,46.0,51.5,50.5,233.0,5.86,589.0
PK604C8600.ZCE,20260107,CZCE,28.0,31.5,40.5,42.5,38.5,42.5,42.0,235.0,4.81,289.0
PK604C8700.ZCE,20260107,CZCE,23.0,26.0,40.0,40.0,32.5,36.0,35.0,91.0,1.59,397.0
PK604C8800.ZCE,20260107,CZCE,19.0,18.5,27.0,30.0,27.0,30.0,29.5,38.0,0.57,284.0
PK604C8900.ZCE,20260107,CZCE,15.5,21.0,25.0,27.0,24.0,27.0,25.0,470.0,6.07,1009.0
PK604P7100.ZCE,20260107,CZCE,3.0,3.0,2.5,2.5,2.5,2.5,2.5,30.0,0.04,250.0
PK604P7200.ZCE,20260107,CZCE,4.5,5.0,4.0,4.0,4.0,4.0,3.5,71.0,0.14,227.0
PK604P7300.ZCE,20260107,CZCE,7.5,7.0,0.0,0.0,0.0,0.0,5.5,0.0,0.0,324.0
PK604P7400.ZCE,20260107,CZCE,12.5,0.0,0.0,0.0,0.0,0.0,8.5,0.0,0.0,217.0
PK604P7500.ZCE,20260107,CZCE,20.0,17.0,13.5,13.5,13.0,13.5,13.5,34.0,0.23,250.0
PK604P7600.ZCE,20260107,CZCE,32.5,26.5,24.0,24.0,18.5,21.0,22.0,63.0,0.67,169.0
PK604P7700.ZCE,20260107,CZCE,52.0,42.5,42.0,42.0,31.0,37.0,36.5,28.0,0.51,217.0
PK604P7800.ZCE,20260107,CZCE,81.5,76.5,63.0,66.0,54.0,59.5,58.5,70.0,2.08,211.0
PK604P7900.ZCE,20260107,CZCE,123.0,111.0,102.5,102.5,85.0,97.5,94.5,165.0,7.37,308.0
PK604P8000.ZCE,20260107,CZCE,177.5,158.5,147.0,152.0,129.5,143.5,143.5,78.0,5.55,383.0
PK604P8100.ZCE,20260107,CZCE,243.0,220.5,209.0,211.0,197.5,197.5,205.5,44.0,4.56,302.0
PK604P8200.ZCE,20260107,CZCE,318.5,292.5,282.0,282.0,254.5,272.5,279.0,56.0,7.61,145.0
PK604P8300.ZCE,20260107,CZCE,401.0,373.5,347.5,347.5,330.0,330.0,359.0,2.0,0.34,74.0
PK604P8400.ZCE,20260107,CZCE,488.5,457.5,446.5,455.5,417.5,455.5,444.0,19.0,4.09,65.0
PK604P8500.ZCE,20260107,CZCE,579.0,0.0,0.0,0.0,0.0,0.0,533.0,0.0,0.0,6.0
PK604P8600.ZCE,20260107,CZCE,672.0,0.0,0.0,0.0,0.0,0.0,624.0,0.0,0.0,3.0
PK604P8700.ZCE,20260107,CZCE,766.5,0.0,0.0,0.0,0.0,0.0,716.5,0.0,0.0,3.0
PK604P8800.ZCE,20260107,CZCE,862.5,0.0,0.0,0.0,0.0,0.0,811.0,0.0,0.0,0.0
PK604P8900.ZCE,20260107,CZCE,959.0,0.0,0.0,0.0,0.0,0.0,906.0,0.0,0.0,0.0
PK605C6800.ZCE,20260107,CZCE,1170.0,0.0,0.0,0.0,0.0,0.0,1217.0,0.0,0.0,0.0
PK605C6900.ZCE,20260107,CZCE,1071.0,0.0,0.0,0.0,0.0,0.0,1118.5,0.0,0.0,0.0
PK605C7000.ZCE,20260107,CZCE,972.5,0.0,0.0,0.0,0.0,0.0,1020.0,0.0,0.0,0.0
PK605C7100.ZCE,20260107,CZCE,874.5,0.0,0.0,0.0,0.0,0.0,923.0,0.0,0.0,0.0
PK605C7200.ZCE,20260107,CZCE,778.5,0.0,0.0,0.0,0.0,0.0,827.5,0.0,0.0,0.0
PK605C7300.ZCE,20260107,CZCE,684.0,0.0,0.0,0.0,0.0,0.0,733.0,0.0,0.0,0.0
PK605C7400.ZCE,20260107,CZCE,592.0,0.0,0.0,0.0,0.0,0.0,641.0,0.0,0.0,1.0
PK605C7500.ZCE,20260107,CZCE,504.5,0.0,0.0,0.0,0.0,0.0,552.5,0.0,0.0,31.0
PK605C7600.ZCE,20260107,CZCE,422.0,420.5,465.0,465.0,465.0,465.0,469.0,19.0,4.43,73.0
PK605C7700.ZCE,20260107,CZCE,346.5,356.0,389.5,389.5,384.0,384.0,392.0,166.0,32.11,164.0
PK605C7800.ZCE,20260107,CZCE,280.0,303.5,313.5,327.5,313.5,322.0,323.0,274.0,43.62,274.0
PK605C7900.ZCE,20260107,CZCE,223.0,236.0,259.5,261.5,256.0,259.5,263.5,176.0,22.85,229.0
PK605C8000.ZCE,20260107,CZCE,176.5,193.0,200.0,224.5,200.0,224.5,214.0,273.0,28.74,408.0
PK605C8100.ZCE,20260107,CZCE,139.5,154.0,150.0,185.5,150.0,185.5,173.5,57.0,4.65,294.0
PK605C8200.ZCE,20260107,CZCE,111.0,125.0,135.0,217.5,131.5,150.0,141.5,781.0,55.43,791.0
PK605C8300.ZCE,20260107,CZCE,89.0,99.0,104.5,126.5,104.5,118.5,116.0,172.0,10.09,648.0
PK605C8400.ZCE,20260107,CZCE,73.0,81.5,118.0,126.0,78.5,100.0,95.5,1121.0,52.63,2479.0
PK605C8500.ZCE,20260107,CZCE,60.5,67.5,68.0,98.5,68.0,93.0,79.0,744.0,31.61,2286.0
PK605C8600.ZCE,20260107,CZCE,50.0,55.5,63.0,72.0,60.5,72.0,66.0,41.0,1.35,1585.0
PK605C8700.ZCE,20260107,CZCE,43.0,39.5,48.0,54.0,48.0,52.0,54.5,7.0,0.18,322.0
PK605C8800.ZCE,20260107,CZCE,36.5,38.5,40.5,50.5,40.5,50.5,46.5,27.0,0.6,496.0
PK605C8900.ZCE,20260107,CZCE,32.0,36.0,39.5,45.0,38.5,45.0,39.0,125.0,2.59,886.0
PK605P6800.ZCE,20260107,CZCE,2.5,0.0,0.0,0.0,0.0,0.0,4.0,0.0,0.0,42.0
PK605P6900.ZCE,20260107,CZCE,3.5,0.0,0.0,0.0,0.0,0.0,5.5,0.0,0.0,141.0
PK605P7000.ZCE,20260107,CZCE,5.0,7.0,0.0,0.0,0.0,0.0,7.5,0.0,0.0,199.0
PK605P7100.ZCE,20260107,CZCE,7.5,9.0,9.5,9.5,9.5,9.5,10.5,6.0,0.03,143.0
PK605P7200.ZCE,20260107,CZCE,11.5,0.0,0.0,0.0,0.0,0.0,14.5,0.0,0.0,309.0
PK605P7300.ZCE,20260107,CZCE,17.0,17.0,0.0,0.0,0.0,0.0,20.0,0.0,0.0,202.0
PK605P7400.ZCE,20260107,CZCE,25.0,0.0,0.0,0.0,0.0,0.0,28.0,0.0,0.0,214.0
PK605P7500.ZCE,20260107,CZCE,37.0,39.0,0.0,0.0,0.0,0.0,39.5,0.0,0.0,289.0
PK605P7600.ZCE,20260107,CZCE,54.0,58.0,58.0,58.0,58.0,58.0,55.5,3.0,0.09,259.0
PK605P7700.ZCE,20260107,CZCE,78.0,75.0,77.5,87.0,77.0,87.0,78.0,42.0,1.78,371.0
PK605P7800.ZCE,20260107,CZCE,111.0,102.0,97.5,113.0,97.5,110.5,108.0,8.0,0.44,289.0
PK605P7900.ZCE,20260107,CZCE,153.5,158.0,155.5,156.0,155.5,156.0,148.0,2.0,0.16,311.0
PK605P8000.ZCE,20260107,CZCE,206.0,205.5,191.0,210.0,191.0,210.0,198.0,22.0,2.24,207.0
PK605P8100.ZCE,20260107,CZCE,268.5,0.0,0.0,0.0,0.0,0.0,257.0,0.0,0.0,176.0
PK605P8200.ZCE,20260107,CZCE,339.5,0.0,300.5,300.5,300.5,300.5,324.5,1.0,0.15,83.0
PK605P8300.ZCE,20260107,CZCE,417.0,0.0,0.0,0.0,0.0,0.0,398.5,0.0,0.0,45.0
PK605P8400.ZCE,20260107,CZCE,500.5,527.5,464.5,464.5,464.5,464.5,477.0,1.0,0.23,34.0
PK605P8500.ZCE,20260107,CZCE,587.5,0.0,0.0,0.0,0.0,0.0,560.0,0.0,0.0,35.0
PK605P8600.ZCE,20260107,CZCE,677.0,0.0,0.0,0.0,0.0,0.0,647.0,0.0,0.0,7.0
PK605P8700.ZCE,20260107,CZCE,769.5,0.0,0.0,0.0,0.0,0.0,735.0,0.0,0.0,3.0
PK605P8800.ZCE,20260107,CZCE,862.5,0.0,0.0,0.0,0.0,0.0,826.5,0.0,0.0,0.0
PK605P8900.ZCE,20260107,CZCE,958.0,0.0,0.0,0.0,0.0,0.0,918.5,0.0,0.0,3.0
PK603C7000.ZCE,20260106,CZCE,981.0,0.0,0.0,0.0,0.0,0.0,998.5,0.0,0.0,19.0
PK603C7100.ZCE,20260106,CZCE,882.0,0.0,0.0,0.0,0.0,0.0,901.0,0.0,0.0,4.0
PK603C7200.ZCE,20260106,CZCE,783.0,0.0,0.0,0.0,0.0,0.0,803.5,0.0,0.0,7.0
PK603C7300.ZCE,20260106,CZCE,684.5,704.0,0.0,0.0,0.0,0.0,707.0,0.0,0.0,6.0
PK603C7400.ZCE,20260106,CZCE,586.5,560.0,528.0,566.0,528.0,566.0,612.0,2.0,0.55,63.0
PK603C7500.ZCE,20260106,CZCE,489.5,458.0,434.0,565.0,434.0,565.0,517.5,4.0,1.0,277.0
PK603C7600.ZCE,20260106,CZCE,394.0,365.5,379.0,444.5,373.0,441.0,424.5,224.0,46.03,393.0
PK603C7700.ZCE,20260106,CZCE,300.5,270.5,287.0,343.5,276.5,343.5,334.0,355.0,53.81,426.0
PK603C7800.ZCE,20260106,CZCE,213.5,186.0,198.0,273.5,195.0,270.5,246.5,535.0,58.33,845.0
PK603C7900.ZCE,20260106,CZCE,145.5,129.0,137.0,196.0,127.5,196.0,163.0,1343.0,98.23,1447.0
PK603C8000.ZCE,20260106,CZCE,107.0,90.0,96.5,139.0,90.5,138.5,97.5,4901.0,265.47,5732.0
PK603C8100.ZCE,20260106,CZCE,84.0,66.5,68.0,103.0,66.0,102.0,74.0,3991.0,162.26,4981.0
PK603C8200.ZCE,20260106,CZCE,68.0,48.5,52.0,79.0,49.0,77.0,58.0,3955.0,119.52,5326.0
PK603C8300.ZCE,20260106,CZCE,56.0,40.0,41.5,65.0,37.5,64.5,46.0,3294.0,77.12,7643.0
PK603C8400.ZCE,20260106,CZCE,46.5,30.0,32.5,52.0,29.5,52.0,37.0,1580.0,30.54,3944.0
PK603C8500.ZCE,20260106,CZCE,38.5,25.0,25.0,49.0,24.0,47.0,30.0,5272.0,86.19,13869.0
PK603C8600.ZCE,20260106,CZCE,32.5,18.5,20.0,36.0,18.0,36.0,24.5,731.0,9.14,2548.0
PK603C8700.ZCE,20260106,CZCE,27.5,14.5,15.5,30.0,14.0,30.0,20.0,1109.0,10.54,2732.0
PK603C8800.ZCE,20260106,CZCE,23.5,11.0,12.0,25.5,11.5,25.5,16.5,1132.0,8.63,3295.0
PK603C8900.ZCE,20260106,CZCE,20.0,10.0,10.0,22.0,9.0,22.0,13.5,4096.0,29.93,11628.0
PK603P7000.ZCE,20260106,CZCE,2.0,2.5,2.0,2.0,1.5,1.5,8.0,110.0,0.12,697.0
PK603P7100.ZCE,20260106,CZCE,3.0,3.0,2.0,2.5,2.0,2.0,10.0,154.0,0.15,833.0
PK603P7200.ZCE,20260106,CZCE,4.0,4.0,2.5,2.5,2.5,2.5,13.0,229.0,0.36,1207.0
PK603P7300.ZCE,20260106,CZCE,5.5,5.0,5.5,5.5,3.5,3.5,16.5,186.0,0.41,895.0
PK603P7400.ZCE,20260106,CZCE,7.5,7.0,6.0,6.5,5.0,5.0,21.0,475.0,1.47,2486.0
PK603P7500.ZCE,20260106,CZCE,10.5,10.5,10.5,10.5,6.5,6.5,26.5,302.0,1.32,1287.0
PK603P7600.ZCE,20260106,CZCE,14.5,16.0,16.5,16.5,8.0,8.0,33.5,336.0,2.02,1747.0
PK603P7700.ZCE,20260106,CZCE,21.0,24.0,24.5,24.5,10.0,10.5,42.5,939.0,7.81,1487.0
PK603P7800.ZCE,20260106,CZCE,33.5,45.0,44.0,44.0,18.0,18.5,54.5,910.0,12.91,3909.0
PK603P7900.ZCE,20260106,CZCE,66.0,82.0,80.0,80.0,37.5,39.0,71.5,2694.0,83.67,5010.0
PK603P8000.ZCE,20260106,CZCE,127.0,143.0,131.5,136.5,80.0,80.0,105.5,648.0,34.23,6282.0
PK603P8100.ZCE,20260106,CZCE,203.5,225.5,210.5,212.0,148.5,148.5,182.0,618.0,57.55,1106.0
PK603P8200.ZCE,20260106,CZCE,287.5,299.0,291.5,295.5,239.5,239.5,265.5,435.0,59.63,619.0
PK603P8300.ZCE,20260106,CZCE,375.0,392.0,373.5,383.5,308.5,308.5,353.0,201.0,36.35,382.0
PK603P8400.ZCE,20260106,CZCE,465.5,478.0,464.5,472.0,413.5,413.5,444.5,221.0,50.15,355.0
PK603P8500.ZCE,20260106,CZCE,557.5,540.5,540.5,560.0,536.0,536.0,537.0,6.0,1.62,296.0
PK603P8600.ZCE,20260106,CZCE,651.5,0.0,0.0,0.0,0.0,0.0,631.5,0.0,0.0,2.0
PK603P8700.ZCE,20260106,CZCE,746.5,0.0,0.0,0.0,0.0,0.0,726.5,0.0,0.0,6.0
PK603P8800.ZCE,20260106,CZCE,842.0,0.0,0.0,0.0,0.0,0.0,823.0,0.0,0.0,7.0
PK603P8900.ZCE,20260106,CZCE,938.5,0.0,0.0,0.0,0.0,0.0,920.0,0.0,0.0,6.0
PK604C7100.ZCE,20260106,CZCE,852.5,0.0,0.0,0.0,0.0,0.0,855.5,0.0,0.0,1.0
PK604C7200.ZCE,20260106,CZCE,755.0,0.0,0.0,0.0,0.0,0.0,757.0,0.0,0.0,4.0
PK604C7300.ZCE,20260106,CZCE,659.5,0.0,0.0,0.0,0.0,0.0,660.0,0.0,0.0,3.0
PK604C7400.ZCE,20260106,CZCE,566.5,0.0,0.0,0.0,0.0,0.0,564.5,0.0,0.0,10.0
PK604C7500.ZCE,20260106,CZCE,476.5,0.0,0.0,0.0,0.0,0.0,472.5,0.0,0.0,55.0
PK604C7600.ZCE,20260106,CZCE,392.0,0.0,0.0,0.0,0.0,0.0,385.0,0.0,0.0,71.0
PK604C7700.ZCE,20260106,CZCE,313.5,319.5,321.5,333.0,321.5,333.0,305.0,17.0,2.66,59.0
PK604C7800.ZCE,20260106,CZCE,244.5,250.0,240.0,265.0,240.0,265.0,234.5,26.0,3.19,222.0
PK604C7900.ZCE,20260106,CZCE,187.0,166.5,184.5,202.5,181.0,202.5,177.0,14.0,1.3,305.0
PK604C8000.ZCE,20260106,CZCE,141.5,122.5,123.0,158.0,123.0,158.0,131.5,107.0,7.23,661.0
PK604C8100.ZCE,20260106,CZCE,107.5,90.0,91.5,118.0,91.5,118.0,98.0,217.0,11.16,510.0
PK604C8200.ZCE,20260106,CZCE,83.0,67.0,68.5,90.0,68.5,90.0,73.5,29.0,1.15,429.0
PK604C8300.ZCE,20260106,CZCE,65.5,60.5,54.0,62.5,54.0,62.5,56.0,16.0,0.45,310.0
PK604C8400.ZCE,20260106,CZCE,52.5,38.5,40.5,51.0,38.5,50.5,44.0,80.0,1.85,656.0
PK604C8500.ZCE,20260106,CZCE,42.0,32.0,33.0,47.0,33.0,47.0,35.0,138.0,2.75,540.0
PK604C8600.ZCE,20260106,CZCE,34.5,25.0,27.0,31.5,25.5,31.5,28.0,58.0,0.81,315.0
PK604C8700.ZCE,20260106,CZCE,28.5,22.0,21.0,26.0,21.0,26.0,23.0,44.0,0.49,389.0
PK604C8800.ZCE,20260106,CZCE,23.5,20.5,19.5,19.5,18.0,18.5,19.0,48.0,0.45,265.0
PK604C8900.ZCE,20260106,CZCE,19.5,15.0,14.0,21.0,14.0,21.0,15.5,468.0,4.26,1013.0
PK604P7100.ZCE,20260106,CZCE,4.5,4.5,3.5,3.5,3.0,3.0,3.0,47.0,0.07,240.0
PK604P7200.ZCE,20260106,CZCE,7.0,8.5,5.5,5.5,5.0,5.0,4.5,6.0,0.01,230.0
PK604P7300.ZCE,20260106,CZCE,11.5,12.5,7.5,7.5,7.0,7.0,7.5,37.0,0.13,324.0
PK604P7400.ZCE,20260106,CZCE,18.0,15.0,0.0,0.0,0.0,0.0,12.5,0.0,0.0,217.0
PK604P7500.ZCE,20260106,CZCE,28.0,25.0,21.5,21.5,17.0,17.0,20.0,52.0,0.53,257.0
PK604P7600.ZCE,20260106,CZCE,43.0,39.5,34.5,34.5,26.5,26.5,32.5,10.0,0.15,199.0
PK604P7700.ZCE,20260106,CZCE,64.5,60.5,55.5,55.5,42.5,42.5,52.0,8.0,0.2,232.0
PK604P7800.ZCE,20260106,CZCE,95.5,91.5,87.0,88.5,76.0,76.5,81.5,35.0,1.38,250.0
PK604P7900.ZCE,20260106,CZCE,137.5,141.0,133.0,134.0,111.0,111.0,123.0,102.0,6.19,374.0
PK604P8000.ZCE,20260106,CZCE,191.5,187.5,190.5,194.0,158.5,158.5,177.5,36.0,3.3,434.0
PK604P8100.ZCE,20260106,CZCE,257.0,259.0,232.0,236.0,220.5,220.5,243.0,18.0,2.1,272.0
PK604P8200.ZCE,20260106,CZCE,332.0,329.0,310.0,310.0,292.5,292.5,318.5,3.0,0.45,94.0
PK604P8300.ZCE,20260106,CZCE,414.0,415.5,395.0,395.0,373.5,373.5,401.0,5.0,0.98,74.0
PK604P8400.ZCE,20260106,CZCE,500.5,0.0,459.5,459.5,457.5,457.5,488.5,2.0,0.46,67.0
PK604P8500.ZCE,20260106,CZCE,590.0,0.0,0.0,0.0,0.0,0.0,579.0,0.0,0.0,6.0
PK604P8600.ZCE,20260106,CZCE,682.0,0.0,0.0,0.0,0.0,0.0,672.0,0.0,0.0,3.0
PK604P8700.ZCE,20260106,CZCE,776.0,0.0,0.0,0.0,0.0,0.0,766.5,0.0,0.0,3.0
PK604P8800.ZCE,20260106,CZCE,870.5,0.0,0.0,0.0,0.0,0.0,862.5,0.0,0.0,0.0
PK604P8900.ZCE,20260106,CZCE,967.0,0.0,0.0,0.0,0.0,0.0,959.0,0.0,0.0,0.0
PK605C6800.ZCE,20260106,CZCE,1150.5,0.0,0.0,0.0,0.0,0.0,1170.0,0.0,0.0,0.0
PK605C6900.ZCE,20260106,CZCE,1051.5,0.0,0.0,0.0,0.0,0.0,1071.0,0.0,0.0,0.0
PK605C7000.ZCE,20260106,CZCE,953.0,0.0,0.0,0.0,0.0,0.0,972.5,0.0,0.0,0.0
PK605C7100.ZCE,20260106,CZCE,856.0,0.0,0.0,0.0,0.0,0.0,874.5,0.0,0.0,0.0
PK605C7200.ZCE,20260106,CZCE,759.5,0.0,0.0,0.0,0.0,0.0,778.5,0.0,0.0,0.0
PK605C7300.ZCE,20260106,CZCE,665.0,0.0,0.0,0.0,0.0,0.0,684.0,0.0,0.0,0.0
PK605C7400.ZCE,20260106,CZCE,573.0,0.0,0.0,0.0,0.0,0.0,592.0,0.0,0.0,1.0
PK605C7500.ZCE,20260106,CZCE,485.0,480.5,0.0,0.0,0.0,0.0,504.5,0.0,0.0,31.0
PK605C7600.ZCE,20260106,CZCE,402.5,399.5,395.0,420.5,392.5,420.5,422.0,21.0,4.33,80.0
PK605C7700.ZCE,20260106,CZCE,327.5,325.0,349.0,356.0,349.0,356.0,346.5,174.0,30.66,240.0
PK605C7800.ZCE,20260106,CZCE,262.0,256.5,283.5,303.5,283.5,303.5,280.0,312.0,44.71,457.0
PK605C7900.ZCE,20260106,CZCE,207.5,203.0,225.0,236.0,225.0,236.0,223.0,210.0,24.26,296.0
PK605C8000.ZCE,20260106,CZCE,163.5,156.0,153.0,196.5,153.0,193.0,176.5,350.0,30.4,534.0
PK605C8100.ZCE,20260106,CZCE,129.5,126.0,128.5,154.0,128.5,154.0,139.5,79.0,5.62,299.0
PK605C8200.ZCE,20260106,CZCE,104.0,99.5,97.0,125.0,97.0,125.0,111.0,159.0,9.0,858.0
PK605C8300.ZCE,20260106,CZCE,85.0,77.5,83.5,99.0,83.0,99.0,89.0,15.0,0.67,649.0
PK605C8400.ZCE,20260106,CZCE,70.0,67.0,140.0,140.0,60.0,81.5,73.0,882.0,31.06,2384.0
PK605C8500.ZCE,20260106,CZCE,59.5,55.5,57.0,67.5,52.0,67.5,60.5,245.0,7.16,1893.0
PK605C8600.ZCE,20260106,CZCE,50.0,43.5,44.0,55.5,44.0,55.5,50.0,45.0,1.15,1577.0
PK605C8700.ZCE,20260106,CZCE,43.5,46.0,39.0,39.5,37.0,39.5,43.0,154.0,2.99,321.0
PK605C8800.ZCE,20260106,CZCE,37.0,37.0,34.5,38.5,34.0,38.5,36.5,58.0,1.02,511.0
PK605C8900.ZCE,20260106,CZCE,33.0,32.5,30.0,46.5,29.5,36.0,32.0,173.0,2.7,829.0
PK605P6800.ZCE,20260106,CZCE,3.0,0.0,0.0,0.0,0.0,0.0,2.5,0.0,0.0,42.0
PK605P6900.ZCE,20260106,CZCE,4.5,0.0,0.0,0.0,0.0,0.0,3.5,0.0,0.0,141.0
PK605P7000.ZCE,20260106,CZCE,6.0,6.5,7.0,7.0,7.0,7.0,5.0,20.0,0.07,199.0
PK605P7100.ZCE,20260106,CZCE,9.0,0.0,9.5,9.5,9.0,9.0,7.5,27.0,0.12,146.0
PK605P7200.ZCE,20260106,CZCE,12.5,13.0,0.0,0.0,0.0,0.0,11.5,0.0,0.0,309.0
PK605P7300.ZCE,20260106,CZCE,18.0,18.5,17.0,17.0,17.0,17.0,17.0,2.0,0.02,202.0
PK605P7400.ZCE,20260106,CZCE,26.0,26.5,0.0,0.0,0.0,0.0,25.0,7.0,0.09,214.0
PK605P7500.ZCE,20260106,CZCE,37.5,38.0,39.0,39.0,39.0,39.0,37.0,9.0,0.17,289.0
PK605P7600.ZCE,20260106,CZCE,54.5,58.0,57.5,58.5,57.5,58.0,54.0,16.0,0.45,260.0
PK605P7700.ZCE,20260106,CZCE,79.0,82.0,83.5,84.5,75.0,75.0,78.0,90.0,3.75,395.0
PK605P7800.ZCE,20260106,CZCE,113.0,117.5,102.0,102.0,102.0,102.0,111.0,4.0,0.22,295.0
PK605P7900.ZCE,20260106,CZCE,157.5,163.5,158.0,158.0,158.0,158.0,153.5,10.0,0.79,311.0
PK605P8000.ZCE,20260106,CZCE,213.0,224.0,220.0,220.0,205.5,205.5,206.0,6.0,0.65,191.0
PK605P8100.ZCE,20260106,CZCE,279.0,0.0,0.0,0.0,0.0,0.0,268.5,0.0,0.0,176.0
PK605P8200.ZCE,20260106,CZCE,352.5,0.0,0.0,0.0,0.0,0.0,339.5,0.0,0.0,83.0
PK605P8300.ZCE,20260106,CZCE,433.0,0.0,0.0,0.0,0.0,0.0,417.0,0.0,0.0,45.0
PK605P8400.ZCE,20260106,CZCE,517.5,0.0,525.0,527.5,525.0,527.5,500.5,4.0,1.05,33.0
PK605P8500.ZCE,20260106,CZCE,606.5,0.0,0.0,0.0,0.0,0.0,587.5,0.0,0.0,35.0
PK605P8600.ZCE,20260106,CZCE,696.5,0.0,0.0,0.0,0.0,0.0,677.0,0.0,0.0,7.0
PK605P8700.ZCE,20260106,CZCE,789.5,0.0,0.0,0.0,0.0,0.0,769.5,0.0,0.0,3.0
PK605P8800.ZCE,20260106,CZCE,883.0,0.0,0.0,0.0,0.0,0.0,862.5,0.0,0.0,0.0
PK605P8900.ZCE,20260106,CZCE,978.5,0.0,0.0,0.0,0.0,0.0,958.0,0.0,0.0,3.0
PK603C7000.ZCE,20260105,CZCE,992.0,0.0,0.0,0.0,0.0,0.0,981.0,0.0,0.0,19.0
PK603C7100.ZCE,20260105,CZCE,893.0,0.0,0.0,0.0,0.0,0.0,882.0,0.0,0.0,4.0
PK603C7200.ZCE,20260105,CZCE,794.0,0.0,0.0,0.0,0.0,0.0,783.0,0.0,0.0,7.0
PK603C7300.ZCE,20260105,CZCE,696.0,0.0,631.5,704.0,631.5,704.0,684.5,2.0,0.67,6.0
PK603C7400.ZCE,20260105,CZCE,598.5,582.0,517.0,560.0,517.0,560.0,586.5,2.0,0.54,63.0
PK603C7500.ZCE,20260105,CZCE,501.5,525.0,417.0,458.0,417.0,458.0,489.5,2.0,0.44,278.0
PK603C7600.ZCE,20260105,CZCE,407.0,416.5,415.0,417.0,365.0,365.5,394.0,185.0,36.17,384.0
PK603C7700.ZCE,20260105,CZCE,316.0,311.5,320.0,323.0,268.5,270.5,300.5,115.0,17.22,393.0
PK603C7800.ZCE,20260105,CZCE,233.5,240.5,235.0,240.5,184.0,186.0,213.5,290.0,30.59,731.0
PK603C7900.ZCE,20260105,CZCE,166.5,164.5,131.0,197.0,125.0,129.0,145.5,509.0,36.33,1066.0
PK603C8000.ZCE,20260105,CZCE,120.5,120.5,128.0,131.0,88.5,90.0,107.0,5557.0,287.81,6320.0
PK603C8100.ZCE,20260105,CZCE,91.5,90.0,100.0,100.0,65.0,66.5,84.0,3918.0,156.13,5535.0
PK603C8200.ZCE,20260105,CZCE,72.5,72.0,68.0,79.5,47.5,48.5,68.0,4231.0,129.55,5135.0
PK603C8300.ZCE,20260105,CZCE,59.5,58.0,80.0,80.0,37.0,40.0,56.0,3198.0,72.35,6823.0
PK603C8400.ZCE,20260105,CZCE,50.0,49.0,46.0,46.0,30.0,30.0,46.5,1097.0,19.29,3517.0
PK603C8500.ZCE,20260105,CZCE,42.0,44.5,46.0,46.0,24.0,25.0,38.5,4606.0,75.49,12616.0
PK603C8600.ZCE,20260105,CZCE,36.5,34.0,38.0,38.0,18.5,18.5,32.5,936.0,12.98,2362.0
PK603C8700.ZCE,20260105,CZCE,31.0,29.0,29.5,29.5,14.5,14.5,27.5,520.0,4.95,2270.0
PK603C8800.ZCE,20260105,CZCE,27.0,25.0,23.0,23.5,11.0,11.0,23.5,772.0,6.43,3093.0
PK603C8900.ZCE,20260105,CZCE,23.0,23.0,24.0,26.0,9.5,10.0,20.0,5045.0,36.63,10694.0
PK603P7000.ZCE,20260105,CZCE,3.0,3.5,2.5,3.0,2.0,2.5,2.0,397.0,0.49,697.0
PK603P7100.ZCE,20260105,CZCE,4.0,4.5,4.0,4.0,2.5,3.0,3.0,573.0,0.85,759.0
PK603P7200.ZCE,20260105,CZCE,5.5,5.0,5.0,5.0,3.0,4.0,4.0,224.0,0.44,1119.0
PK603P7300.ZCE,20260105,CZCE,7.0,6.5,5.0,10.0,4.5,5.0,5.5,249.0,0.65,864.0
PK603P7400.ZCE,20260105,CZCE,9.5,9.5,7.5,8.5,6.0,7.0,7.5,677.0,2.46,2397.0
PK603P7500.ZCE,20260105,CZCE,12.5,11.5,10.5,10.5,6.0,10.5,10.5,403.0,1.92,1301.0
PK603P7600.ZCE,20260105,CZCE,18.0,16.5,18.5,18.5,11.0,16.0,14.5,703.0,4.76,1768.0
PK603P7700.ZCE,20260105,CZCE,27.0,25.5,22.0,24.0,15.5,24.0,21.0,432.0,4.66,1930.0
PK603P7800.ZCE,20260105,CZCE,44.0,42.0,26.0,45.0,26.0,45.0,33.5,1330.0,22.57,3902.0
PK603P7900.ZCE,20260105,CZCE,77.0,78.0,71.5,83.5,59.5,82.0,66.0,2243.0,79.03,4091.0
PK603P8000.ZCE,20260105,CZCE,130.0,129.5,221.5,221.5,104.0,143.0,127.0,1329.0,80.58,6197.0
PK603P8100.ZCE,20260105,CZCE,201.0,200.5,189.0,226.5,181.5,225.5,203.5,555.0,56.78,1059.0
PK603P8200.ZCE,20260105,CZCE,282.0,281.5,264.5,299.0,260.5,299.0,287.5,241.0,33.79,487.0
PK603P8300.ZCE,20260105,CZCE,369.0,361.0,357.5,392.5,347.5,392.0,375.0,258.0,47.71,348.0
PK603P8400.ZCE,20260105,CZCE,459.0,450.5,448.0,483.5,438.5,478.0,465.5,247.0,56.87,307.0
PK603P8500.ZCE,20260105,CZCE,550.5,550.0,440.0,1004.5,440.0,540.5,557.5,5.0,1.48,296.0
PK603P8600.ZCE,20260105,CZCE,645.0,0.0,0.0,0.0,0.0,0.0,651.5,0.0,0.0,2.0
PK603P8700.ZCE,20260105,CZCE,739.5,0.0,0.0,0.0,0.0,0.0,746.5,0.0,0.0,6.0
PK603P8800.ZCE,20260105,CZCE,835.5,0.0,0.0,0.0,0.0,0.0,842.0,0.0,0.0,7.0
PK603P8900.ZCE,20260105,CZCE,931.5,0.0,0.0,0.0,0.0,0.0,938.5,0.0,0.0,6.0
PK604C7100.ZCE,20260105,CZCE,856.5,0.0,0.0,0.0,0.0,0.0,852.5,0.0,0.0,1.0
PK604C7200.ZCE,20260105,CZCE,759.5,0.0,0.0,0.0,0.0,0.0,755.0,0.0,0.0,4.0
PK604C7300.ZCE,20260105,CZCE,663.5,0.0,0.0,0.0,0.0,0.0,659.5,0.0,0.0,3.0
PK604C7400.ZCE,20260105,CZCE,570.0,0.0,0.0,0.0,0.0,0.0,566.5,0.0,0.0,10.0
PK604C7500.ZCE,20260105,CZCE,479.5,0.0,0.0,0.0,0.0,0.0,476.5,0.0,0.0,55.0
PK604C7600.ZCE,20260105,CZCE,394.0,0.0,0.0,0.0,0.0,0.0,392.0,0.0,0.0,71.0
PK604C7700.ZCE,20260105,CZCE,315.0,321.0,319.5,319.5,319.5,319.5,313.5,96.0,15.29,72.0
PK604C7800.ZCE,20260105,CZCE,245.5,251.5,250.5,250.5,250.0,250.0,244.5,98.0,12.21,227.0
PK604C7900.ZCE,20260105,CZCE,188.5,194.5,192.5,192.5,166.5,166.5,187.0,126.0,11.74,318.0
PK604C8000.ZCE,20260105,CZCE,144.0,142.5,148.0,149.5,122.5,122.5,141.5,318.0,22.26,702.0
PK604C8100.ZCE,20260105,CZCE,110.5,106.5,108.5,113.0,89.0,90.0,107.5,199.0,10.65,479.0
PK604C8200.ZCE,20260105,CZCE,86.5,87.5,86.0,86.0,67.0,67.0,83.0,46.0,1.84,430.0
PK604C8300.ZCE,20260105,CZCE,69.0,73.0,65.5,67.5,60.5,60.5,65.5,50.0,1.6,312.0
PK604C8400.ZCE,20260105,CZCE,56.0,56.0,380.5,380.5,38.5,38.5,52.5,25.0,0.79,670.0
PK604C8500.ZCE,20260105,CZCE,46.0,48.0,43.5,43.5,32.0,32.0,42.0,57.0,1.09,481.0
PK604C8600.ZCE,20260105,CZCE,39.0,40.0,36.5,36.5,25.0,25.0,34.5,66.0,1.04,315.0
PK604C8700.ZCE,20260105,CZCE,32.5,33.0,31.0,31.0,22.0,22.0,28.5,42.0,0.61,381.0
PK604C8800.ZCE,20260105,CZCE,28.5,29.0,27.0,27.0,20.5,20.5,23.5,108.0,1.31,288.0
PK604C8900.ZCE,20260105,CZCE,24.0,24.5,24.0,24.0,15.0,15.0,19.5,618.0,6.43,725.0
PK604P7100.ZCE,20260105,CZCE,6.5,7.5,7.0,7.0,4.5,4.5,4.5,62.0,0.16,260.0
PK604P7200.ZCE,20260105,CZCE,9.5,9.5,9.5,9.5,8.5,8.5,7.0,85.0,0.39,234.0
PK604P7300.ZCE,20260105,CZCE,14.0,13.0,14.0,14.0,12.5,12.5,11.5,124.0,0.78,351.0
PK604P7400.ZCE,20260105,CZCE,20.0,17.5,18.5,18.5,15.0,15.0,18.0,109.0,0.99,217.0
PK604P7500.ZCE,20260105,CZCE,29.5,26.0,27.0,27.5,25.0,25.0,28.0,99.0,1.35,267.0
PK604P7600.ZCE,20260105,CZCE,43.0,40.5,42.5,43.5,37.0,39.5,43.0,174.0,3.66,206.0
PK604P7700.ZCE,20260105,CZCE,64.0,61.0,56.0,64.0,56.0,60.5,64.5,222.0,6.97,236.0
PK604P7800.ZCE,20260105,CZCE,94.0,84.0,92.0,94.5,91.5,91.5,95.5,179.0,8.37,277.0
PK604P7900.ZCE,20260105,CZCE,137.0,130.0,608.0,608.0,135.0,141.0,137.5,99.0,6.96,464.0
PK604P8000.ZCE,20260105,CZCE,191.5,184.5,188.5,188.5,187.5,187.5,191.5,74.0,6.95,467.0
PK604P8100.ZCE,20260105,CZCE,258.0,246.0,253.0,259.0,250.5,259.0,257.0,91.0,11.49,279.0
PK604P8200.ZCE,20260105,CZCE,333.0,339.5,326.0,329.5,325.0,329.0,332.0,41.0,6.71,94.0
PK604P8300.ZCE,20260105,CZCE,415.5,405.0,415.5,415.5,415.5,415.5,414.0,1.0,0.21,76.0
PK604P8400.ZCE,20260105,CZCE,502.0,0.0,0.0,0.0,0.0,0.0,500.5,0.0,0.0,68.0
PK604P8500.ZCE,20260105,CZCE,591.5,0.0,0.0,0.0,0.0,0.0,590.0,0.0,0.0,6.0
PK604P8600.ZCE,20260105,CZCE,684.5,0.0,0.0,0.0,0.0,0.0,682.0,0.0,0.0,3.0
PK604P8700.ZCE,20260105,CZCE,778.0,0.0,0.0,0.0,0.0,0.0,776.0,0.0,0.0,3.0
PK604P8800.ZCE,20260105,CZCE,873.5,0.0,0.0,0.0,0.0,0.0,870.5,0.0,0.0,0.0
PK604P8900.ZCE,20260105,CZCE,969.0,0.0,0.0,0.0,0.0,0.0,967.0,0.0,0.0,0.0
PK605C6800.ZCE,20260105,CZCE,1165.0,0.0,0.0,0.0,0.0,0.0,1150.5,0.0,0.0,0.0
PK605C6900.ZCE,20260105,CZCE,1066.5,0.0,0.0,0.0,0.0,0.0,1051.5,0.0,0.0,0.0
PK605C7000.ZCE,20260105,CZCE,969.5,0.0,0.0,0.0,0.0,0.0,953.0,0.0,0.0,0.0
PK605C7100.ZCE,20260105,CZCE,873.0,0.0,0.0,0.0,0.0,0.0,856.0,0.0,0.0,0.0
PK605C7200.ZCE,20260105,CZCE,777.5,0.0,0.0,0.0,0.0,0.0,759.5,0.0,0.0,0.0
PK605C7300.ZCE,20260105,CZCE,684.5,0.0,0.0,0.0,0.0,0.0,665.0,0.0,0.0,0.0
PK605C7400.ZCE,20260105,CZCE,593.5,0.0,0.0,0.0,0.0,0.0,573.0,0.0,0.0,1.0
PK605C7500.ZCE,20260105,CZCE,505.5,510.0,480.5,480.5,480.5,480.5,485.0,2.0,0.48,31.0
PK605C7600.ZCE,20260105,CZCE,423.0,0.0,399.0,399.5,399.0,399.5,402.5,21.0,4.19,75.0
PK605C7700.ZCE,20260105,CZCE,347.0,0.0,324.5,325.0,324.5,325.0,327.5,20.0,3.25,94.0
PK605C7800.ZCE,20260105,CZCE,280.0,278.0,266.0,266.0,256.5,256.5,262.0,34.0,4.43,238.0
PK605C7900.ZCE,20260105,CZCE,224.5,0.0,204.0,204.0,203.0,203.0,207.5,24.0,2.45,166.0
PK605C8000.ZCE,20260105,CZCE,180.5,175.0,160.0,162.5,156.0,156.0,163.5,73.0,5.86,396.0
PK605C8100.ZCE,20260105,CZCE,146.5,140.0,126.0,126.0,126.0,126.0,129.5,18.0,1.13,285.0
PK605C8200.ZCE,20260105,CZCE,120.0,115.0,106.0,109.5,99.0,99.5,104.0,44.0,2.29,872.0
PK605C8300.ZCE,20260105,CZCE,100.0,89.0,86.5,89.5,77.5,77.5,85.0,44.0,1.87,647.0
PK605C8400.ZCE,20260105,CZCE,85.0,76.0,64.5,74.5,64.5,67.0,70.0,112.0,3.83,2333.0
PK605C8500.ZCE,20260105,CZCE,72.5,65.5,61.0,88.0,52.5,55.5,59.5,288.0,8.91,1878.0
PK605C8600.ZCE,20260105,CZCE,62.5,57.0,52.0,68.5,43.5,43.5,50.0,142.0,3.8,1596.0
PK605C8700.ZCE,20260105,CZCE,54.0,50.5,46.0,46.0,46.0,46.0,43.5,1.0,0.02,392.0
PK605C8800.ZCE,20260105,CZCE,47.5,48.5,28.5,37.0,28.5,37.0,37.0,4.0,0.06,510.0
PK605C8900.ZCE,20260105,CZCE,41.0,42.5,35.0,35.5,32.5,32.5,33.0,235.0,4.06,862.0
PK605P6800.ZCE,20260105,CZCE,6.5,0.0,0.0,0.0,0.0,0.0,3.0,0.0,0.0,42.0
PK605P6900.ZCE,20260105,CZCE,8.5,0.0,0.0,0.0,0.0,0.0,4.5,0.0,0.0,141.0
PK605P7000.ZCE,20260105,CZCE,11.0,12.5,6.5,6.5,6.5,6.5,6.0,10.0,0.03,179.0
PK605P7100.ZCE,20260105,CZCE,14.5,14.5,0.0,0.0,0.0,0.0,9.0,0.0,0.0,143.0
PK605P7200.ZCE,20260105,CZCE,19.0,18.5,13.5,13.5,13.0,13.0,12.5,60.0,0.4,309.0
PK605P7300.ZCE,20260105,CZCE,25.5,23.5,16.0,18.5,16.0,18.5,18.0,88.0,0.8,204.0
PK605P7400.ZCE,20260105,CZCE,34.5,31.5,26.5,26.5,26.0,26.5,26.0,91.0,1.2,221.0
PK605P7500.ZCE,20260105,CZCE,46.5,44.0,38.5,38.5,38.0,38.0,37.5,50.0,0.96,297.0
PK605P7600.ZCE,20260105,CZCE,63.0,60.0,48.0,58.0,48.0,58.0,54.5,160.0,4.3,269.0
PK605P7700.ZCE,20260105,CZCE,86.5,82.5,75.0,83.0,75.0,82.0,79.0,144.0,5.84,433.0
PK605P7800.ZCE,20260105,CZCE,119.0,114.5,110.0,118.0,106.5,117.5,113.0,113.0,6.35,298.0
PK605P7900.ZCE,20260105,CZCE,163.0,0.0,163.0,163.5,163.0,163.5,157.5,34.0,2.76,301.0
PK605P8000.ZCE,20260105,CZCE,218.0,229.5,208.5,224.0,208.5,224.0,213.0,14.0,1.52,185.0
PK605P8100.ZCE,20260105,CZCE,283.5,291.0,0.0,0.0,0.0,0.0,279.0,0.0,0.0,176.0
PK605P8200.ZCE,20260105,CZCE,356.5,0.0,0.0,0.0,0.0,0.0,352.5,0.0,0.0,83.0
PK605P8300.ZCE,20260105,CZCE,436.0,0.0,0.0,0.0,0.0,0.0,433.0,0.0,0.0,45.0
PK605P8400.ZCE,20260105,CZCE,520.5,0.0,0.0,0.0,0.0,0.0,517.5,0.0,0.0,31.0
PK605P8500.ZCE,20260105,CZCE,607.5,0.0,0.0,0.0,0.0,0.0,606.5,0.0,0.0,35.0
PK605P8600.ZCE,20260105,CZCE,697.0,697.5,0.0,0.0,0.0,0.0,696.5,0.0,0.0,7.0
PK605P8700.ZCE,20260105,CZCE,788.0,0.0,0.0,0.0,0.0,0.0,789.5,0.0,0.0,3.0
PK605P8800.ZCE,20260105,CZCE,881.0,0.0,0.0,0.0,0.0,0.0,883.0,0.0,0.0,0.0
PK605P8900.ZCE,20260105,CZCE,974.5,0.0,0.0,0.0,0.0,0.0,978.5,0.0,0.0,3.0
