ts_code,trade_date,pre_settle,pre_close,open,high,low,close,settle,vol,amount,oi
JM2701-P-1600.DCE,20260123,367.9,367.9,0.0,0.0,0.0,359.7,359.7,0.0,0.0,0.0
JM2701-P-1560.DCE,20260123,335.1,335.1,0.0,0.0,0.0,327.7,327.7,0.0,0.0,0.0
JM2701-P-1520.DCE,20260123,303.1,303.1,0.0,0.0,0.0,296.3,296.3,0.0,0.0,0.0
JM2701-P-1480.DCE,20260123,272.1,272.1,0.0,0.0,0.0,265.7,265.7,0.0,0.0,0.0
JM2701-P-1440.DCE,20260123,242.3,242.3,0.0,0.0,0.0,235.9,235.9,0.0,0.0,0.0
JM2701-P-1400.DCE,20260123,214.0,214.0,0.0,0.0,0.0,207.0,207.0,0.0,0.0,0.0
JM2701-P-1360.DCE,20260123,187.2,187.2,0.0,0.0,0.0,179.1,179.1,0.0,0.0,0.0
JM2701-P-1320.DCE,20260123,162.4,162.4,157.4,162.0,154.8,157.7,152.4,6.0,5.66,2.0
JM2701-P-1280.DCE,20260123,139.4,139.4,138.3,140.3,135.5,138.3,127.1,37.0,30.62,7.0
JM2701-P-1240.DCE,20260123,118.5,118.5,123.0,123.5,113.0,118.5,103.3,81.0,58.02,19.0
JM2701-P-1200.DCE,20260123,99.6,99.6,108.2,109.7,95.8,103.4,81.3,89.0,54.84,20.0
JM2701-P-1160.DCE,20260123,82.7,78.9,96.3,96.3,79.6,90.8,61.3,68.0,35.88,25.0
JM2701-C-1600.DCE,20260123,132.3,132.3,137.4,138.0,134.3,138.0,148.8,5.0,4.11,3.0
JM2701-C-1560.DCE,20260123,139.1,132.6,147.3,147.3,145.0,145.0,156.4,5.0,4.39,3.0
JM2701-C-1520.DCE,20260123,146.7,146.7,0.0,0.0,0.0,164.6,164.6,0.0,0.0,0.0
JM2701-C-1480.DCE,20260123,155.3,155.3,0.0,0.0,0.0,173.6,173.6,0.0,0.0,0.0
JM2701-C-1440.DCE,20260123,165.1,165.1,0.0,0.0,0.0,183.4,183.4,0.0,0.0,0.0
JM2701-C-1400.DCE,20260123,176.4,176.4,0.0,0.0,0.0,194.1,194.1,0.0,0.0,0.0
JM2701-C-1360.DCE,20260123,189.2,189.2,0.0,0.0,0.0,205.8,205.8,0.0,0.0,0.0
JM2701-C-1320.DCE,20260123,203.9,203.9,0.0,0.0,0.0,218.7,218.7,0.0,0.0,0.0
JM2701-C-1280.DCE,20260123,220.6,220.6,0.0,0.0,0.0,233.0,233.0,0.0,0.0,0.0
JM2701-C-1240.DCE,20260123,239.3,239.3,0.0,0.0,0.0,248.8,248.8,0.0,0.0,0.0
JM2701-C-1200.DCE,20260123,260.0,260.0,0.0,0.0,0.0,266.4,266.4,0.0,0.0,0.0
JM2701-C-1160.DCE,20260123,282.7,282.7,0.0,0.0,0.0,286.1,286.1,0.0,0.0,0.0
JM2612-P-1480.DCE,20260123,335.0,335.0,0.0,0.0,0.0,327.4,327.4,0.0,0.0,0.0
JM2612-P-1440.DCE,20260123,302.1,302.1,0.0,0.0,0.0,295.4,295.4,0.0,0.0,0.0
JM2612-P-1400.DCE,20260123,270.2,270.2,0.0,0.0,0.0,264.1,264.1,0.0,0.0,0.0
JM2612-P-1360.DCE,20260123,239.5,239.5,0.0,0.0,0.0,233.7,233.7,0.0,0.0,0.0
JM2612-P-1320.DCE,20260123,210.0,210.0,0.0,0.0,0.0,204.2,204.2,0.0,0.0,0.0
JM2612-P-1280.DCE,20260123,182.3,182.3,0.0,0.0,0.0,175.9,175.9,0.0,0.0,0.0
JM2612-P-1240.DCE,20260123,156.4,156.4,0.0,0.0,0.0,148.7,148.7,0.0,0.0,0.0
JM2612-P-1200.DCE,20260123,132.6,132.6,0.0,0.0,0.0,123.0,123.0,0.0,0.0,1.0
JM2612-P-1160.DCE,20260123,111.0,111.0,0.0,0.0,0.0,98.9,98.9,0.0,0.0,1.0
JM2612-P-1120.DCE,20260123,91.6,91.6,83.1,84.3,82.4,84.3,76.8,10.0,5.01,4.0
JM2612-P-1080.DCE,20260123,74.5,74.5,67.4,68.6,66.8,67.9,56.8,4.0,1.62,2.0
JM2612-C-1480.DCE,20260123,112.5,112.5,0.0,0.0,0.0,126.7,126.7,0.0,0.0,1.0
JM2612-C-1440.DCE,20260123,119.3,119.3,0.0,0.0,0.0,134.4,134.4,0.0,0.0,0.0
JM2612-C-1400.DCE,20260123,127.1,127.1,0.0,0.0,0.0,142.8,142.8,0.0,0.0,0.0
JM2612-C-1360.DCE,20260123,135.9,135.9,0.0,0.0,0.0,152.0,152.0,0.0,0.0,1.0
JM2612-C-1320.DCE,20260123,146.1,146.1,0.0,0.0,0.0,162.1,162.1,0.0,0.0,1.0
JM2612-C-1280.DCE,20260123,158.0,158.0,0.0,0.0,0.0,173.4,173.4,0.0,0.0,1.0
JM2612-C-1240.DCE,20260123,171.7,171.7,0.0,0.0,0.0,185.9,185.9,0.0,0.0,1.0
JM2612-C-1200.DCE,20260123,187.5,187.5,0.0,0.0,0.0,199.8,199.8,0.0,0.0,1.0
JM2612-C-1160.DCE,20260123,205.6,205.6,0.0,0.0,0.0,215.4,215.4,0.0,0.0,1.0
JM2612-C-1120.DCE,20260123,225.9,225.9,0.0,0.0,0.0,232.8,232.8,0.0,0.0,1.0
JM2612-C-1080.DCE,20260123,248.4,248.4,0.0,0.0,0.0,252.5,252.5,0.0,0.0,0.0
JM2611-P-1480.DCE,20260123,336.7,336.7,0.0,0.0,0.0,326.1,326.1,0.0,0.0,1.0
JM2611-P-1440.DCE,20260123,303.6,303.6,0.0,0.0,0.0,294.0,294.0,0.0,0.0,1.0
JM2611-P-1400.DCE,20260123,271.5,271.5,0.0,0.0,0.0,262.6,262.6,0.0,0.0,1.0
JM2611-P-1360.DCE,20260123,240.3,240.3,0.0,0.0,0.0,232.1,232.1,0.0,0.0,1.0
JM2611-P-1320.DCE,20260123,210.5,210.5,0.0,0.0,0.0,202.6,202.6,0.0,0.0,0.0
JM2611-P-1280.DCE,20260123,182.3,182.3,0.0,0.0,0.0,174.2,174.2,0.0,0.0,0.0
JM2611-P-1240.DCE,20260123,156.0,156.0,0.0,0.0,0.0,147.0,147.0,0.0,0.0,0.0
JM2611-P-1200.DCE,20260123,131.8,131.8,0.0,0.0,0.0,121.4,121.4,0.0,0.0,0.0
JM2611-P-1160.DCE,20260123,109.8,109.8,0.0,0.0,0.0,97.4,97.4,0.0,0.0,0.0
JM2611-P-1120.DCE,20260123,90.2,90.2,0.0,0.0,0.0,75.4,75.4,0.0,0.0,0.0
JM2611-P-1080.DCE,20260123,72.8,72.8,0.0,0.0,0.0,55.6,55.6,0.0,0.0,0.0
JM2611-C-1480.DCE,20260123,101.2,101.2,0.0,0.0,0.0,115.4,115.4,0.0,0.0,1.0
JM2611-C-1440.DCE,20260123,107.8,107.8,0.0,0.0,0.0,123.0,123.0,0.0,0.0,1.0
JM2611-C-1400.DCE,20260123,115.3,115.3,0.0,0.0,0.0,131.3,131.3,0.0,0.0,1.0
JM2611-C-1360.DCE,20260123,123.8,123.8,0.0,0.0,0.0,140.4,140.4,0.0,0.0,0.0
JM2611-C-1320.DCE,20260123,133.7,133.7,0.0,0.0,0.0,150.5,150.5,0.0,0.0,0.0
JM2611-C-1280.DCE,20260123,145.2,145.2,0.0,0.0,0.0,161.8,161.8,0.0,0.0,0.0
JM2611-C-1240.DCE,20260123,158.5,158.5,0.0,0.0,0.0,174.3,174.3,0.0,0.0,0.0
JM2611-C-1200.DCE,20260123,173.9,173.9,0.0,0.0,0.0,188.3,188.3,0.0,0.0,0.0
JM2611-C-1160.DCE,20260123,191.6,191.6,0.0,0.0,0.0,204.0,204.0,0.0,0.0,0.0
JM2611-C-1120.DCE,20260123,211.6,211.6,0.0,0.0,0.0,221.6,221.6,0.0,0.0,1.0
JM2611-C-1080.DCE,20260123,234.0,234.0,0.0,0.0,0.0,241.5,241.5,0.0,0.0,0.0
JM2610-P-1440.DCE,20260123,309.2,309.2,0.0,0.0,0.0,295.9,295.9,0.0,0.0,1.0
JM2610-P-1400.DCE,20260123,276.4,276.4,0.0,0.0,0.0,264.1,264.1,0.0,0.0,1.0
JM2610-P-1360.DCE,20260123,244.6,244.6,0.0,0.0,0.0,233.3,233.3,0.0,0.0,1.0
JM2610-P-1320.DCE,20260123,214.1,214.1,0.0,0.0,0.0,203.4,203.4,0.0,0.0,0.0
JM2610-P-1280.DCE,20260123,185.0,185.0,0.0,0.0,0.0,174.7,174.7,0.0,0.0,0.0
JM2610-P-1240.DCE,20260123,157.8,157.8,0.0,0.0,0.0,147.3,147.3,0.0,0.0,0.0
JM2610-P-1200.DCE,20260123,132.6,132.6,0.0,0.0,0.0,121.4,121.4,0.0,0.0,0.0
JM2610-P-1160.DCE,20260123,109.8,109.8,0.0,0.0,0.0,97.3,97.3,0.0,0.0,1.0
JM2610-P-1120.DCE,20260123,89.4,89.4,83.1,85.7,83.1,85.6,75.2,4.0,2.02,3.0
JM2610-P-1080.DCE,20260123,71.4,71.4,67.7,67.7,64.0,64.0,55.4,8.0,3.19,7.0
JM2610-P-1040.DCE,20260123,56.0,56.0,52.6,52.6,49.7,49.7,38.3,6.0,1.85,6.0
JM2610-C-1440.DCE,20260123,89.3,89.3,96.1,96.5,96.1,96.5,103.8,3.0,1.73,4.0
JM2610-C-1400.DCE,20260123,96.3,96.3,105.5,105.5,105.5,105.5,111.8,1.0,0.63,2.0
JM2610-C-1360.DCE,20260123,104.2,104.2,0.0,0.0,0.0,120.6,120.6,0.0,0.0,0.0
JM2610-C-1320.DCE,20260123,113.3,113.3,126.7,126.7,126.7,126.7,130.4,1.0,0.76,1.0
JM2610-C-1280.DCE,20260123,124.0,124.0,0.0,0.0,0.0,141.4,141.4,0.0,0.0,0.0
JM2610-C-1240.DCE,20260123,136.4,136.4,0.0,0.0,0.0,153.7,153.7,0.0,0.0,0.0
JM2610-C-1200.DCE,20260123,151.0,151.0,0.0,0.0,0.0,167.6,167.6,0.0,0.0,0.0
JM2610-C-1160.DCE,20260123,167.8,167.8,0.0,0.0,0.0,183.2,183.2,0.0,0.0,0.0
JM2610-C-1120.DCE,20260123,187.1,187.1,0.0,0.0,0.0,200.8,200.8,0.0,0.0,1.0
JM2610-C-1080.DCE,20260123,208.9,208.9,0.0,0.0,0.0,220.7,220.7,0.0,0.0,0.0
JM2610-C-1040.DCE,20260123,233.2,233.2,0.0,0.0,0.0,243.3,243.3,0.0,0.0,0.0
JM2609-P-1440.DCE,20260123,316.1,316.1,299.3,301.3,299.3,301.3,305.4,2.0,3.6,3.0
JM2609-P-1400.DCE,20260123,282.7,285.9,267.6,269.3,267.6,269.3,273.0,3.0,4.86,3.0
JM2609-P-1360.DCE,20260123,250.2,253.9,236.9,238.0,236.9,238.0,241.5,2.0,2.85,4.0
JM2609-P-1320.DCE,20260123,218.9,222.9,207.5,207.5,207.5,207.5,211.0,1.0,1.24,3.0
JM2609-P-1280.DCE,20260123,189.1,193.0,179.4,179.4,179.4,179.4,181.6,2.0,2.17,3.0
JM2609-P-1240.DCE,20260123,160.9,164.6,0.0,0.0,0.0,153.5,153.5,0.0,0.0,3.0
JM2609-P-1200.DCE,20260123,134.8,138.3,0.0,0.0,0.0,127.0,127.0,0.0,0.0,4.0
JM2609-P-1160.DCE,20260123,111.0,109.0,107.8,107.8,100.4,100.4,102.2,2.0,1.25,7.0
JM2609-P-1120.DCE,20260123,89.8,89.7,80.0,80.0,80.0,80.0,79.4,1.0,0.48,23.0
JM2609-P-1080.DCE,20260123,71.1,71.7,55.8,55.8,55.8,55.8,59.0,2.0,0.67,17.0
JM2609-P-1040.DCE,20260123,55.1,55.5,0.0,0.0,0.0,41.2,41.2,0.0,0.0,2.0
JM2609-C-1440.DCE,20260123,74.1,75.0,79.0,90.0,76.9,87.1,85.4,68.0,35.32,76.0
JM2609-C-1400.DCE,20260123,80.5,78.0,85.0,97.1,85.0,90.6,92.7,11.0,5.94,68.0
JM2609-C-1360.DCE,20260123,87.8,85.6,93.9,104.8,93.9,103.0,100.9,16.0,9.65,25.0
JM2609-C-1320.DCE,20260123,96.2,94.2,104.8,104.8,104.8,104.8,110.1,2.0,1.29,6.0
JM2609-C-1280.DCE,20260123,106.1,103.9,122.5,139.1,116.4,139.1,120.5,7.0,5.61,32.0
JM2609-C-1240.DCE,20260123,117.7,115.2,129.7,129.7,129.3,129.3,132.1,2.0,1.55,4.0
JM2609-C-1200.DCE,20260123,131.3,128.1,0.0,0.0,0.0,145.3,145.3,0.0,0.0,3.0
JM2609-C-1160.DCE,20260123,147.3,147.3,0.0,0.0,0.0,160.3,160.3,0.0,0.0,1.0
JM2609-C-1120.DCE,20260123,165.7,165.7,0.0,0.0,0.0,177.3,177.3,0.0,0.0,0.0
JM2609-C-1080.DCE,20260123,186.9,186.9,0.0,0.0,0.0,196.6,196.6,0.0,0.0,0.0
JM2609-C-1040.DCE,20260123,210.6,210.6,0.0,0.0,0.0,218.6,218.6,0.0,0.0,0.0
JM2608-P-1400.DCE,20260123,285.5,285.5,0.0,0.0,0.0,277.6,277.6,0.0,0.0,1.0
JM2608-P-1360.DCE,20260123,252.5,252.5,0.0,0.0,0.0,245.4,245.4,0.0,0.0,1.0
JM2608-P-1320.DCE,20260123,220.5,220.5,0.0,0.0,0.0,214.2,214.2,0.0,0.0,1.0
JM2608-P-1280.DCE,20260123,189.9,189.9,0.0,0.0,0.0,184.2,184.2,0.0,0.0,1.0
JM2608-P-1240.DCE,20260123,160.9,160.9,0.0,0.0,0.0,155.5,155.5,0.0,0.0,1.0
JM2608-P-1200.DCE,20260123,134.0,134.0,0.0,0.0,0.0,128.5,128.5,0.0,0.0,1.0
JM2608-P-1160.DCE,20260123,109.5,109.5,0.0,0.0,0.0,103.2,103.2,0.0,0.0,1.0
JM2608-P-1120.DCE,20260123,87.5,87.5,0.0,0.0,0.0,80.1,80.1,0.0,0.0,0.0
JM2608-P-1080.DCE,20260123,68.4,68.4,0.0,0.0,0.0,59.4,59.4,0.0,0.0,0.0
JM2608-P-1040.DCE,20260123,52.1,52.1,0.0,0.0,0.0,41.4,41.4,0.0,0.0,0.0
JM2608-P-1000.DCE,20260123,38.6,38.6,0.0,0.0,0.0,26.6,26.6,0.0,0.0,0.0
JM2608-C-1400.DCE,20260123,64.2,64.2,0.0,0.0,0.0,73.7,73.7,0.0,0.0,1.0
JM2608-C-1360.DCE,20260123,71.0,71.0,0.0,0.0,0.0,81.3,81.3,0.0,0.0,1.0
JM2608-C-1320.DCE,20260123,78.8,78.8,0.0,0.0,0.0,89.9,89.9,0.0,0.0,1.0
JM2608-C-1280.DCE,20260123,87.9,87.9,0.0,0.0,0.0,99.6,99.6,0.0,0.0,1.0
JM2608-C-1240.DCE,20260123,98.8,98.8,0.0,0.0,0.0,110.8,110.8,0.0,0.0,1.0
JM2608-C-1200.DCE,20260123,111.6,111.6,0.0,0.0,0.0,123.5,123.5,0.0,0.0,0.0
JM2608-C-1160.DCE,20260123,126.9,126.9,0.0,0.0,0.0,138.0,138.0,0.0,0.0,0.0
JM2608-C-1120.DCE,20260123,144.7,144.7,0.0,0.0,0.0,154.6,154.6,0.0,0.0,0.0
JM2608-C-1080.DCE,20260123,165.4,165.4,0.0,0.0,0.0,173.7,173.7,0.0,0.0,0.0
JM2608-C-1040.DCE,20260123,188.8,188.8,0.0,0.0,0.0,195.6,195.6,0.0,0.0,0.0
JM2608-C-1000.DCE,20260123,215.1,215.1,0.0,0.0,0.0,220.5,220.5,0.0,0.0,0.0
JM2607-P-1400.DCE,20260123,297.8,297.8,0.0,0.0,0.0,291.3,291.3,0.0,0.0,3.0
JM2607-P-1360.DCE,20260123,264.4,264.4,0.0,0.0,0.0,258.0,258.0,0.0,0.0,3.0
JM2607-P-1320.DCE,20260123,231.9,231.9,0.0,0.0,0.0,225.6,225.6,0.0,0.0,3.0
JM2607-P-1280.DCE,20260123,200.5,200.5,0.0,0.0,0.0,194.1,194.1,0.0,0.0,4.0
JM2607-P-1240.DCE,20260123,170.4,170.4,0.0,0.0,0.0,163.9,163.9,0.0,0.0,4.0
JM2607-P-1200.DCE,20260123,141.8,141.8,0.0,0.0,0.0,135.1,135.1,0.0,0.0,4.0
JM2607-P-1160.DCE,20260123,115.1,115.1,0.0,0.0,0.0,108.1,108.1,0.0,0.0,2.0
JM2607-P-1120.DCE,20260123,90.7,90.7,0.0,0.0,0.0,83.4,83.4,0.0,0.0,2.0
JM2607-P-1080.DCE,20260123,69.2,69.2,0.0,0.0,0.0,63.2,63.2,0.0,0.0,2.0
JM2607-P-1040.DCE,20260123,51.3,51.3,0.0,0.0,0.0,48.0,48.0,0.0,0.0,1.0
JM2607-P-1000.DCE,20260123,37.1,37.1,0.0,0.0,0.0,35.6,35.6,0.0,0.0,0.0
JM2607-C-1400.DCE,20260123,57.9,57.9,0.0,0.0,0.0,71.8,71.8,0.0,0.0,3.0
JM2607-C-1360.DCE,20260123,64.3,64.3,0.0,0.0,0.0,78.3,78.3,0.0,0.0,3.0
JM2607-C-1320.DCE,20260123,71.6,71.6,0.0,0.0,0.0,85.7,85.7,0.0,0.0,1.0
JM2607-C-1280.DCE,20260123,80.1,80.1,0.0,0.0,0.0,94.1,94.1,0.0,0.0,1.0
JM2607-C-1240.DCE,20260123,89.8,89.8,0.0,0.0,0.0,103.7,103.7,0.0,0.0,0.0
JM2607-C-1200.DCE,20260123,101.0,101.0,0.0,0.0,0.0,114.7,114.7,0.0,0.0,0.0
JM2607-C-1160.DCE,20260123,114.1,114.1,0.0,0.0,0.0,127.5,127.5,0.0,0.0,0.0
JM2607-C-1120.DCE,20260123,129.5,129.5,0.0,0.0,0.0,142.6,142.6,0.0,0.0,0.0
JM2607-C-1080.DCE,20260123,147.8,147.8,0.0,0.0,0.0,162.2,162.2,0.0,0.0,0.0
JM2607-C-1040.DCE,20260123,169.7,169.7,0.0,0.0,0.0,186.8,186.8,0.0,0.0,0.0
JM2607-C-1000.DCE,20260123,195.4,195.4,0.0,0.0,0.0,214.3,214.3,0.0,0.0,0.0
JM2606-P-990.DCE,20260123,31.8,31.8,0.0,0.0,0.0,30.4,30.4,0.0,0.0,0.0
JM2606-P-1360.DCE,20260123,269.4,269.4,0.0,0.0,0.0,263.2,263.2,0.0,0.0,0.0
JM2606-P-1340.DCE,20260123,252.7,252.7,0.0,0.0,0.0,246.6,246.6,0.0,0.0,0.0
JM2606-P-1320.DCE,20260123,236.1,236.1,0.0,0.0,0.0,230.1,230.1,0.0,0.0,0.0
JM2606-P-1300.DCE,20260123,219.9,219.9,0.0,0.0,0.0,214.0,214.0,0.0,0.0,0.0
JM2606-P-1280.DCE,20260123,203.9,203.9,0.0,0.0,0.0,198.0,198.0,0.0,0.0,0.0
JM2606-P-1260.DCE,20260123,188.3,188.3,0.0,0.0,0.0,182.4,182.4,0.0,0.0,0.0
JM2606-P-1240.DCE,20260123,173.0,173.0,0.0,0.0,0.0,167.2,167.2,0.0,0.0,0.0
JM2606-P-1220.DCE,20260123,158.1,158.1,0.0,0.0,0.0,152.3,152.3,0.0,0.0,0.0
JM2606-P-1200.DCE,20260123,143.6,143.6,0.0,0.0,0.0,137.8,137.8,0.0,0.0,0.0
JM2606-P-1180.DCE,20260123,129.6,129.6,0.0,0.0,0.0,123.7,123.7,0.0,0.0,0.0
JM2606-P-1160.DCE,20260123,116.1,116.1,0.0,0.0,0.0,110.2,110.2,0.0,0.0,0.0
JM2606-P-1140.DCE,20260123,103.2,103.2,0.0,0.0,0.0,97.1,97.1,0.0,0.0,0.0
JM2606-P-1120.DCE,20260123,90.9,185.0,0.0,0.0,0.0,84.7,84.7,0.0,0.0,1.0
JM2606-P-1100.DCE,20260123,79.4,79.4,0.0,0.0,0.0,73.1,73.1,0.0,0.0,0.0
JM2606-P-1080.DCE,20260123,68.6,68.6,0.0,0.0,0.0,62.5,62.5,0.0,0.0,0.0
JM2606-P-1060.DCE,20260123,58.7,58.7,0.0,0.0,0.0,53.6,53.6,0.0,0.0,0.0
JM2606-P-1040.DCE,20260123,49.7,49.7,0.0,0.0,0.0,45.9,45.9,0.0,0.0,0.0
JM2606-P-1020.DCE,20260123,41.8,41.8,0.0,0.0,0.0,39.2,39.2,0.0,0.0,0.0
JM2606-P-1000.DCE,20260123,34.9,34.9,0.0,0.0,0.0,33.2,33.2,0.0,0.0,0.0
JM2606-C-990.DCE,20260123,179.3,179.3,0.0,0.0,0.0,195.8,195.8,0.0,0.0,0.0
JM2606-C-1360.DCE,20260123,48.3,48.3,0.0,0.0,0.0,60.0,60.0,0.0,0.0,1.0
JM2606-C-1340.DCE,20260123,51.4,51.4,0.0,0.0,0.0,63.2,63.2,0.0,0.0,1.0
JM2606-C-1320.DCE,20260123,54.8,54.8,0.0,0.0,0.0,66.7,66.7,0.0,0.0,0.0
JM2606-C-1300.DCE,20260123,58.5,57.4,149.4,149.4,70.0,70.0,70.5,8.0,4.39,12.0
JM2606-C-1280.DCE,20260123,62.4,62.4,0.0,0.0,0.0,74.5,74.5,0.0,0.0,0.0
JM2606-C-1260.DCE,20260123,66.7,66.7,0.0,0.0,0.0,78.8,78.8,0.0,0.0,0.0
JM2606-C-1240.DCE,20260123,71.3,71.3,0.0,0.0,0.0,83.5,83.5,0.0,0.0,0.0
JM2606-C-1220.DCE,20260123,76.4,76.4,0.0,0.0,0.0,88.5,88.5,0.0,0.0,0.0
JM2606-C-1200.DCE,20260123,81.8,81.8,0.0,0.0,0.0,93.9,93.9,0.0,0.0,0.0
JM2606-C-1180.DCE,20260123,87.8,87.8,0.0,0.0,0.0,99.8,99.8,0.0,0.0,0.0
JM2606-C-1160.DCE,20260123,94.2,94.2,0.0,0.0,0.0,106.2,106.2,0.0,0.0,0.0
JM2606-C-1140.DCE,20260123,101.2,101.2,0.0,0.0,0.0,113.0,113.0,0.0,0.0,0.0
JM2606-C-1120.DCE,20260123,108.9,108.9,0.0,0.0,0.0,120.6,120.6,0.0,0.0,0.0
JM2606-C-1100.DCE,20260123,117.2,117.2,0.0,0.0,0.0,128.8,128.8,0.0,0.0,0.0
JM2606-C-1080.DCE,20260123,126.3,126.3,0.0,0.0,0.0,138.2,138.2,0.0,0.0,0.0
JM2606-C-1060.DCE,20260123,136.4,136.4,0.0,0.0,0.0,149.2,149.2,0.0,0.0,0.0
JM2606-C-1040.DCE,20260123,147.4,147.4,0.0,0.0,0.0,161.5,161.5,0.0,0.0,0.0
JM2606-C-1020.DCE,20260123,159.4,159.4,0.0,0.0,0.0,174.6,174.6,0.0,0.0,0.0
JM2606-C-1000.DCE,20260123,172.4,172.4,0.0,0.0,0.0,188.6,188.6,0.0,0.0,0.0
JM2605-P-990.DCE,20260123,24.5,24.4,24.6,25.4,18.9,20.6,22.4,171.0,23.17,96.0
JM2605-P-980.DCE,20260123,21.8,22.1,22.6,22.6,16.7,18.2,20.1,189.0,22.32,156.0
JM2605-P-1340.DCE,20260123,247.7,247.7,0.0,0.0,0.0,238.4,238.4,0.0,0.0,1.0
JM2605-P-1320.DCE,20260123,230.7,230.7,0.0,0.0,0.0,221.6,221.6,0.0,0.0,0.0
JM2605-P-1300.DCE,20260123,213.9,213.9,0.0,0.0,0.0,205.1,205.1,0.0,0.0,0.0
JM2605-P-1280.DCE,20260123,197.5,197.5,0.0,0.0,0.0,188.9,188.9,0.0,0.0,181.0
JM2605-P-1260.DCE,20260123,181.4,181.4,167.8,167.8,157.8,157.8,173.1,13.0,12.43,240.0
JM2605-P-1240.DCE,20260123,165.7,165.7,165.6,165.6,165.6,165.6,157.6,4.0,3.97,286.0
JM2605-P-1220.DCE,20260123,150.5,150.5,147.8,150.5,128.2,132.1,142.5,150.0,126.7,246.0
JM2605-P-1200.DCE,20260123,135.7,132.2,130.7,135.2,112.6,121.7,127.9,160.0,119.22,314.0
JM2605-P-1180.DCE,20260123,121.4,118.3,118.0,121.0,100.0,106.0,113.8,228.0,153.07,275.0
JM2605-P-1160.DCE,20260123,107.7,103.3,100.0,108.2,88.8,95.5,100.3,259.0,148.56,522.0
JM2605-P-1140.DCE,20260123,94.7,92.1,93.0,94.6,77.8,80.3,87.4,412.0,208.04,419.0
JM2605-P-1120.DCE,20260123,82.3,80.5,78.3,83.0,66.0,71.1,75.2,335.0,149.19,872.0
JM2605-P-1100.DCE,20260123,70.8,69.3,68.3,71.7,55.4,59.1,63.8,732.0,278.21,546.0
JM2605-P-1080.DCE,20260123,60.0,59.1,57.8,60.8,47.4,51.8,53.3,197.0,61.2,406.0
JM2605-P-1060.DCE,20260123,50.3,49.7,45.5,51.4,40.2,43.2,44.2,351.0,92.86,366.0
JM2605-P-1040.DCE,20260123,41.5,41.5,41.6,43.2,32.0,34.8,36.7,1028.0,234.67,942.0
JM2605-P-1020.DCE,20260123,33.9,33.0,33.1,35.3,26.0,28.0,30.4,269.0,48.39,264.0
JM2605-P-1000.DCE,20260123,27.3,27.7,27.3,28.4,20.9,22.9,24.8,599.0,89.31,437.0
JM2605-C-990.DCE,20260123,159.1,159.1,0.0,0.0,0.0,175.9,175.9,0.0,0.0,0.0
JM2605-C-980.DCE,20260123,166.4,166.4,0.0,0.0,0.0,183.6,183.6,0.0,0.0,0.0
JM2605-C-1340.DCE,20260123,33.3,34.6,33.3,48.5,33.0,46.0,42.9,5487.0,1353.86,6159.0
JM2605-C-1320.DCE,20260123,36.2,35.6,38.4,53.0,37.7,51.3,46.0,147.0,41.83,424.0
JM2605-C-1300.DCE,20260123,39.4,40.3,42.0,57.6,39.9,54.0,49.5,1508.0,431.7,2529.0
JM2605-C-1280.DCE,20260123,42.9,42.4,44.3,61.2,44.3,56.4,53.2,330.0,106.66,230.0
JM2605-C-1260.DCE,20260123,46.8,47.5,47.9,67.0,47.8,60.1,57.3,242.0,86.07,356.0
JM2605-C-1240.DCE,20260123,51.0,53.0,52.3,72.4,51.3,66.0,61.8,383.0,148.46,414.0
JM2605-C-1220.DCE,20260123,55.7,57.6,56.8,76.7,56.5,70.0,66.7,342.0,135.07,360.0
JM2605-C-1200.DCE,20260123,60.9,63.5,63.0,84.6,61.5,78.0,72.1,4426.0,1915.49,3075.0
JM2605-C-1180.DCE,20260123,66.5,70.9,74.3,90.5,67.8,84.9,77.9,457.0,218.31,497.0
JM2605-C-1160.DCE,20260123,72.8,74.6,77.2,99.0,74.3,91.8,84.3,337.0,174.48,683.0
JM2605-C-1140.DCE,20260123,79.7,82.6,88.0,107.0,74.5,99.0,91.4,909.0,506.07,389.0
JM2605-C-1120.DCE,20260123,87.3,91.2,92.7,116.8,82.6,108.0,99.1,312.0,186.78,685.0
JM2605-C-1100.DCE,20260123,95.7,98.2,102.0,125.4,97.7,115.9,107.6,90.0,58.33,206.0
JM2605-C-1080.DCE,20260123,104.9,104.9,108.0,136.5,106.7,126.8,117.1,64.0,46.68,267.0
JM2605-C-1060.DCE,20260123,115.1,114.1,119.8,140.6,119.8,140.6,128.0,41.0,31.27,19.0
JM2605-C-1040.DCE,20260123,126.3,130.4,0.0,0.0,0.0,140.4,140.4,0.0,0.0,41.0
JM2605-C-1020.DCE,20260123,138.6,138.6,0.0,0.0,0.0,154.0,154.0,0.0,0.0,4.0
JM2605-C-1000.DCE,20260123,152.0,158.0,0.0,0.0,0.0,168.4,168.4,0.0,0.0,23.0
JM2604-P-990.DCE,20260123,23.0,22.6,19.7,22.7,16.5,18.0,19.7,844.0,99.75,1648.0
JM2604-P-980.DCE,20260123,19.8,19.7,18.9,19.1,14.4,15.2,16.8,283.0,28.11,405.0
JM2604-P-970.DCE,20260123,16.9,16.3,16.4,16.4,12.2,13.1,14.2,74.0,6.19,253.0
JM2604-P-960.DCE,20260123,14.3,13.9,13.1,13.8,10.3,11.0,11.9,292.0,21.38,387.0
JM2604-P-950.DCE,20260123,12.1,11.2,10.1,10.1,10.1,10.1,9.9,1.0,0.06,66.0
JM2604-P-940.DCE,20260123,10.1,9.8,8.3,8.3,7.9,8.0,8.2,141.0,6.86,33.0
JM2604-P-930.DCE,20260123,8.4,7.8,8.4,8.4,6.2,6.4,6.8,137.0,5.72,91.0
JM2604-P-1280.DCE,20260123,227.8,227.8,312.6,312.6,206.8,214.7,216.8,3.0,4.4,1.0
JM2604-P-1260.DCE,20260123,210.0,210.0,0.0,0.0,0.0,199.3,199.3,0.0,0.0,1.0
JM2604-P-1240.DCE,20260123,192.3,192.3,0.0,0.0,0.0,182.0,182.0,0.0,0.0,0.0
JM2604-P-1220.DCE,20260123,175.0,175.0,0.0,0.0,0.0,165.1,165.1,0.0,0.0,108.0
JM2604-P-1200.DCE,20260123,158.0,158.0,0.0,0.0,0.0,148.6,148.6,0.0,0.0,89.0
JM2604-P-1180.DCE,20260123,141.5,141.5,0.0,0.0,0.0,132.5,132.5,0.0,0.0,107.0
JM2604-P-1160.DCE,20260123,125.4,125.2,123.7,123.7,107.0,115.1,116.9,193.0,136.17,187.0
JM2604-P-1140.DCE,20260123,109.9,108.3,108.6,108.6,93.9,99.5,101.9,185.0,113.61,187.0
JM2604-P-1120.DCE,20260123,95.0,93.0,94.4,94.4,79.4,85.0,87.6,111.0,58.86,177.0
JM2604-P-1100.DCE,20260123,80.9,80.8,80.3,80.5,66.0,71.0,74.2,225.0,101.15,244.0
JM2604-P-1080.DCE,20260123,67.7,64.9,66.9,67.6,54.2,59.5,61.6,324.0,120.87,199.0
JM2604-P-1060.DCE,20260123,55.5,54.5,52.3,54.8,43.4,48.0,50.1,164.0,48.83,380.0
JM2604-P-1040.DCE,20260123,44.5,43.7,44.2,44.2,34.0,38.1,39.8,205.0,48.91,363.0
JM2604-P-1020.DCE,20260123,34.9,34.6,33.5,35.2,26.1,29.1,30.7,138.0,24.72,286.0
JM2604-P-1000.DCE,20260123,26.6,25.8,25.3,26.7,19.6,21.1,23.0,2392.0,332.88,1399.0
JM2604-C-990.DCE,20260123,105.9,114.9,110.6,164.9,110.0,123.2,119.1,27.0,20.85,19.0
JM2604-C-980.DCE,20260123,112.6,112.6,0.0,0.0,0.0,126.1,126.1,0.0,0.0,0.0
JM2604-C-970.DCE,20260123,119.7,119.7,0.0,0.0,0.0,133.5,133.5,0.0,0.0,0.0
JM2604-C-960.DCE,20260123,127.1,127.1,0.0,0.0,0.0,141.1,141.1,0.0,0.0,0.0
JM2604-C-950.DCE,20260123,134.8,134.8,0.0,0.0,0.0,149.2,149.2,0.0,0.0,0.0
JM2604-C-940.DCE,20260123,142.9,142.9,0.0,0.0,0.0,157.5,157.5,0.0,0.0,0.0
JM2604-C-930.DCE,20260123,151.1,146.8,0.0,0.0,0.0,166.0,166.0,0.0,0.0,1.0
JM2604-C-1280.DCE,20260123,21.1,22.4,21.1,36.1,20.0,31.0,26.6,21854.0,3675.06,8056.0
JM2604-C-1260.DCE,20260123,23.2,22.3,23.5,37.1,22.9,31.6,29.0,158.0,27.02,229.0
JM2604-C-1240.DCE,20260123,25.6,26.4,26.2,40.0,25.9,35.1,31.7,222.0,41.33,232.0
JM2604-C-1220.DCE,20260123,28.2,27.3,28.9,42.7,28.1,37.8,34.8,296.0,58.56,209.0
JM2604-C-1200.DCE,20260123,31.2,33.0,34.9,48.3,31.2,43.0,38.2,5045.0,1183.5,2894.0
JM2604-C-1180.DCE,20260123,34.6,39.3,35.3,51.6,34.5,45.3,42.1,141.0,36.5,234.0
JM2604-C-1160.DCE,20260123,38.5,39.1,39.9,56.7,38.2,48.3,46.5,139.0,38.1,195.0
JM2604-C-1140.DCE,20260123,43.0,45.1,46.0,62.9,42.9,55.3,51.5,607.0,186.36,613.0
JM2604-C-1120.DCE,20260123,48.0,47.3,49.9,68.0,48.0,60.3,57.2,196.0,68.19,275.0
JM2604-C-1100.DCE,20260123,53.9,54.3,57.7,76.5,53.8,66.0,63.7,746.0,288.61,327.0
JM2604-C-1080.DCE,20260123,60.7,61.1,63.0,83.8,60.3,74.0,71.1,475.0,194.53,323.0
JM2604-C-1060.DCE,20260123,68.5,68.0,70.5,92.0,68.2,83.3,79.5,119.0,56.95,128.0
JM2604-C-1040.DCE,20260123,77.5,78.2,79.1,103.5,78.2,95.0,89.2,107.0,59.0,123.0
JM2604-C-1020.DCE,20260123,87.8,87.3,90.0,114.4,90.0,105.0,100.1,55.0,33.43,120.0
JM2604-C-1000.DCE,20260123,99.5,104.7,101.6,127.6,100.4,115.3,112.4,99.0,66.23,52.0
JM2701-P-1600.DCE,20260122,374.7,374.7,0.0,0.0,0.0,367.9,367.9,0.0,0.0,0.0
JM2701-P-1560.DCE,20260122,342.3,342.3,0.0,0.0,0.0,335.1,335.1,0.0,0.0,0.0
JM2701-P-1520.DCE,20260122,310.7,310.7,0.0,0.0,0.0,303.1,303.1,0.0,0.0,0.0
JM2701-P-1480.DCE,20260122,279.8,279.8,0.0,0.0,0.0,272.1,272.1,0.0,0.0,0.0
JM2701-P-1440.DCE,20260122,250.0,250.0,0.0,0.0,0.0,242.3,242.3,0.0,0.0,0.0
JM2701-P-1400.DCE,20260122,221.2,221.2,0.0,0.0,0.0,214.0,214.0,0.0,0.0,0.0
JM2701-P-1360.DCE,20260122,193.8,193.8,0.0,0.0,0.0,187.2,187.2,0.0,0.0,0.0
JM2701-P-1320.DCE,20260122,167.9,167.9,0.0,0.0,0.0,162.4,162.4,0.0,0.0,0.0
JM2701-P-1280.DCE,20260122,143.8,143.8,0.0,0.0,0.0,139.4,139.4,0.0,0.0,0.0
JM2701-P-1240.DCE,20260122,121.6,121.6,0.0,0.0,0.0,118.5,118.5,0.0,0.0,0.0
JM2701-P-1200.DCE,20260122,101.6,101.6,0.0,0.0,0.0,99.6,99.6,0.0,0.0,0.0
JM2701-P-1160.DCE,20260122,83.7,,97.3,97.3,78.9,78.9,82.7,2.0,1.06,1.0
JM2701-C-1600.DCE,20260122,132.6,132.6,0.0,0.0,0.0,132.3,132.3,0.0,0.0,0.0
JM2701-C-1560.DCE,20260122,139.8,139.8,76.2,132.6,76.2,132.6,139.1,2.0,1.25,1.0
JM2701-C-1520.DCE,20260122,147.8,147.8,0.0,0.0,0.0,146.7,146.7,0.0,0.0,0.0
JM2701-C-1480.DCE,20260122,156.6,156.6,0.0,0.0,0.0,155.3,155.3,0.0,0.0,0.0
JM2701-C-1440.DCE,20260122,166.3,166.3,0.0,0.0,0.0,165.1,165.1,0.0,0.0,0.0
JM2701-C-1400.DCE,20260122,177.2,177.2,0.0,0.0,0.0,176.4,176.4,0.0,0.0,0.0
JM2701-C-1360.DCE,20260122,189.4,189.4,0.0,0.0,0.0,189.2,189.2,0.0,0.0,0.0
JM2701-C-1320.DCE,20260122,203.1,203.1,0.0,0.0,0.0,203.9,203.9,0.0,0.0,0.0
JM2701-C-1280.DCE,20260122,218.5,218.5,0.0,0.0,0.0,220.6,220.6,0.0,0.0,0.0
JM2701-C-1240.DCE,20260122,235.9,235.9,0.0,0.0,0.0,239.3,239.3,0.0,0.0,0.0
JM2701-C-1200.DCE,20260122,255.5,255.5,0.0,0.0,0.0,260.0,260.0,0.0,0.0,0.0
JM2701-C-1160.DCE,20260122,277.3,,0.0,0.0,0.0,282.7,282.7,0.0,0.0,0.0
JM2612-P-1480.DCE,20260122,342.1,342.1,0.0,0.0,0.0,335.0,335.0,0.0,0.0,0.0
JM2612-P-1440.DCE,20260122,309.7,309.7,0.0,0.0,0.0,302.1,302.1,0.0,0.0,0.0
JM2612-P-1400.DCE,20260122,278.1,278.1,0.0,0.0,0.0,270.2,270.2,0.0,0.0,0.0
JM2612-P-1360.DCE,20260122,247.4,247.4,0.0,0.0,0.0,239.5,239.5,0.0,0.0,0.0
JM2612-P-1320.DCE,20260122,217.8,217.8,0.0,0.0,0.0,210.0,210.0,0.0,0.0,0.0
JM2612-P-1280.DCE,20260122,189.5,189.5,0.0,0.0,0.0,182.3,182.3,0.0,0.0,0.0
JM2612-P-1240.DCE,20260122,162.8,162.8,0.0,0.0,0.0,156.4,156.4,0.0,0.0,0.0
JM2612-P-1200.DCE,20260122,137.8,137.8,0.0,0.0,0.0,132.6,132.6,0.0,0.0,1.0
JM2612-P-1160.DCE,20260122,114.9,114.9,0.0,0.0,0.0,111.0,111.0,0.0,0.0,1.0
JM2612-P-1120.DCE,20260122,94.4,94.4,0.0,0.0,0.0,91.6,91.6,0.0,0.0,1.0
JM2612-P-1080.DCE,20260122,76.2,,0.0,0.0,0.0,74.5,74.5,0.0,0.0,0.0
JM2612-C-1480.DCE,20260122,112.2,112.2,0.0,0.0,0.0,112.5,112.5,0.0,0.0,1.0
JM2612-C-1440.DCE,20260122,119.4,119.4,0.0,0.0,0.0,119.3,119.3,0.0,0.0,0.0
JM2612-C-1400.DCE,20260122,127.5,127.5,0.0,0.0,0.0,127.1,127.1,0.0,0.0,0.0
JM2612-C-1360.DCE,20260122,136.4,136.4,0.0,0.0,0.0,135.9,135.9,0.0,0.0,1.0
JM2612-C-1320.DCE,20260122,146.5,146.5,0.0,0.0,0.0,146.1,146.1,0.0,0.0,1.0
JM2612-C-1280.DCE,20260122,157.8,157.8,0.0,0.0,0.0,158.0,158.0,0.0,0.0,1.0
JM2612-C-1240.DCE,20260122,170.7,170.7,0.0,0.0,0.0,171.7,171.7,0.0,0.0,1.0
JM2612-C-1200.DCE,20260122,185.4,185.4,0.0,0.0,0.0,187.5,187.5,0.0,0.0,1.0
JM2612-C-1160.DCE,20260122,202.1,202.1,0.0,0.0,0.0,205.6,205.6,0.0,0.0,1.0
JM2612-C-1120.DCE,20260122,221.2,221.2,0.0,0.0,0.0,225.9,225.9,0.0,0.0,1.0
JM2612-C-1080.DCE,20260122,242.6,,0.0,0.0,0.0,248.4,248.4,0.0,0.0,0.0
JM2611-P-1480.DCE,20260122,343.7,343.7,0.0,0.0,0.0,336.7,336.7,0.0,0.0,1.0
JM2611-P-1440.DCE,20260122,311.0,311.0,0.0,0.0,0.0,303.6,303.6,0.0,0.0,1.0
JM2611-P-1400.DCE,20260122,279.1,279.1,0.0,0.0,0.0,271.5,271.5,0.0,0.0,1.0
JM2611-P-1360.DCE,20260122,248.1,248.1,0.0,0.0,0.0,240.3,240.3,0.0,0.0,1.0
JM2611-P-1320.DCE,20260122,218.3,218.3,0.0,0.0,0.0,210.5,210.5,0.0,0.0,0.0
JM2611-P-1280.DCE,20260122,189.7,189.7,0.0,0.0,0.0,182.3,182.3,0.0,0.0,0.0
JM2611-P-1240.DCE,20260122,162.6,162.6,0.0,0.0,0.0,156.0,156.0,0.0,0.0,0.0
JM2611-P-1200.DCE,20260122,137.3,137.3,0.0,0.0,0.0,131.8,131.8,0.0,0.0,0.0
JM2611-P-1160.DCE,20260122,114.1,114.1,0.0,0.0,0.0,109.8,109.8,0.0,0.0,0.0
JM2611-P-1120.DCE,20260122,93.2,93.2,0.0,0.0,0.0,90.2,90.2,0.0,0.0,0.0
JM2611-P-1080.DCE,20260122,74.8,74.8,0.0,0.0,0.0,72.8,72.8,0.0,0.0,0.0
JM2611-C-1480.DCE,20260122,100.7,100.7,0.0,0.0,0.0,101.2,101.2,0.0,0.0,1.0
JM2611-C-1440.DCE,20260122,107.7,107.7,0.0,0.0,0.0,107.8,107.8,0.0,0.0,1.0
JM2611-C-1400.DCE,20260122,115.5,115.5,0.0,0.0,0.0,115.3,115.3,0.0,0.0,1.0
JM2611-C-1360.DCE,20260122,124.2,124.2,0.0,0.0,0.0,123.8,123.8,0.0,0.0,0.0
JM2611-C-1320.DCE,20260122,134.0,134.0,0.0,0.0,0.0,133.7,133.7,0.0,0.0,0.0
JM2611-C-1280.DCE,20260122,145.1,145.1,0.0,0.0,0.0,145.2,145.2,0.0,0.0,0.0
JM2611-C-1240.DCE,20260122,157.6,157.6,0.0,0.0,0.0,158.5,158.5,0.0,0.0,0.0
JM2611-C-1200.DCE,20260122,172.0,172.0,0.0,0.0,0.0,173.9,173.9,0.0,0.0,0.0
JM2611-C-1160.DCE,20260122,188.5,188.5,0.0,0.0,0.0,191.6,191.6,0.0,0.0,0.0
JM2611-C-1120.DCE,20260122,207.2,207.2,0.0,0.0,0.0,211.6,211.6,0.0,0.0,1.0
JM2611-C-1080.DCE,20260122,228.4,228.4,0.0,0.0,0.0,234.0,234.0,0.0,0.0,0.0
JM2610-P-1440.DCE,20260122,312.7,312.7,0.0,0.0,0.0,309.2,309.2,0.0,0.0,1.0
JM2610-P-1400.DCE,20260122,280.3,280.3,0.0,0.0,0.0,276.4,276.4,0.0,0.0,1.0
JM2610-P-1360.DCE,20260122,248.9,248.9,0.0,0.0,0.0,244.6,244.6,0.0,0.0,1.0
JM2610-P-1320.DCE,20260122,218.5,218.5,0.0,0.0,0.0,214.1,214.1,0.0,0.0,0.0
JM2610-P-1280.DCE,20260122,189.5,189.5,0.0,0.0,0.0,185.0,185.0,0.0,0.0,0.0
JM2610-P-1240.DCE,20260122,161.9,161.9,0.0,0.0,0.0,157.8,157.8,0.0,0.0,0.0
JM2610-P-1200.DCE,20260122,136.1,136.1,0.0,0.0,0.0,132.6,132.6,0.0,0.0,0.0
JM2610-P-1160.DCE,20260122,112.4,116.7,0.0,0.0,0.0,109.8,109.8,0.0,0.0,1.0
JM2610-P-1120.DCE,20260122,91.0,94.1,0.0,0.0,0.0,89.4,89.4,0.0,0.0,1.0
JM2610-P-1080.DCE,20260122,72.2,72.2,0.0,0.0,0.0,71.4,71.4,0.0,0.0,0.0
JM2610-P-1040.DCE,20260122,56.1,,0.0,0.0,0.0,56.0,56.0,0.0,0.0,0.0
JM2610-C-1440.DCE,20260122,90.3,90.3,0.0,0.0,0.0,89.3,89.3,0.0,0.0,1.0
JM2610-C-1400.DCE,20260122,97.7,97.7,0.0,0.0,0.0,96.3,96.3,0.0,0.0,1.0
JM2610-C-1360.DCE,20260122,106.0,106.0,0.0,0.0,0.0,104.2,104.2,0.0,0.0,0.0
JM2610-C-1320.DCE,20260122,115.3,115.3,0.0,0.0,0.0,113.3,113.3,0.0,0.0,0.0
JM2610-C-1280.DCE,20260122,126.0,126.0,0.0,0.0,0.0,124.0,124.0,0.0,0.0,0.0
JM2610-C-1240.DCE,20260122,138.1,138.1,0.0,0.0,0.0,136.4,136.4,0.0,0.0,0.0
JM2610-C-1200.DCE,20260122,152.0,152.0,0.0,0.0,0.0,151.0,151.0,0.0,0.0,0.0
JM2610-C-1160.DCE,20260122,168.0,168.0,0.0,0.0,0.0,167.8,167.8,0.0,0.0,0.0
JM2610-C-1120.DCE,20260122,186.3,186.3,0.0,0.0,0.0,187.1,187.1,0.0,0.0,1.0
JM2610-C-1080.DCE,20260122,207.2,207.2,0.0,0.0,0.0,208.9,208.9,0.0,0.0,0.0
JM2610-C-1040.DCE,20260122,230.8,,0.0,0.0,0.0,233.2,233.2,0.0,0.0,0.0
JM2609-P-1440.DCE,20260122,319.1,319.1,0.0,0.0,0.0,316.1,316.1,0.0,0.0,1.0
JM2609-P-1400.DCE,20260122,286.2,286.2,285.9,285.9,285.9,285.9,282.7,1.0,1.72,2.0
JM2609-P-1360.DCE,20260122,254.1,254.1,253.9,253.9,253.9,253.9,250.2,1.0,1.52,2.0
JM2609-P-1320.DCE,20260122,223.1,223.1,222.9,222.9,222.9,222.9,218.9,1.0,1.34,2.0
JM2609-P-1280.DCE,20260122,193.4,195.1,193.0,193.0,193.0,193.0,189.1,1.0,1.16,3.0
JM2609-P-1240.DCE,20260122,165.1,166.7,164.6,164.6,164.6,164.6,160.9,1.0,0.99,3.0
JM2609-P-1200.DCE,20260122,138.5,141.7,138.3,138.3,138.3,138.3,134.8,1.0,0.83,4.0
JM2609-P-1160.DCE,20260122,114.0,110.4,113.2,113.2,109.0,109.0,111.0,5.0,3.32,7.0
JM2609-P-1120.DCE,20260122,91.9,90.2,89.9,89.9,89.7,89.7,89.8,2.0,1.08,22.0
JM2609-P-1080.DCE,20260122,72.3,75.7,71.6,71.7,71.6,71.7,71.1,2.0,0.86,19.0
JM2609-P-1040.DCE,20260122,55.6,,54.4,55.5,54.4,55.5,55.1,2.0,0.66,2.0
JM2609-C-1440.DCE,20260122,74.7,76.0,73.2,75.0,71.5,75.0,74.1,8.0,3.56,18.0
JM2609-C-1400.DCE,20260122,81.5,81.5,85.0,85.0,78.0,78.0,80.5,7.0,3.38,65.0
JM2609-C-1360.DCE,20260122,89.2,96.8,87.7,87.7,85.6,85.6,87.8,8.0,4.17,30.0
JM2609-C-1320.DCE,20260122,98.0,93.7,96.5,96.5,94.2,94.2,96.2,2.0,1.14,6.0
JM2609-C-1280.DCE,20260122,107.9,113.1,106.0,106.0,103.8,103.9,106.1,5.0,3.13,26.0
JM2609-C-1240.DCE,20260122,119.4,115.7,115.2,115.2,115.2,115.2,117.7,1.0,0.69,3.0
JM2609-C-1200.DCE,20260122,132.6,128.9,128.1,128.1,128.1,128.1,131.3,1.0,0.77,3.0
JM2609-C-1160.DCE,20260122,147.8,144.0,0.0,0.0,0.0,147.3,147.3,0.0,0.0,1.0
JM2609-C-1120.DCE,20260122,165.4,165.4,0.0,0.0,0.0,165.7,165.7,0.0,0.0,0.0
JM2609-C-1080.DCE,20260122,185.6,185.6,0.0,0.0,0.0,186.9,186.9,0.0,0.0,0.0
JM2609-C-1040.DCE,20260122,208.5,,0.0,0.0,0.0,210.6,210.6,0.0,0.0,0.0
JM2608-P-1400.DCE,20260122,289.8,289.8,0.0,0.0,0.0,285.5,285.5,0.0,0.0,1.0
JM2608-P-1360.DCE,20260122,257.1,257.1,0.0,0.0,0.0,252.5,252.5,0.0,0.0,1.0
JM2608-P-1320.DCE,20260122,225.4,225.4,0.0,0.0,0.0,220.5,220.5,0.0,0.0,1.0
JM2608-P-1280.DCE,20260122,194.9,194.9,0.0,0.0,0.0,189.9,189.9,0.0,0.0,1.0
JM2608-P-1240.DCE,20260122,165.9,165.9,0.0,0.0,0.0,160.9,160.9,0.0,0.0,1.0
JM2608-P-1200.DCE,20260122,138.6,138.6,0.0,0.0,0.0,134.0,134.0,0.0,0.0,1.0
JM2608-P-1160.DCE,20260122,113.4,113.4,0.0,0.0,0.0,109.5,109.5,0.0,0.0,1.0
JM2608-P-1120.DCE,20260122,90.6,90.6,0.0,0.0,0.0,87.5,87.5,0.0,0.0,0.0
JM2608-P-1080.DCE,20260122,70.5,70.5,0.0,0.0,0.0,68.4,68.4,0.0,0.0,0.0
JM2608-P-1040.DCE,20260122,53.3,53.3,0.0,0.0,0.0,52.1,52.1,0.0,0.0,0.0
JM2608-P-1000.DCE,20260122,39.1,,0.0,0.0,0.0,38.6,38.6,0.0,0.0,0.0
JM2608-C-1400.DCE,20260122,64.6,64.6,0.0,0.0,0.0,64.2,64.2,0.0,0.0,1.0
JM2608-C-1360.DCE,20260122,71.6,71.6,0.0,0.0,0.0,71.0,71.0,0.0,0.0,1.0
JM2608-C-1320.DCE,20260122,79.7,79.7,0.0,0.0,0.0,78.8,78.8,0.0,0.0,1.0
JM2608-C-1280.DCE,20260122,89.0,89.0,0.0,0.0,0.0,87.9,87.9,0.0,0.0,1.0
JM2608-C-1240.DCE,20260122,99.8,99.8,0.0,0.0,0.0,98.8,98.8,0.0,0.0,1.0
JM2608-C-1200.DCE,20260122,112.3,112.3,0.0,0.0,0.0,111.6,111.6,0.0,0.0,0.0
JM2608-C-1160.DCE,20260122,126.8,126.8,0.0,0.0,0.0,126.9,126.9,0.0,0.0,0.0
JM2608-C-1120.DCE,20260122,143.8,143.8,0.0,0.0,0.0,144.7,144.7,0.0,0.0,0.0
JM2608-C-1080.DCE,20260122,163.5,163.5,0.0,0.0,0.0,165.4,165.4,0.0,0.0,0.0
JM2608-C-1040.DCE,20260122,186.0,186.0,0.0,0.0,0.0,188.8,188.8,0.0,0.0,0.0
JM2608-C-1000.DCE,20260122,211.6,,0.0,0.0,0.0,215.1,215.1,0.0,0.0,0.0
JM2607-P-1400.DCE,20260122,302.6,302.6,0.0,0.0,0.0,297.8,297.8,0.0,0.0,3.0
JM2607-P-1360.DCE,20260122,269.1,269.1,0.0,0.0,0.0,264.4,264.4,0.0,0.0,3.0
JM2607-P-1320.DCE,20260122,236.4,236.4,0.0,0.0,0.0,231.9,231.9,0.0,0.0,3.0
JM2607-P-1280.DCE,20260122,204.9,204.9,0.0,0.0,0.0,200.5,200.5,0.0,0.0,4.0
JM2607-P-1240.DCE,20260122,174.7,174.7,0.0,0.0,0.0,170.4,170.4,0.0,0.0,4.0
JM2607-P-1200.DCE,20260122,146.1,146.1,0.0,0.0,0.0,141.8,141.8,0.0,0.0,4.0
JM2607-P-1160.DCE,20260122,119.3,119.3,0.0,0.0,0.0,115.1,115.1,0.0,0.0,2.0
JM2607-P-1120.DCE,20260122,94.6,94.6,0.0,0.0,0.0,90.7,90.7,0.0,0.0,2.0
JM2607-P-1080.DCE,20260122,72.5,72.5,0.0,0.0,0.0,69.2,69.2,0.0,0.0,2.0
JM2607-P-1040.DCE,20260122,53.1,53.1,0.0,0.0,0.0,51.3,51.3,0.0,0.0,1.0
JM2607-P-1000.DCE,20260122,36.8,,0.0,0.0,0.0,37.1,37.1,0.0,0.0,0.0
JM2607-C-1400.DCE,20260122,59.2,59.2,0.0,0.0,0.0,57.9,57.9,0.0,0.0,3.0
JM2607-C-1360.DCE,20260122,65.5,65.5,0.0,0.0,0.0,64.3,64.3,0.0,0.0,3.0
JM2607-C-1320.DCE,20260122,72.7,72.7,0.0,0.0,0.0,71.6,71.6,0.0,0.0,1.0
JM2607-C-1280.DCE,20260122,81.0,81.0,0.0,0.0,0.0,80.1,80.1,0.0,0.0,1.0
JM2607-C-1240.DCE,20260122,90.6,90.6,0.0,0.0,0.0,89.8,89.8,0.0,0.0,0.0
JM2607-C-1200.DCE,20260122,101.8,101.8,0.0,0.0,0.0,101.0,101.0,0.0,0.0,0.0
JM2607-C-1160.DCE,20260122,114.8,114.8,0.0,0.0,0.0,114.1,114.1,0.0,0.0,0.0
JM2607-C-1120.DCE,20260122,129.9,129.9,0.0,0.0,0.0,129.5,129.5,0.0,0.0,0.0
JM2607-C-1080.DCE,20260122,147.6,147.6,0.0,0.0,0.0,147.8,147.8,0.0,0.0,0.0
JM2607-C-1040.DCE,20260122,168.0,168.0,0.0,0.0,0.0,169.7,169.7,0.0,0.0,0.0
JM2607-C-1000.DCE,20260122,191.6,,0.0,0.0,0.0,195.4,195.4,0.0,0.0,0.0
JM2606-P-990.DCE,20260122,32.2,,0.0,0.0,0.0,31.8,31.8,0.0,0.0,0.0
JM2606-P-1360.DCE,20260122,274.4,274.4,0.0,0.0,0.0,269.4,269.4,0.0,0.0,0.0
JM2606-P-1340.DCE,20260122,257.6,257.6,0.0,0.0,0.0,252.7,252.7,0.0,0.0,0.0
JM2606-P-1320.DCE,20260122,241.0,241.0,0.0,0.0,0.0,236.1,236.1,0.0,0.0,0.0
JM2606-P-1300.DCE,20260122,224.6,224.6,0.0,0.0,0.0,219.9,219.9,0.0,0.0,0.0
JM2606-P-1280.DCE,20260122,208.6,208.6,0.0,0.0,0.0,203.9,203.9,0.0,0.0,0.0
JM2606-P-1260.DCE,20260122,192.9,192.9,0.0,0.0,0.0,188.3,188.3,0.0,0.0,0.0
JM2606-P-1240.DCE,20260122,177.6,177.6,0.0,0.0,0.0,173.0,173.0,0.0,0.0,0.0
JM2606-P-1220.DCE,20260122,162.6,162.6,0.0,0.0,0.0,158.1,158.1,0.0,0.0,0.0
JM2606-P-1200.DCE,20260122,148.1,148.1,0.0,0.0,0.0,143.6,143.6,0.0,0.0,0.0
JM2606-P-1180.DCE,20260122,134.0,134.0,0.0,0.0,0.0,129.6,129.6,0.0,0.0,0.0
JM2606-P-1160.DCE,20260122,120.5,120.5,0.0,0.0,0.0,116.1,116.1,0.0,0.0,0.0
JM2606-P-1140.DCE,20260122,107.5,107.5,0.0,0.0,0.0,103.2,103.2,0.0,0.0,0.0
JM2606-P-1120.DCE,20260122,95.1,95.1,185.0,185.0,185.0,185.0,90.9,1.0,1.11,1.0
JM2606-P-1100.DCE,20260122,83.3,83.3,0.0,0.0,0.0,79.4,79.4,0.0,0.0,0.0
JM2606-P-1080.DCE,20260122,72.3,72.3,0.0,0.0,0.0,68.6,68.6,0.0,0.0,0.0
JM2606-P-1060.DCE,20260122,62.0,62.0,0.0,0.0,0.0,58.7,58.7,0.0,0.0,0.0
JM2606-P-1040.DCE,20260122,52.4,52.4,0.0,0.0,0.0,49.7,49.7,0.0,0.0,0.0
JM2606-P-1020.DCE,20260122,43.7,43.7,0.0,0.0,0.0,41.8,41.8,0.0,0.0,0.0
JM2606-P-1000.DCE,20260122,35.8,,0.0,0.0,0.0,34.9,34.9,0.0,0.0,0.0
JM2606-C-990.DCE,20260122,175.7,,0.0,0.0,0.0,179.3,179.3,0.0,0.0,0.0
JM2606-C-1360.DCE,20260122,49.2,49.2,0.0,0.0,0.0,48.3,48.3,0.0,0.0,1.0
JM2606-C-1340.DCE,20260122,52.3,52.3,0.0,0.0,0.0,51.4,51.4,0.0,0.0,1.0
JM2606-C-1320.DCE,20260122,55.6,55.6,0.0,0.0,0.0,54.8,54.8,0.0,0.0,0.0
JM2606-C-1300.DCE,20260122,59.2,59.2,56.9,57.4,56.9,57.4,58.5,4.0,1.37,12.0
JM2606-C-1280.DCE,20260122,63.1,63.1,0.0,0.0,0.0,62.4,62.4,0.0,0.0,0.0
JM2606-C-1260.DCE,20260122,67.4,67.4,0.0,0.0,0.0,66.7,66.7,0.0,0.0,0.0
JM2606-C-1240.DCE,20260122,71.9,71.9,0.0,0.0,0.0,71.3,71.3,0.0,0.0,0.0
JM2606-C-1220.DCE,20260122,76.9,76.9,0.0,0.0,0.0,76.4,76.4,0.0,0.0,0.0
JM2606-C-1200.DCE,20260122,82.3,82.3,0.0,0.0,0.0,81.8,81.8,0.0,0.0,0.0
JM2606-C-1180.DCE,20260122,88.2,88.2,0.0,0.0,0.0,87.8,87.8,0.0,0.0,0.0
JM2606-C-1160.DCE,20260122,94.6,94.6,0.0,0.0,0.0,94.2,94.2,0.0,0.0,0.0
JM2606-C-1140.DCE,20260122,101.5,101.5,0.0,0.0,0.0,101.2,101.2,0.0,0.0,0.0
JM2606-C-1120.DCE,20260122,109.0,109.0,0.0,0.0,0.0,108.9,108.9,0.0,0.0,0.0
JM2606-C-1100.DCE,20260122,117.2,117.2,0.0,0.0,0.0,117.2,117.2,0.0,0.0,0.0
JM2606-C-1080.DCE,20260122,126.0,126.0,0.0,0.0,0.0,126.3,126.3,0.0,0.0,0.0
JM2606-C-1060.DCE,20260122,135.7,135.7,0.0,0.0,0.0,136.4,136.4,0.0,0.0,0.0
JM2606-C-1040.DCE,20260122,146.0,146.0,0.0,0.0,0.0,147.4,147.4,0.0,0.0,0.0
JM2606-C-1020.DCE,20260122,157.2,157.2,0.0,0.0,0.0,159.4,159.4,0.0,0.0,0.0
JM2606-C-1000.DCE,20260122,169.3,,0.0,0.0,0.0,172.4,172.4,0.0,0.0,0.0
JM2605-P-990.DCE,20260122,25.8,,24.7,25.5,23.6,24.4,24.5,51.0,7.63,23.0
JM2605-P-980.DCE,20260122,22.7,,21.1,22.9,19.9,22.1,21.8,455.0,58.26,108.0
JM2605-P-1340.DCE,20260122,253.7,253.7,0.0,0.0,0.0,247.7,247.7,0.0,0.0,1.0
JM2605-P-1320.DCE,20260122,236.6,236.6,0.0,0.0,0.0,230.7,230.7,0.0,0.0,0.0
JM2605-P-1300.DCE,20260122,219.8,219.8,0.0,0.0,0.0,213.9,213.9,0.0,0.0,0.0
JM2605-P-1280.DCE,20260122,203.2,203.2,0.0,0.0,0.0,197.5,197.5,0.0,0.0,181.0
JM2605-P-1260.DCE,20260122,187.1,191.0,0.0,0.0,0.0,181.4,181.4,0.0,0.0,240.0
JM2605-P-1240.DCE,20260122,171.3,166.7,0.0,0.0,0.0,165.7,165.7,0.0,0.0,286.0
JM2605-P-1220.DCE,20260122,155.9,152.2,0.0,0.0,0.0,150.5,150.5,0.0,0.0,266.0
JM2605-P-1200.DCE,20260122,141.0,134.7,137.7,139.5,132.0,132.2,135.7,139.0,113.04,276.0
JM2605-P-1180.DCE,20260122,126.6,123.6,122.8,125.1,118.0,118.3,121.4,115.0,83.78,258.0
JM2605-P-1160.DCE,20260122,112.8,106.6,108.5,111.0,103.0,103.3,107.7,101.0,65.39,477.0
JM2605-P-1140.DCE,20260122,99.6,95.9,94.6,97.8,90.3,92.1,94.7,41.0,22.98,396.0
JM2605-P-1120.DCE,20260122,87.1,81.1,74.4,85.5,74.4,80.5,82.3,289.0,141.88,875.0
JM2605-P-1100.DCE,20260122,75.3,69.6,74.5,74.5,68.0,69.3,70.8,160.0,68.08,440.0
JM2605-P-1080.DCE,20260122,64.3,61.9,61.3,62.0,58.3,59.1,60.0,72.0,25.83,387.0
JM2605-P-1060.DCE,20260122,54.2,49.7,51.1,52.3,48.5,49.7,50.3,140.0,41.75,331.0
JM2605-P-1040.DCE,20260122,44.9,41.6,41.3,44.2,39.6,41.5,41.5,407.0,102.27,978.0
JM2605-P-1020.DCE,20260122,36.5,33.8,26.2,36.4,26.2,33.0,33.9,120.0,24.55,204.0
JM2605-P-1000.DCE,20260122,29.1,26.5,25.2,28.8,25.2,27.7,27.3,243.0,39.45,309.0
JM2605-C-990.DCE,20260122,154.9,,0.0,0.0,0.0,159.1,159.1,0.0,0.0,0.0
JM2605-C-980.DCE,20260122,161.8,,0.0,0.0,0.0,166.4,166.4,0.0,0.0,0.0
JM2605-C-1340.DCE,20260122,33.8,36.0,36.0,37.0,30.0,34.6,33.3,3141.0,623.96,5464.0
JM2605-C-1320.DCE,20260122,36.6,37.7,36.3,38.9,34.2,35.6,36.2,54.0,11.68,326.0
JM2605-C-1300.DCE,20260122,39.7,42.3,43.0,43.6,35.1,40.3,39.4,724.0,170.87,2261.0
JM2605-C-1280.DCE,20260122,43.2,44.3,50.1,50.1,39.7,42.4,42.9,94.0,24.4,169.0
JM2605-C-1260.DCE,20260122,46.9,48.0,48.0,49.9,42.6,47.5,46.8,160.0,45.0,341.0
JM2605-C-1240.DCE,20260122,51.1,53.0,51.8,53.9,46.4,53.0,51.0,250.0,77.28,281.0
JM2605-C-1220.DCE,20260122,55.7,57.2,57.0,58.8,51.0,57.6,55.7,128.0,42.68,298.0
JM2605-C-1200.DCE,20260122,60.7,63.8,63.8,65.9,56.0,63.5,60.9,2320.0,847.53,2723.0
JM2605-C-1180.DCE,20260122,66.3,69.6,67.1,70.9,60.1,70.9,66.5,164.0,65.44,442.0
JM2605-C-1160.DCE,20260122,72.4,75.9,80.0,80.0,66.7,74.6,72.8,255.0,111.02,591.0
JM2605-C-1140.DCE,20260122,79.2,81.1,84.8,84.8,73.8,82.6,79.7,349.0,168.14,349.0
JM2605-C-1120.DCE,20260122,86.6,90.0,91.7,92.4,80.8,91.2,87.3,332.0,174.36,701.0
JM2605-C-1100.DCE,20260122,94.8,98.7,97.3,101.1,94.0,98.2,95.7,118.0,68.27,177.0
JM2605-C-1080.DCE,20260122,103.7,108.2,105.1,109.7,99.0,104.9,104.9,79.0,49.29,280.0
JM2605-C-1060.DCE,20260122,113.5,108.9,115.1,117.2,112.2,114.1,115.1,68.0,47.01,9.0
JM2605-C-1040.DCE,20260122,124.1,129.0,127.0,132.1,120.6,130.4,126.3,73.0,55.53,41.0
JM2605-C-1020.DCE,20260122,135.7,139.0,0.0,0.0,0.0,138.6,138.6,0.0,0.0,4.0
JM2605-C-1000.DCE,20260122,148.3,154.1,155.0,158.0,151.0,158.0,152.0,25.0,23.5,23.0
JM2604-P-990.DCE,20260122,25.6,22.7,24.4,25.0,21.5,22.6,23.0,211.0,28.41,1360.0
JM2604-P-980.DCE,20260122,22.1,20.0,20.2,22.0,18.6,19.7,19.8,151.0,17.93,406.0
JM2604-P-970.DCE,20260122,18.9,16.9,17.3,18.4,16.0,16.3,16.9,103.0,10.54,251.0
JM2604-P-960.DCE,20260122,16.1,15.0,14.7,15.5,13.1,13.9,14.3,384.0,33.24,306.0
JM2604-P-950.DCE,20260122,13.5,,11.8,13.2,11.2,11.2,12.1,78.0,5.55,65.0
JM2604-P-940.DCE,20260122,11.3,,10.2,11.0,9.8,9.8,10.1,172.0,10.89,78.0
JM2604-P-930.DCE,20260122,9.3,,9.5,9.5,7.4,7.8,8.4,168.0,8.26,26.0
JM2604-P-1280.DCE,20260122,235.1,235.1,0.0,0.0,0.0,227.8,227.8,0.0,0.0,0.0
JM2604-P-1260.DCE,20260122,217.1,217.1,0.0,0.0,0.0,210.0,210.0,0.0,0.0,1.0
JM2604-P-1240.DCE,20260122,199.3,199.3,0.0,0.0,0.0,192.3,192.3,0.0,0.0,0.0
JM2604-P-1220.DCE,20260122,181.8,183.5,0.0,0.0,0.0,175.0,175.0,0.0,0.0,108.0
JM2604-P-1200.DCE,20260122,164.7,164.7,0.0,0.0,0.0,158.0,158.0,0.0,0.0,89.0
JM2604-P-1180.DCE,20260122,147.9,140.2,0.0,0.0,0.0,141.5,141.5,0.0,0.0,107.0
JM2604-P-1160.DCE,20260122,131.5,126.4,126.6,128.2,121.6,125.2,125.4,141.0,105.04,125.0
JM2604-P-1140.DCE,20260122,115.7,113.1,110.8,112.8,106.7,108.3,109.9,175.0,113.86,125.0
JM2604-P-1120.DCE,20260122,100.5,94.8,95.7,100.4,91.3,93.0,95.0,136.0,76.45,125.0
JM2604-P-1100.DCE,20260122,86.1,84.1,81.8,84.0,76.6,80.8,80.9,107.0,51.63,218.0
JM2604-P-1080.DCE,20260122,72.5,67.7,68.4,71.1,64.9,64.9,67.7,161.0,64.82,191.0
JM2604-P-1060.DCE,20260122,59.9,54.6,47.7,59.3,47.7,54.5,55.5,134.0,44.53,376.0
JM2604-P-1040.DCE,20260122,48.5,46.3,46.5,48.6,41.5,43.7,44.5,132.0,35.52,289.0
JM2604-P-1020.DCE,20260122,38.3,34.8,37.0,37.5,33.5,34.6,34.9,138.0,29.09,306.0
JM2604-P-1000.DCE,20260122,29.5,26.3,25.2,29.1,24.9,25.8,26.6,1920.0,310.36,1502.0
JM2604-C-990.DCE,20260122,102.5,102.5,114.9,114.9,114.9,114.9,105.9,3.0,2.07,9.0
JM2604-C-980.DCE,20260122,108.9,108.9,0.0,0.0,0.0,112.6,112.6,0.0,0.0,0.0
JM2604-C-970.DCE,20260122,115.7,115.7,0.0,0.0,0.0,119.7,119.7,0.0,0.0,0.0
JM2604-C-960.DCE,20260122,122.8,122.8,0.0,0.0,0.0,127.1,127.1,0.0,0.0,0.0
JM2604-C-950.DCE,20260122,130.3,,0.0,0.0,0.0,134.8,134.8,0.0,0.0,0.0
JM2604-C-940.DCE,20260122,138.1,,0.0,0.0,0.0,142.9,142.9,0.0,0.0,0.0
JM2604-C-930.DCE,20260122,146.1,,167.8,167.8,146.8,146.8,151.1,2.0,1.89,1.0
JM2604-C-1280.DCE,20260122,22.4,24.7,25.5,25.7,18.5,22.4,21.1,11112.0,1396.68,7840.0
JM2604-C-1260.DCE,20260122,24.3,26.0,25.8,25.8,21.2,22.3,23.2,166.0,23.14,249.0
JM2604-C-1240.DCE,20260122,26.6,29.1,28.2,28.3,23.0,26.4,25.6,163.0,25.3,202.0
JM2604-C-1220.DCE,20260122,29.1,30.9,30.8,30.9,25.5,27.3,28.2,154.0,26.19,184.0
JM2604-C-1200.DCE,20260122,31.9,34.9,39.0,39.0,28.6,33.0,31.2,2009.0,383.96,2248.0
JM2604-C-1180.DCE,20260122,35.0,37.7,36.8,39.3,31.3,39.3,34.6,337.0,69.64,237.0
JM2604-C-1160.DCE,20260122,38.7,41.3,41.3,42.5,36.0,39.1,38.5,134.0,32.33,182.0
JM2604-C-1140.DCE,20260122,42.8,46.3,45.7,47.6,39.5,45.1,43.0,477.0,122.5,523.0
JM2604-C-1120.DCE,20260122,47.6,51.1,50.8,52.5,45.1,47.3,48.0,101.0,29.19,266.0
JM2604-C-1100.DCE,20260122,53.1,59.9,60.0,60.0,50.1,54.3,53.9,187.0,61.26,244.0
JM2604-C-1080.DCE,20260122,59.5,66.4,63.3,66.5,55.6,61.1,60.7,362.0,133.81,367.0
JM2604-C-1060.DCE,20260122,66.9,67.7,71.0,71.3,63.9,68.0,68.5,121.0,50.31,133.0
JM2604-C-1040.DCE,20260122,75.4,79.0,79.2,80.8,72.2,78.2,77.5,77.0,35.68,79.0
JM2604-C-1020.DCE,20260122,85.2,90.1,88.5,91.1,81.8,87.3,87.8,74.0,38.57,86.0
JM2604-C-1000.DCE,20260122,96.4,93.4,102.6,104.7,100.0,104.7,99.5,15.0,9.14,15.0
JM2701-P-1600.DCE,20260121,354.7,354.7,0.0,0.0,0.0,374.7,374.7,0.0,0.0,0.0
JM2701-P-1560.DCE,20260121,323.3,323.3,0.0,0.0,0.0,342.3,342.3,0.0,0.0,0.0
JM2701-P-1520.DCE,20260121,292.6,292.6,0.0,0.0,0.0,310.7,310.7,0.0,0.0,0.0
JM2701-P-1480.DCE,20260121,262.7,262.7,0.0,0.0,0.0,279.8,279.8,0.0,0.0,0.0
JM2701-P-1440.DCE,20260121,233.8,233.8,0.0,0.0,0.0,250.0,250.0,0.0,0.0,0.0
JM2701-P-1400.DCE,20260121,205.9,205.9,0.0,0.0,0.0,221.2,221.2,0.0,0.0,0.0
JM2701-P-1360.DCE,20260121,179.3,179.3,0.0,0.0,0.0,193.8,193.8,0.0,0.0,0.0
JM2701-P-1320.DCE,20260121,154.0,154.0,0.0,0.0,0.0,167.9,167.9,0.0,0.0,0.0
JM2701-P-1280.DCE,20260121,130.2,130.2,0.0,0.0,0.0,143.8,143.8,0.0,0.0,0.0
JM2701-P-1240.DCE,20260121,108.3,108.3,0.0,0.0,0.0,121.6,121.6,0.0,0.0,0.0
JM2701-P-1200.DCE,20260121,88.2,,0.0,0.0,0.0,101.6,101.6,0.0,0.0,0.0
JM2701-C-1600.DCE,20260121,148.3,148.3,0.0,0.0,0.0,132.6,132.6,0.0,0.0,0.0
JM2701-C-1560.DCE,20260121,156.5,156.5,0.0,0.0,0.0,139.8,139.8,0.0,0.0,0.0
JM2701-C-1520.DCE,20260121,165.4,165.4,0.0,0.0,0.0,147.8,147.8,0.0,0.0,0.0
JM2701-C-1480.DCE,20260121,175.1,175.1,0.0,0.0,0.0,156.6,156.6,0.0,0.0,0.0
JM2701-C-1440.DCE,20260121,185.8,185.8,0.0,0.0,0.0,166.3,166.3,0.0,0.0,0.0
JM2701-C-1400.DCE,20260121,197.5,197.5,0.0,0.0,0.0,177.2,177.2,0.0,0.0,0.0
JM2701-C-1360.DCE,20260121,210.5,210.5,0.0,0.0,0.0,189.4,189.4,0.0,0.0,0.0
JM2701-C-1320.DCE,20260121,224.8,224.8,0.0,0.0,0.0,203.1,203.1,0.0,0.0,0.0
JM2701-C-1280.DCE,20260121,240.6,240.6,0.0,0.0,0.0,218.5,218.5,0.0,0.0,0.0
JM2701-C-1240.DCE,20260121,258.2,258.2,0.0,0.0,0.0,235.9,235.9,0.0,0.0,0.0
JM2701-C-1200.DCE,20260121,277.8,,0.0,0.0,0.0,255.5,255.5,0.0,0.0,0.0
JM2612-P-1480.DCE,20260121,327.0,327.0,0.0,0.0,0.0,342.1,342.1,0.0,0.0,0.0
JM2612-P-1440.DCE,20260121,295.4,295.4,0.0,0.0,0.0,309.7,309.7,0.0,0.0,0.0
JM2612-P-1400.DCE,20260121,264.6,264.6,0.0,0.0,0.0,278.1,278.1,0.0,0.0,0.0
JM2612-P-1360.DCE,20260121,234.8,234.8,0.0,0.0,0.0,247.4,247.4,0.0,0.0,0.0
JM2612-P-1320.DCE,20260121,206.0,206.0,0.0,0.0,0.0,217.8,217.8,0.0,0.0,0.0
JM2612-P-1280.DCE,20260121,178.5,178.5,0.0,0.0,0.0,189.5,189.5,0.0,0.0,0.0
JM2612-P-1240.DCE,20260121,152.3,152.3,0.0,0.0,0.0,162.8,162.8,0.0,0.0,0.0
JM2612-P-1200.DCE,20260121,127.8,127.8,0.0,0.0,0.0,137.8,137.8,0.0,0.0,1.0
JM2612-P-1160.DCE,20260121,105.0,105.0,0.0,0.0,0.0,114.9,114.9,0.0,0.0,1.0
JM2612-P-1120.DCE,20260121,84.3,84.3,0.0,0.0,0.0,94.4,94.4,0.0,0.0,1.0
JM2612-C-1480.DCE,20260121,124.3,124.3,0.0,0.0,0.0,112.2,112.2,0.0,0.0,1.0
JM2612-C-1440.DCE,20260121,132.4,132.4,0.0,0.0,0.0,119.4,119.4,0.0,0.0,0.0
JM2612-C-1400.DCE,20260121,141.3,141.3,0.0,0.0,0.0,127.5,127.5,0.0,0.0,0.0
JM2612-C-1360.DCE,20260121,151.1,151.1,0.0,0.0,0.0,136.4,136.4,0.0,0.0,1.0
JM2612-C-1320.DCE,20260121,161.9,161.9,0.0,0.0,0.0,146.5,146.5,0.0,0.0,1.0
JM2612-C-1280.DCE,20260121,174.0,174.0,0.0,0.0,0.0,157.8,157.8,0.0,0.0,1.0
JM2612-C-1240.DCE,20260121,187.5,187.5,0.0,0.0,0.0,170.7,170.7,0.0,0.0,1.0
JM2612-C-1200.DCE,20260121,202.5,202.5,0.0,0.0,0.0,185.4,185.4,0.0,0.0,1.0
JM2612-C-1160.DCE,20260121,219.4,219.4,0.0,0.0,0.0,202.1,202.1,0.0,0.0,1.0
JM2612-C-1120.DCE,20260121,238.4,238.4,0.0,0.0,0.0,221.2,221.2,0.0,0.0,1.0
JM2611-P-1480.DCE,20260121,330.3,330.3,0.0,0.0,0.0,343.7,343.7,0.0,0.0,1.0
JM2611-P-1440.DCE,20260121,298.4,298.4,0.0,0.0,0.0,311.0,311.0,0.0,0.0,1.0
JM2611-P-1400.DCE,20260121,267.3,267.3,0.0,0.0,0.0,279.1,279.1,0.0,0.0,1.0
JM2611-P-1360.DCE,20260121,237.1,237.1,0.0,0.0,0.0,248.1,248.1,0.0,0.0,1.0
JM2611-P-1320.DCE,20260121,208.0,208.0,0.0,0.0,0.0,218.3,218.3,0.0,0.0,0.0
JM2611-P-1280.DCE,20260121,180.1,180.1,0.0,0.0,0.0,189.7,189.7,0.0,0.0,0.0
JM2611-P-1240.DCE,20260121,153.6,153.6,0.0,0.0,0.0,162.6,162.6,0.0,0.0,0.0
JM2611-P-1200.DCE,20260121,128.8,128.8,0.0,0.0,0.0,137.3,137.3,0.0,0.0,0.0
JM2611-P-1160.DCE,20260121,105.7,105.7,0.0,0.0,0.0,114.1,114.1,0.0,0.0,0.0
JM2611-P-1120.DCE,20260121,84.7,84.7,0.0,0.0,0.0,93.2,93.2,0.0,0.0,0.0
JM2611-P-1080.DCE,20260121,66.0,,0.0,0.0,0.0,74.8,74.8,0.0,0.0,0.0
JM2611-C-1480.DCE,20260121,111.1,111.1,0.0,0.0,0.0,100.7,100.7,0.0,0.0,1.0
JM2611-C-1440.DCE,20260121,118.9,118.9,0.0,0.0,0.0,107.7,107.7,0.0,0.0,1.0
JM2611-C-1400.DCE,20260121,127.5,127.5,0.0,0.0,0.0,115.5,115.5,0.0,0.0,1.0
JM2611-C-1360.DCE,20260121,137.0,137.0,0.0,0.0,0.0,124.2,124.2,0.0,0.0,0.0
JM2611-C-1320.DCE,20260121,147.5,147.5,0.0,0.0,0.0,134.0,134.0,0.0,0.0,0.0
JM2611-C-1280.DCE,20260121,159.3,159.3,0.0,0.0,0.0,145.1,145.1,0.0,0.0,0.0
JM2611-C-1240.DCE,20260121,172.5,172.5,0.0,0.0,0.0,157.6,157.6,0.0,0.0,0.0
JM2611-C-1200.DCE,20260121,187.2,187.2,0.0,0.0,0.0,172.0,172.0,0.0,0.0,0.0
JM2611-C-1160.DCE,20260121,203.8,203.8,0.0,0.0,0.0,188.5,188.5,0.0,0.0,0.0
JM2611-C-1120.DCE,20260121,222.5,222.5,0.0,0.0,0.0,207.2,207.2,0.0,0.0,1.0
JM2611-C-1080.DCE,20260121,243.5,,0.0,0.0,0.0,228.4,228.4,0.0,0.0,0.0
JM2610-P-1440.DCE,20260121,294.0,294.0,0.0,0.0,0.0,312.7,312.7,0.0,0.0,1.0
JM2610-P-1400.DCE,20260121,262.6,262.6,0.0,0.0,0.0,280.3,280.3,0.0,0.0,1.0
JM2610-P-1360.DCE,20260121,232.3,232.3,0.0,0.0,0.0,248.9,248.9,0.0,0.0,1.0
JM2610-P-1320.DCE,20260121,203.0,203.0,0.0,0.0,0.0,218.5,218.5,0.0,0.0,0.0
JM2610-P-1280.DCE,20260121,175.0,175.0,0.0,0.0,0.0,189.5,189.5,0.0,0.0,0.0
JM2610-P-1240.DCE,20260121,148.5,148.5,0.0,0.0,0.0,161.9,161.9,0.0,0.0,0.0
JM2610-P-1200.DCE,20260121,123.7,123.7,0.0,0.0,0.0,136.1,136.1,0.0,0.0,0.0
JM2610-P-1160.DCE,20260121,100.7,100.7,114.3,116.7,114.3,116.7,112.4,2.0,1.39,1.0
JM2610-P-1120.DCE,20260121,79.9,79.9,93.3,94.1,93.3,94.1,91.0,2.0,1.12,1.0
JM2610-P-1080.DCE,20260121,61.5,61.5,0.0,0.0,0.0,72.2,72.2,0.0,0.0,0.0
JM2610-C-1440.DCE,20260121,102.9,102.9,0.0,0.0,0.0,90.3,90.3,0.0,0.0,1.0
JM2610-C-1400.DCE,20260121,111.3,111.3,0.0,0.0,0.0,97.7,97.7,0.0,0.0,1.0
JM2610-C-1360.DCE,20260121,120.6,120.6,0.0,0.0,0.0,106.0,106.0,0.0,0.0,0.0
JM2610-C-1320.DCE,20260121,131.1,131.1,0.0,0.0,0.0,115.3,115.3,0.0,0.0,0.0
JM2610-C-1280.DCE,20260121,142.8,142.8,0.0,0.0,0.0,126.0,126.0,0.0,0.0,0.0
JM2610-C-1240.DCE,20260121,156.0,156.0,0.0,0.0,0.0,138.1,138.1,0.0,0.0,0.0
JM2610-C-1200.DCE,20260121,170.8,170.8,0.0,0.0,0.0,152.0,152.0,0.0,0.0,0.0
JM2610-C-1160.DCE,20260121,187.5,187.5,0.0,0.0,0.0,168.0,168.0,0.0,0.0,0.0
JM2610-C-1120.DCE,20260121,206.4,206.4,0.0,0.0,0.0,186.3,186.3,0.0,0.0,1.0
JM2610-C-1080.DCE,20260121,227.8,227.8,0.0,0.0,0.0,207.2,207.2,0.0,0.0,0.0
JM2609-P-1440.DCE,20260121,297.8,301.0,0.0,0.0,0.0,319.1,319.1,0.0,0.0,1.0
JM2609-P-1400.DCE,20260121,266.0,268.9,0.0,0.0,0.0,286.2,286.2,0.0,0.0,1.0
JM2609-P-1360.DCE,20260121,235.1,237.8,0.0,0.0,0.0,254.1,254.1,0.0,0.0,2.0
JM2609-P-1320.DCE,20260121,205.3,207.3,0.0,0.0,0.0,223.1,223.1,0.0,0.0,2.0
JM2609-P-1280.DCE,20260121,176.8,179.2,195.5,195.5,195.1,195.1,193.4,3.0,3.5,2.0
JM2609-P-1240.DCE,20260121,149.8,152.3,167.7,167.7,166.7,166.7,165.1,3.0,3.0,2.0
JM2609-P-1200.DCE,20260121,124.4,126.0,141.7,141.7,141.7,141.7,138.5,1.0,0.85,3.0
JM2609-P-1160.DCE,20260121,101.0,104.1,117.9,117.9,110.4,110.4,114.0,5.0,3.44,6.0
JM2609-P-1120.DCE,20260121,79.8,79.8,95.7,95.7,90.2,90.2,91.9,2.0,1.12,22.0
JM2609-P-1080.DCE,20260121,61.1,61.1,68.0,75.7,68.0,75.7,72.3,3.0,1.3,17.0
JM2609-C-1440.DCE,20260121,86.7,83.5,79.0,79.0,69.0,76.0,74.7,10.0,4.39,14.0
JM2609-C-1400.DCE,20260121,94.6,90.0,0.0,0.0,0.0,81.5,81.5,0.0,0.0,60.0
JM2609-C-1360.DCE,20260121,103.4,95.0,96.8,96.8,96.8,96.8,89.2,1.0,0.58,25.0
JM2609-C-1320.DCE,20260121,113.4,108.2,88.1,93.7,88.1,93.7,98.0,4.0,2.21,4.0
JM2609-C-1280.DCE,20260121,124.6,119.1,113.2,113.2,104.0,113.1,107.9,19.0,12.48,21.0
JM2609-C-1240.DCE,20260121,137.3,131.5,115.7,115.7,115.7,115.7,119.4,2.0,1.41,2.0
JM2609-C-1200.DCE,20260121,151.7,145.5,128.9,128.9,128.9,128.9,132.6,1.0,0.77,2.0
JM2609-C-1160.DCE,20260121,168.1,168.1,144.0,144.0,144.0,144.0,147.8,1.0,0.86,1.0
JM2609-C-1120.DCE,20260121,186.6,186.6,0.0,0.0,0.0,165.4,165.4,0.0,0.0,0.0
JM2609-C-1080.DCE,20260121,207.6,207.6,0.0,0.0,0.0,185.6,185.6,0.0,0.0,0.0
JM2608-P-1400.DCE,20260121,268.9,268.9,0.0,0.0,0.0,289.8,289.8,0.0,0.0,1.0
JM2608-P-1360.DCE,20260121,237.3,237.3,0.0,0.0,0.0,257.1,257.1,0.0,0.0,1.0
JM2608-P-1320.DCE,20260121,206.9,206.9,0.0,0.0,0.0,225.4,225.4,0.0,0.0,1.0
JM2608-P-1280.DCE,20260121,177.7,177.7,0.0,0.0,0.0,194.9,194.9,0.0,0.0,1.0
JM2608-P-1240.DCE,20260121,150.1,150.1,0.0,0.0,0.0,165.9,165.9,0.0,0.0,1.0
JM2608-P-1200.DCE,20260121,124.2,124.2,0.0,0.0,0.0,138.6,138.6,0.0,0.0,1.0
JM2608-P-1160.DCE,20260121,100.3,100.3,0.0,0.0,0.0,113.4,113.4,0.0,0.0,1.0
JM2608-P-1120.DCE,20260121,78.7,78.7,0.0,0.0,0.0,90.6,90.6,0.0,0.0,0.0
JM2608-P-1080.DCE,20260121,59.6,59.6,0.0,0.0,0.0,70.5,70.5,0.0,0.0,0.0
JM2608-P-1040.DCE,20260121,43.4,,0.0,0.0,0.0,53.3,53.3,0.0,0.0,0.0
JM2608-C-1400.DCE,20260121,76.0,76.0,0.0,0.0,0.0,64.6,64.6,0.0,0.0,1.0
JM2608-C-1360.DCE,20260121,84.2,84.2,0.0,0.0,0.0,71.6,71.6,0.0,0.0,1.0
JM2608-C-1320.DCE,20260121,93.5,93.5,0.0,0.0,0.0,79.7,79.7,0.0,0.0,1.0
JM2608-C-1280.DCE,20260121,104.1,104.1,0.0,0.0,0.0,89.0,89.0,0.0,0.0,1.0
JM2608-C-1240.DCE,20260121,116.3,116.3,0.0,0.0,0.0,99.8,99.8,0.0,0.0,1.0
JM2608-C-1200.DCE,20260121,130.2,130.2,0.0,0.0,0.0,112.3,112.3,0.0,0.0,0.0
JM2608-C-1160.DCE,20260121,146.0,146.0,0.0,0.0,0.0,126.8,126.8,0.0,0.0,0.0
JM2608-C-1120.DCE,20260121,164.2,164.2,0.0,0.0,0.0,143.8,143.8,0.0,0.0,0.0
JM2608-C-1080.DCE,20260121,184.9,184.9,0.0,0.0,0.0,163.5,163.5,0.0,0.0,0.0
JM2608-C-1040.DCE,20260121,208.4,,0.0,0.0,0.0,186.0,186.0,0.0,0.0,0.0
JM2607-P-1400.DCE,20260121,281.9,281.9,0.0,0.0,0.0,302.6,302.6,0.0,0.0,3.0
JM2607-P-1360.DCE,20260121,249.0,249.0,0.0,0.0,0.0,269.1,269.1,0.0,0.0,3.0
JM2607-P-1320.DCE,20260121,217.1,217.1,0.0,0.0,0.0,236.4,236.4,0.0,0.0,3.0
JM2607-P-1280.DCE,20260121,186.6,186.6,0.0,0.0,0.0,204.9,204.9,0.0,0.0,4.0
JM2607-P-1240.DCE,20260121,157.5,157.5,0.0,0.0,0.0,174.7,174.7,0.0,0.0,4.0
JM2607-P-1200.DCE,20260121,130.3,130.3,0.0,0.0,0.0,146.1,146.1,0.0,0.0,4.0
JM2607-P-1160.DCE,20260121,105.1,105.1,0.0,0.0,0.0,119.3,119.3,0.0,0.0,2.0
JM2607-P-1120.DCE,20260121,82.5,82.5,0.0,0.0,0.0,94.6,94.6,0.0,0.0,2.0
JM2607-P-1080.DCE,20260121,62.7,62.7,0.0,0.0,0.0,72.5,72.5,0.0,0.0,2.0
JM2607-P-1040.DCE,20260121,46.0,46.0,0.0,0.0,0.0,53.1,53.1,0.0,0.0,1.0
JM2607-C-1400.DCE,20260121,66.8,66.8,0.0,0.0,0.0,59.2,59.2,0.0,0.0,3.0
JM2607-C-1360.DCE,20260121,73.8,73.8,0.0,0.0,0.0,65.5,65.5,0.0,0.0,3.0
JM2607-C-1320.DCE,20260121,81.8,81.8,0.0,0.0,0.0,72.7,72.7,0.0,0.0,1.0
JM2607-C-1280.DCE,20260121,91.0,91.0,0.0,0.0,0.0,81.0,81.0,0.0,0.0,1.0
JM2607-C-1240.DCE,20260121,101.8,101.8,0.0,0.0,0.0,90.6,90.6,0.0,0.0,0.0
JM2607-C-1200.DCE,20260121,114.3,114.3,0.0,0.0,0.0,101.8,101.8,0.0,0.0,0.0
JM2607-C-1160.DCE,20260121,129.0,129.0,0.0,0.0,0.0,114.8,114.8,0.0,0.0,0.0
JM2607-C-1120.DCE,20260121,146.2,146.2,0.0,0.0,0.0,129.9,129.9,0.0,0.0,0.0
JM2607-C-1080.DCE,20260121,166.2,166.2,0.0,0.0,0.0,147.6,147.6,0.0,0.0,0.0
JM2607-C-1040.DCE,20260121,189.3,189.3,0.0,0.0,0.0,168.0,168.0,0.0,0.0,0.0
JM2606-P-1360.DCE,20260121,250.8,250.8,0.0,0.0,0.0,274.4,274.4,0.0,0.0,0.0
JM2606-P-1340.DCE,20260121,234.4,234.4,0.0,0.0,0.0,257.6,257.6,0.0,0.0,0.0
JM2606-P-1320.DCE,20260121,218.2,218.2,0.0,0.0,0.0,241.0,241.0,0.0,0.0,0.0
JM2606-P-1300.DCE,20260121,202.4,202.4,0.0,0.0,0.0,224.6,224.6,0.0,0.0,0.0
JM2606-P-1280.DCE,20260121,187.0,187.0,0.0,0.0,0.0,208.6,208.6,0.0,0.0,0.0
JM2606-P-1260.DCE,20260121,171.9,171.9,0.0,0.0,0.0,192.9,192.9,0.0,0.0,0.0
JM2606-P-1240.DCE,20260121,157.2,157.2,0.0,0.0,0.0,177.6,177.6,0.0,0.0,0.0
JM2606-P-1220.DCE,20260121,143.0,143.0,0.0,0.0,0.0,162.6,162.6,0.0,0.0,0.0
JM2606-P-1200.DCE,20260121,129.3,129.3,0.0,0.0,0.0,148.1,148.1,0.0,0.0,0.0
JM2606-P-1180.DCE,20260121,116.2,116.2,0.0,0.0,0.0,134.0,134.0,0.0,0.0,0.0
JM2606-P-1160.DCE,20260121,103.6,103.6,0.0,0.0,0.0,120.5,120.5,0.0,0.0,0.0
JM2606-P-1140.DCE,20260121,91.7,91.7,0.0,0.0,0.0,107.5,107.5,0.0,0.0,0.0
JM2606-P-1120.DCE,20260121,80.4,80.4,0.0,0.0,0.0,95.1,95.1,0.0,0.0,0.0
JM2606-P-1100.DCE,20260121,69.9,69.9,0.0,0.0,0.0,83.3,83.3,0.0,0.0,0.0
JM2606-P-1080.DCE,20260121,60.2,60.2,0.0,0.0,0.0,72.3,72.3,0.0,0.0,0.0
JM2606-P-1060.DCE,20260121,51.3,51.3,0.0,0.0,0.0,62.0,62.0,0.0,0.0,0.0
JM2606-P-1040.DCE,20260121,43.3,43.3,0.0,0.0,0.0,52.4,52.4,0.0,0.0,0.0
JM2606-P-1020.DCE,20260121,36.1,,0.0,0.0,0.0,43.7,43.7,0.0,0.0,0.0
JM2606-C-1360.DCE,20260121,57.5,57.5,0.0,0.0,0.0,49.2,49.2,0.0,0.0,1.0
JM2606-C-1340.DCE,20260121,61.0,61.0,0.0,0.0,0.0,52.3,52.3,0.0,0.0,1.0
JM2606-C-1320.DCE,20260121,64.8,64.8,0.0,0.0,0.0,55.6,55.6,0.0,0.0,0.0
JM2606-C-1300.DCE,20260121,68.9,68.9,161.8,161.8,58.6,59.2,59.2,12.0,6.91,12.0
JM2606-C-1280.DCE,20260121,73.4,73.4,0.0,0.0,0.0,63.1,63.1,0.0,0.0,0.0
JM2606-C-1260.DCE,20260121,78.2,78.2,0.0,0.0,0.0,67.4,67.4,0.0,0.0,0.0
JM2606-C-1240.DCE,20260121,83.5,83.5,0.0,0.0,0.0,71.9,71.9,0.0,0.0,0.0
JM2606-C-1220.DCE,20260121,89.2,89.2,0.0,0.0,0.0,76.9,76.9,0.0,0.0,0.0
JM2606-C-1200.DCE,20260121,95.4,95.4,0.0,0.0,0.0,82.3,82.3,0.0,0.0,0.0
JM2606-C-1180.DCE,20260121,102.2,102.2,0.0,0.0,0.0,88.2,88.2,0.0,0.0,0.0
JM2606-C-1160.DCE,20260121,109.6,109.6,0.0,0.0,0.0,94.6,94.6,0.0,0.0,0.0
JM2606-C-1140.DCE,20260121,117.5,117.5,0.0,0.0,0.0,101.5,101.5,0.0,0.0,0.0
JM2606-C-1120.DCE,20260121,126.2,126.2,0.0,0.0,0.0,109.0,109.0,0.0,0.0,0.0
JM2606-C-1100.DCE,20260121,135.7,135.7,0.0,0.0,0.0,117.2,117.2,0.0,0.0,0.0
JM2606-C-1080.DCE,20260121,145.9,145.9,0.0,0.0,0.0,126.0,126.0,0.0,0.0,0.0
JM2606-C-1060.DCE,20260121,156.9,156.9,0.0,0.0,0.0,135.7,135.7,0.0,0.0,0.0
JM2606-C-1040.DCE,20260121,168.8,168.8,0.0,0.0,0.0,146.0,146.0,0.0,0.0,0.0
JM2606-C-1020.DCE,20260121,181.5,,0.0,0.0,0.0,157.2,157.2,0.0,0.0,0.0
JM2605-P-1340.DCE,20260121,230.3,230.3,0.0,0.0,0.0,253.7,253.7,0.0,0.0,1.0
JM2605-P-1320.DCE,20260121,213.7,213.7,0.0,0.0,0.0,236.6,236.6,0.0,0.0,0.0
JM2605-P-1300.DCE,20260121,197.4,197.4,0.0,0.0,0.0,219.8,219.8,0.0,0.0,0.0
JM2605-P-1280.DCE,20260121,181.5,179.9,0.0,0.0,0.0,203.2,203.2,0.0,0.0,181.0
JM2605-P-1260.DCE,20260121,165.9,179.8,185.9,191.0,185.9,191.0,187.1,11.0,12.3,240.0
JM2605-P-1240.DCE,20260121,150.9,165.8,169.9,174.6,164.6,166.7,171.3,247.0,253.75,286.0
JM2605-P-1220.DCE,20260121,136.3,148.0,154.3,158.8,149.7,152.2,155.9,182.0,170.63,266.0
JM2605-P-1200.DCE,20260121,122.3,131.4,138.0,145.6,134.3,134.7,141.0,306.0,259.47,293.0
JM2605-P-1180.DCE,20260121,108.8,120.2,125.0,131.8,121.1,123.6,126.6,392.0,297.86,265.0
JM2605-P-1160.DCE,20260121,96.0,107.0,112.5,117.0,106.6,106.6,112.8,482.0,326.56,483.0
JM2605-P-1140.DCE,20260121,83.9,96.2,96.0,102.5,93.8,95.9,99.6,371.0,222.65,393.0
JM2605-P-1120.DCE,20260121,72.6,82.0,88.0,92.0,80.3,81.1,87.1,674.0,352.64,842.0
JM2605-P-1100.DCE,20260121,62.1,70.8,70.0,83.4,68.5,69.6,75.3,529.0,240.65,460.0
JM2605-P-1080.DCE,20260121,52.5,59.5,65.4,67.2,58.4,61.9,64.3,216.0,83.85,389.0
JM2605-P-1060.DCE,20260121,43.8,50.1,54.0,58.8,49.2,49.7,54.2,379.0,123.23,292.0
JM2605-P-1040.DCE,20260121,36.0,42.0,42.7,48.6,40.7,41.6,44.9,1145.0,307.76,922.0
JM2605-P-1020.DCE,20260121,29.2,34.6,35.4,40.0,33.0,33.8,36.5,473.0,103.66,196.0
JM2605-P-1000.DCE,20260121,23.3,,28.6,32.8,25.8,26.5,29.1,747.0,129.81,315.0
JM2605-C-1340.DCE,20260121,40.8,37.2,37.4,37.4,30.9,36.0,33.8,3993.0,812.66,5356.0
JM2605-C-1320.DCE,20260121,44.1,39.5,38.0,39.2,34.3,37.7,36.6,243.0,53.17,302.0
JM2605-C-1300.DCE,20260121,47.8,41.8,45.5,45.5,36.4,42.3,39.7,1445.0,346.69,2280.0
JM2605-C-1280.DCE,20260121,51.8,45.8,43.0,46.8,40.2,44.3,43.2,205.0,53.24,170.0
JM2605-C-1260.DCE,20260121,56.2,49.0,50.0,50.0,43.2,48.0,46.9,229.0,64.72,325.0
JM2605-C-1240.DCE,20260121,61.1,53.4,56.8,56.8,47.3,53.0,51.1,141.0,42.45,182.0
JM2605-C-1220.DCE,20260121,66.5,58.0,56.0,58.5,50.8,57.2,55.7,101.0,33.83,266.0
JM2605-C-1200.DCE,20260121,72.4,63.0,66.0,66.0,56.0,63.8,60.7,2263.0,824.43,2483.0
JM2605-C-1180.DCE,20260121,78.9,69.9,66.0,70.5,61.4,69.6,66.3,199.0,78.08,408.0
JM2605-C-1160.DCE,20260121,86.0,74.4,74.3,76.3,67.4,75.9,72.4,242.0,104.5,483.0
JM2605-C-1140.DCE,20260121,93.9,83.0,80.6,84.0,73.8,81.1,79.2,288.0,134.51,251.0
JM2605-C-1120.DCE,20260121,102.5,89.6,90.0,97.0,80.5,90.0,86.6,971.0,509.48,650.0
JM2605-C-1100.DCE,20260121,112.0,98.2,96.4,100.8,89.6,98.7,94.8,237.0,134.9,166.0
JM2605-C-1080.DCE,20260121,122.3,116.5,105.4,108.8,99.7,108.2,103.7,236.0,147.65,276.0
JM2605-C-1060.DCE,20260121,133.5,133.5,102.8,108.9,102.8,108.9,113.5,10.0,6.35,12.0
JM2605-C-1040.DCE,20260121,145.7,146.0,146.0,146.0,125.2,129.0,124.1,7.0,5.4,15.0
JM2605-C-1020.DCE,20260121,158.8,169.0,140.1,140.1,139.0,139.0,135.7,3.0,2.51,4.0
JM2605-C-1000.DCE,20260121,172.8,,157.9,160.0,147.4,154.1,148.3,36.0,32.74,36.0
JM2604-P-990.DCE,20260121,20.0,23.9,28.9,30.8,21.8,22.7,25.6,613.0,97.38,1338.0
JM2604-P-980.DCE,20260121,17.3,24.0,24.4,26.5,18.9,20.0,22.1,416.0,53.23,381.0
JM2604-P-970.DCE,20260121,14.9,,21.3,22.5,16.0,16.9,18.9,300.0,32.05,242.0
JM2604-P-960.DCE,20260121,12.8,,16.8,19.6,13.5,15.0,16.1,380.0,38.15,205.0
JM2604-P-1280.DCE,20260121,212.3,209.2,0.0,0.0,0.0,235.1,235.1,0.0,0.0,0.0
JM2604-P-1260.DCE,20260121,194.6,194.6,0.0,0.0,0.0,217.1,217.1,0.0,0.0,1.0
JM2604-P-1240.DCE,20260121,177.3,177.3,0.0,0.0,0.0,199.3,199.3,0.0,0.0,0.0
JM2604-P-1220.DCE,20260121,160.3,159.3,183.5,183.5,183.5,183.5,181.8,3.0,3.3,108.0
JM2604-P-1200.DCE,20260121,143.7,159.9,0.0,0.0,0.0,164.7,164.7,0.0,0.0,89.0
JM2604-P-1180.DCE,20260121,127.7,145.1,151.1,153.7,140.2,140.2,147.9,79.0,70.91,107.0
JM2604-P-1160.DCE,20260121,112.2,118.9,134.7,137.4,124.6,126.4,131.5,112.0,87.69,134.0
JM2604-P-1140.DCE,20260121,97.4,111.1,119.1,121.8,108.8,113.1,115.7,67.0,45.88,123.0
JM2604-P-1120.DCE,20260121,83.4,80.4,102.5,105.1,94.8,94.8,100.5,50.0,30.12,123.0
JM2604-P-1100.DCE,20260121,70.4,82.8,78.5,92.6,78.5,84.1,86.1,121.0,62.66,241.0
JM2604-P-1080.DCE,20260121,58.4,68.4,76.2,78.0,66.3,67.7,72.5,87.0,38.04,185.0
JM2604-P-1060.DCE,20260121,47.7,56.6,64.7,66.5,54.2,54.6,59.9,282.0,100.04,371.0
JM2604-P-1040.DCE,20260121,38.1,45.7,50.0,54.7,43.5,46.3,48.5,149.0,45.12,256.0
JM2604-P-1020.DCE,20260121,29.9,36.4,40.3,45.6,33.7,34.8,38.3,136.0,31.41,233.0
JM2604-P-1000.DCE,20260121,23.0,29.7,29.5,35.3,25.3,26.3,29.5,4152.0,760.39,1618.0
JM2604-C-990.DCE,20260121,126.8,126.8,0.0,0.0,0.0,102.5,102.5,0.0,0.0,6.0
JM2604-C-980.DCE,20260121,134.1,134.1,0.0,0.0,0.0,108.9,108.9,0.0,0.0,0.0
JM2604-C-970.DCE,20260121,141.7,,0.0,0.0,0.0,115.7,115.7,0.0,0.0,0.0
JM2604-C-960.DCE,20260121,149.5,,0.0,0.0,0.0,122.8,122.8,0.0,0.0,0.0
JM2604-C-1280.DCE,20260121,29.6,25.1,25.5,25.5,19.3,24.7,22.4,7206.0,967.87,6126.0
JM2604-C-1260.DCE,20260121,31.9,28.3,29.7,29.7,21.7,26.0,24.3,551.0,80.36,232.0
JM2604-C-1240.DCE,20260121,34.5,29.0,28.0,29.3,24.1,29.1,26.6,281.0,44.41,193.0
JM2604-C-1220.DCE,20260121,37.5,32.4,29.8,31.6,26.5,30.9,29.1,302.0,52.7,187.0
JM2604-C-1200.DCE,20260121,40.9,36.0,35.0,36.0,28.5,34.9,31.9,2998.0,587.42,1976.0
JM2604-C-1180.DCE,20260121,44.8,40.0,35.0,38.2,32.2,37.7,35.0,390.0,82.89,236.0
JM2604-C-1160.DCE,20260121,49.3,42.6,39.1,41.9,36.7,41.3,38.7,282.0,65.34,170.0
JM2604-C-1140.DCE,20260121,54.4,47.1,42.8,47.5,39.4,46.3,42.8,397.0,101.62,409.0
JM2604-C-1120.DCE,20260121,60.4,50.3,45.6,54.5,41.8,51.1,47.6,273.0,77.94,219.0
JM2604-C-1100.DCE,20260121,67.4,56.6,53.9,59.9,50.0,59.9,53.1,303.0,96.8,200.0
JM2604-C-1080.DCE,20260121,75.4,63.0,60.2,66.4,55.1,66.4,59.5,620.0,220.45,286.0
JM2604-C-1060.DCE,20260121,84.6,71.6,66.5,72.6,62.0,67.7,66.9,267.0,106.57,135.0
JM2604-C-1040.DCE,20260121,95.0,88.5,75.6,81.3,71.0,79.0,75.4,122.0,54.76,82.0
JM2604-C-1020.DCE,20260121,106.8,106.8,87.0,91.5,81.0,90.1,85.2,100.0,50.34,78.0
JM2604-C-1000.DCE,20260121,119.8,113.1,95.0,108.2,87.2,93.4,96.4,12.0,6.85,16.0
